file,file_size_bytes,is_binary,encoding,encoding_confidence,line_ending,line_count,extension,mime_type,has_bom,last_modified
Open3D/.clang-format,178,False,ascii,1.0,LF,9,,,False,2026-06-12T15:44:00.325886+00:00
Open3D/.codacy.yml,36,False,ascii,1.0,LF,3,.yml,application/yaml,False,2026-06-12T15:44:00.325886+00:00
Open3D/.dockerignore,110,False,ascii,1.0,LF,10,,,False,2026-06-12T15:44:00.325886+00:00
Open3D/.gitattributes,40,False,ascii,1.0,LF,1,,,False,2026-06-12T15:44:00.325886+00:00
Open3D/.gitignore,1795,False,ascii,1.0,LF,93,,,False,2026-06-12T15:44:00.325886+00:00
Open3D/.style.yapf,32,False,ascii,1.0,LF,2,.yapf,,False,2026-06-12T15:44:00.325886+00:00
Open3D/AGENTS.md,4718,False,ascii,1.0,LF,92,.md,text/markdown,False,2026-06-12T15:44:00.363277+00:00
Open3D/CHANGELOG.md,8855,False,utf-8,0.8022,LF,126,.md,text/markdown,False,2026-06-12T15:44:00.363277+00:00
Open3D/CMakeLists.txt,28813,False,ascii,1.0,LF,616,.txt,text/plain,False,2026-06-12T15:44:00.363277+00:00
Open3D/LICENSE,1139,False,ascii,1.0,LF,24,,,False,2026-06-12T15:44:00.363277+00:00
Open3D/README.md,6279,False,ascii,1.0,LF,143,.md,text/markdown,False,2026-06-12T15:44:00.363277+00:00
Open3D/SECURITY.md,405,False,ascii,1.0,LF,5,.md,text/markdown,False,2026-06-12T15:44:00.363277+00:00
Open3D/.github/config.yml,404,False,ascii,1.0,LF,11,.yml,application/yaml,False,2026-06-12T15:44:00.325886+00:00
Open3D/.github/copilot-instructions.md,4718,False,ascii,1.0,LF,92,.md,text/markdown,False,2026-06-12T15:44:00.363277+00:00
Open3D/.github/pull_request_template.md,1483,False,ascii,1.0,LF,34,.md,text/markdown,False,2026-06-12T15:44:00.325886+00:00
Open3D/.github/ISSUE_TEMPLATE/0-build-issue-report.yml,3468,False,ascii,1.0,LF,105,.yml,application/yaml,False,2026-06-12T15:44:00.325886+00:00
Open3D/.github/ISSUE_TEMPLATE/1-bug-report.yml,5278,False,ascii,1.0,LF,142,.yml,application/yaml,False,2026-06-12T15:44:00.325886+00:00
Open3D/.github/ISSUE_TEMPLATE/2-questions.yml,1079,False,ascii,1.0,LF,26,.yml,application/yaml,False,2026-06-12T15:44:00.325886+00:00
Open3D/.github/ISSUE_TEMPLATE/3-feature-request.yml,1438,False,ascii,1.0,LF,35,.yml,application/yaml,False,2026-06-12T15:44:00.325886+00:00
Open3D/.github/ISSUE_TEMPLATE/config.yml,315,False,ascii,1.0,LF,7,.yml,application/yaml,False,2026-06-12T15:44:00.325886+00:00
Open3D/.github/workflows/README.md,7765,False,ascii,1.0,LF,194,.md,text/markdown,False,2026-06-12T15:44:00.325886+00:00
Open3D/.github/workflows/clean-gcloud-profiles.yml,1842,False,ascii,1.0,LF,52,.yml,application/yaml,False,2026-06-12T15:44:00.325886+00:00
Open3D/.github/workflows/documentation.yml,2127,False,ascii,1.0,LF,65,.yml,application/yaml,False,2026-06-12T15:44:00.325886+00:00
Open3D/.github/workflows/gcs.lifecycle.json,216,False,ascii,1.0,LF,16,.json,application/json,False,2026-06-12T15:44:00.325886+00:00
Open3D/.github/workflows/macos.yml,9609,False,ascii,1.0,LF,279,.yml,application/yaml,False,2026-06-12T15:44:00.325886+00:00
Open3D/.github/workflows/style.yml,789,False,ascii,1.0,LF,33,.yml,application/yaml,False,2026-06-12T15:44:00.325886+00:00
Open3D/.github/workflows/ubuntu-cuda.yml,6892,False,ascii,1.0,LF,189,.yml,application/yaml,False,2026-06-12T15:44:00.325886+00:00
Open3D/.github/workflows/ubuntu-openblas.yml,2907,False,utf-8,0.8059,LF,98,.yml,application/yaml,False,2026-06-12T15:44:00.325886+00:00
Open3D/.github/workflows/ubuntu-sycl.yml,2721,False,ascii,1.0,LF,88,.yml,application/yaml,False,2026-06-12T15:44:00.325886+00:00
Open3D/.github/workflows/ubuntu-wheel.yml,7522,False,ascii,1.0,LF,194,.yml,application/yaml,False,2026-06-12T15:44:00.325886+00:00
Open3D/.github/workflows/ubuntu.yml,3689,False,ascii,1.0,LF,88,.yml,application/yaml,False,2026-06-12T15:44:00.325886+00:00
Open3D/.github/workflows/update_release.sh,1135,False,ascii,1.0,LF,27,.sh,text/x-sh,False,2026-06-12T15:44:00.325886+00:00
Open3D/.github/workflows/vtk_packages.yml,3258,False,ascii,1.0,LF,116,.yml,application/yaml,False,2026-06-12T15:44:00.325886+00:00
Open3D/.github/workflows/webrtc.yml,5620,False,ascii,1.0,LF,175,.yml,application/yaml,False,2026-06-12T15:44:00.325886+00:00
Open3D/.github/workflows/windows.yml,18193,False,ascii,1.0,LF,451,.yml,application/yaml,False,2026-06-12T15:44:00.325886+00:00
Open3D/3rdparty/README.md,9699,False,ascii,1.0,LF,192,.md,text/markdown,False,2026-06-12T15:44:00.325886+00:00
Open3D/3rdparty/README_SYCL.md,4560,False,ascii,1.0,LF,117,.md,text/markdown,False,2026-06-12T15:44:00.325886+00:00
Open3D/3rdparty/find_dependencies.cmake,80398,False,ascii,1.0,LF,1693,.cmake,,False,2026-06-12T15:44:00.334195+00:00
Open3D/3rdparty/assimp/0001-fix-usd-AddProperty-aiString-pointer.patch,444,False,ascii,1.0,LF,11,.patch,text/x-diff,False,2026-06-12T15:44:00.325886+00:00
Open3D/3rdparty/assimp/0002-fix-usd-embedded-texture-mwidth-bytes.patch,843,False,utf-7,0.95,LF,13,.patch,text/x-diff,False,2026-06-12T15:44:00.325886+00:00
Open3D/3rdparty/assimp/0003-fix-draco-cmake-intelllvm-cxx-flags.patch,1477,False,ascii,1.0,LF,39,.patch,text/x-diff,False,2026-06-12T15:44:00.325886+00:00
Open3D/3rdparty/assimp/LICENSE,3791,False,ascii,1.0,LF,78,,,False,2026-06-12T15:44:00.325886+00:00
Open3D/3rdparty/assimp/assimp.cmake,3379,False,ascii,1.0,LF,78,.cmake,,False,2026-06-12T15:44:00.325886+00:00
Open3D/3rdparty/azure_kinect/LICENSE,1094,False,ascii,1.0,LF,21,,,False,2026-06-12T15:44:00.330040+00:00
Open3D/3rdparty/azure_kinect/azure_kinect.cmake,2204,False,ascii,1.0,LF,59,.cmake,,False,2026-06-12T15:44:00.330040+00:00
Open3D/3rdparty/benchmark/LICENSE,11358,False,ascii,1.0,LF,202,,,False,2026-06-12T15:44:00.330040+00:00
Open3D/3rdparty/benchmark/benchmark.cmake,435,False,ascii,1.0,LF,12,.cmake,,False,2026-06-12T15:44:00.330040+00:00
Open3D/3rdparty/benchmark/MakeAvailable/CMakeLists.txt,1226,False,ascii,1.0,LF,31,.txt,text/plain,False,2026-06-12T15:44:00.330040+00:00
Open3D/3rdparty/boringssl/LICENSE,12517,False,ascii,1.0,LF,251,,,False,2026-06-12T15:44:00.330040+00:00
Open3D/3rdparty/boringssl/boringssl.cmake,3285,False,ascii,1.0,LF,70,.cmake,,False,2026-06-12T15:44:00.330040+00:00
Open3D/3rdparty/boringssl/build_boringssl.ps1,2494,False,ascii,1.0,LF,62,.ps1,,False,2026-06-12T15:44:00.330040+00:00
Open3D/3rdparty/boringssl/build_boringssl.sh,1726,False,ascii,1.0,LF,60,.sh,text/x-sh,False,2026-06-12T15:44:00.330040+00:00
Open3D/3rdparty/civetweb/LICENSE,10022,False,utf-8,0.8006,LF,248,,,False,2026-06-12T15:44:00.330040+00:00
Open3D/3rdparty/civetweb/civetweb.cmake,1449,False,ascii,1.0,LF,32,.cmake,,False,2026-06-12T15:44:00.330040+00:00
Open3D/3rdparty/clang-format/clang-foramt@10.rb,4162,False,ascii,1.0,LF,100,.rb,application/x-ruby,False,2026-06-12T15:44:00.330040+00:00
Open3D/3rdparty/clang-format/clang-format@5.rb,3980,False,ascii,1.0,LF,101,.rb,application/x-ruby,False,2026-06-12T15:44:00.330040+00:00
Open3D/3rdparty/cmake/FindImGui.cmake,674,False,ascii,1.0,LF,19,.cmake,,False,2026-06-12T15:44:00.330040+00:00
Open3D/3rdparty/cmake/FindLAPACKE.cmake,16224,False,ascii,1.0,LF,421,.cmake,,False,2026-06-12T15:44:00.330040+00:00
Open3D/3rdparty/cmake/FindOSMesa.cmake,1281,False,ascii,1.0,LF,46,.cmake,,False,2026-06-12T15:44:00.330040+00:00
Open3D/3rdparty/cmake/FindPytorch.cmake,7959,False,ascii,1.0,LF,170,.cmake,,False,2026-06-12T15:44:00.330040+00:00
Open3D/3rdparty/cmake/FindTBB.cmake,667,False,ascii,1.0,LF,21,.cmake,,False,2026-06-12T15:44:00.330040+00:00
Open3D/3rdparty/cmake/FindTensorflow.cmake,3141,False,ascii,1.0,LF,81,.cmake,,False,2026-06-12T15:44:00.330040+00:00
Open3D/3rdparty/cub/LICENSE,1578,False,ascii,1.0,LF,24,,,False,2026-06-12T15:44:00.330040+00:00
Open3D/3rdparty/cub/cub.cmake,485,False,ascii,1.0,LF,16,.cmake,,False,2026-06-12T15:44:00.330040+00:00
Open3D/3rdparty/curl/LICENSE,1088,False,ascii,1.0,LF,22,,,False,2026-06-12T15:44:00.330040+00:00
Open3D/3rdparty/curl/curl.cmake,2067,False,ascii,1.0,LF,62,.cmake,,False,2026-06-12T15:44:00.330040+00:00
Open3D/3rdparty/cutlass/LICENSE,1518,False,ascii,1.0,LF,23,,,False,2026-06-12T15:44:00.334195+00:00
Open3D/3rdparty/cutlass/cutlass.cmake,510,False,ascii,1.0,LF,16,.cmake,,False,2026-06-12T15:44:00.334195+00:00
Open3D/3rdparty/dirent/LICENSE,1083,False,ascii,1.0,LF,21,,,False,2026-06-12T15:44:00.334195+00:00
Open3D/3rdparty/dirent/dirent/dirent.h,21712,False,ascii,1.0,LF,917,.h,text/x-chdr,False,2026-06-12T15:44:00.334195+00:00
Open3D/3rdparty/eigen/LICENSE,779,False,ascii,1.0,LF,18,,,False,2026-06-12T15:44:00.334195+00:00
Open3D/3rdparty/eigen/eigen.cmake,634,False,ascii,1.0,LF,17,.cmake,,False,2026-06-12T15:44:00.334195+00:00
Open3D/3rdparty/embree/LICENSE,11358,False,ascii,1.0,LF,202,,,False,2026-06-12T15:44:00.334195+00:00
Open3D/3rdparty/embree/embree.cmake,5452,False,ascii,1.0,LF,112,.cmake,,False,2026-06-12T15:44:00.334195+00:00
Open3D/3rdparty/filament/LICENSE,11358,False,ascii,1.0,LF,202,,,False,2026-06-12T15:44:00.334195+00:00
Open3D/3rdparty/filament/filament_build.cmake,2504,False,ascii,1.0,LF,80,.cmake,,False,2026-06-12T15:44:00.334195+00:00
Open3D/3rdparty/filament/filament_download.cmake,3538,False,ascii,1.0,LF,75,.cmake,,False,2026-06-12T15:44:00.334195+00:00
Open3D/3rdparty/fmt/LICENSE,1408,False,ascii,1.0,LF,27,,,False,2026-06-12T15:44:00.334195+00:00
Open3D/3rdparty/fmt/fmt.cmake,1457,False,ascii,1.0,LF,37,.cmake,,False,2026-06-12T15:44:00.334195+00:00
Open3D/3rdparty/glew/CMakeLists.txt,1224,False,ascii,1.0,LF,48,.txt,text/plain,False,2026-06-12T15:44:00.334195+00:00
Open3D/3rdparty/glew/LICENSE.txt,3797,False,ascii,1.0,LF,73,.txt,text/plain,False,2026-06-12T15:44:00.334195+00:00
Open3D/3rdparty/glew/README.md,9115,False,ascii,1.0,LF,258,.md,text/markdown,False,2026-06-12T15:44:00.334195+00:00
Open3D/3rdparty/glew/include/GL/eglew.h,132179,False,ascii,1.0,LF,1695,.h,text/x-chdr,False,2026-06-12T15:44:00.334195+00:00
Open3D/3rdparty/glew/include/GL/glew.h,1335182,False,ascii,1.0,LF,1503,.h,text/x-chdr,False,2026-06-12T15:44:00.338349+00:00
Open3D/3rdparty/glew/include/GL/glxew.h,75754,False,ascii,1.0,LF,1651,.h,text/x-chdr,False,2026-06-12T15:44:00.338349+00:00
Open3D/3rdparty/glew/include/GL/wglew.h,64107,False,ascii,1.0,LF,1468,.h,text/x-chdr,False,2026-06-12T15:44:00.338349+00:00
Open3D/3rdparty/glew/src/glew.c,1401900,False,ascii,1.0,LF,1335,.c,text/x-csrc,False,2026-06-12T15:44:00.342504+00:00
Open3D/3rdparty/glew/src/glewinfo.c,794403,False,ascii,1.0,LF,1548,.c,text/x-csrc,False,2026-06-12T15:44:00.342504+00:00
Open3D/3rdparty/glew/src/visualinfo.c,40229,False,ascii,1.0,LF,1287,.c,text/x-csrc,False,2026-06-12T15:44:00.342504+00:00
Open3D/3rdparty/glfw/glfw.cmake,896,False,ascii,1.0,LF,25,.cmake,,False,2026-06-12T15:44:00.342504+00:00
Open3D/3rdparty/googletest/LICENSE,1475,False,ascii,1.0,LF,28,,,False,2026-06-12T15:44:00.342504+00:00
Open3D/3rdparty/googletest/googletest.cmake,545,False,ascii,1.0,LF,16,.cmake,,False,2026-06-12T15:44:00.342504+00:00
Open3D/3rdparty/imgui/LICENSE,1083,False,ascii,1.0,LF,21,,,False,2026-06-12T15:44:00.342504+00:00
Open3D/3rdparty/imgui/imgui.cmake,491,False,ascii,1.0,LF,16,.cmake,,False,2026-06-12T15:44:00.342504+00:00
Open3D/3rdparty/ipp/LICENSE,11358,False,ascii,1.0,LF,202,,,False,2026-06-12T15:44:00.342504+00:00
Open3D/3rdparty/ipp/ipp.cmake,3334,False,ascii,1.0,LF,72,.cmake,,False,2026-06-12T15:44:00.342504+00:00
Open3D/3rdparty/jsoncpp/0001-optional-CXX11-ABI-and-MSVC-runtime.patch,3724,False,utf-7,0.95,LF,89,.patch,text/x-diff,False,2026-06-12T15:44:00.342504+00:00
Open3D/3rdparty/jsoncpp/LICENSE,2714,False,ascii,1.0,LF,55,,,False,2026-06-12T15:44:00.342504+00:00
Open3D/3rdparty/jsoncpp/jsoncpp.cmake,1284,False,ascii,1.0,LF,31,.cmake,,False,2026-06-12T15:44:00.346659+00:00
Open3D/3rdparty/libjpeg-turbo/LICENSE,5213,False,utf-8,0.8004,LF,132,,,False,2026-06-12T15:44:00.346659+00:00
Open3D/3rdparty/libjpeg-turbo/libjpeg-turbo.cmake,2719,False,ascii,1.0,LF,81,.cmake,,False,2026-06-12T15:44:00.346659+00:00
Open3D/3rdparty/liblzf/CMakeLists.txt,234,False,ascii,1.0,LF,6,.txt,text/plain,False,2026-06-12T15:44:00.346659+00:00
Open3D/3rdparty/liblzf/LICENSE,1437,False,ascii,1.0,LF,27,,,False,2026-06-12T15:44:00.346659+00:00
Open3D/3rdparty/liblzf/liblzf/lzf.h,4482,False,ascii,1.0,LF,108,.h,text/x-chdr,False,2026-06-12T15:44:00.346659+00:00
Open3D/3rdparty/liblzf/liblzf/lzfP.h,5937,False,ascii,1.0,LF,190,.h,text/x-chdr,False,2026-06-12T15:44:00.346659+00:00
Open3D/3rdparty/liblzf/liblzf/lzf_c.c,9139,False,ascii,1.0,LF,299,.c,text/x-csrc,False,2026-06-12T15:44:00.346659+00:00
Open3D/3rdparty/liblzf/liblzf/lzf_d.c,6215,False,ascii,1.0,LF,193,.c,text/x-csrc,False,2026-06-12T15:44:00.346659+00:00
Open3D/3rdparty/libpng/LICENSE,5128,False,ascii,1.0,CRLF,133,,,False,2026-06-12T15:44:00.346659+00:00
Open3D/3rdparty/libpng/libpng.cmake,1305,False,ascii,1.0,LF,34,.cmake,,False,2026-06-12T15:44:00.346659+00:00
Open3D/3rdparty/librealsense/LICENSE,11352,False,ascii,1.0,LF,202,,,False,2026-06-12T15:44:00.346659+00:00
Open3D/3rdparty/librealsense/apply_patch.sh,892,False,ascii,1.0,LF,29,.sh,text/x-sh,False,2026-06-12T15:44:00.346659+00:00
Open3D/3rdparty/librealsense/fix-cudacrt.patch,1013,False,ascii,1.0,LF,20,.patch,text/x-diff,False,2026-06-12T15:44:00.346659+00:00
Open3D/3rdparty/librealsense/fix-include-chrono.patch,251,False,ascii,1.0,LF,12,.patch,text/x-diff,False,2026-06-12T15:44:00.346659+00:00
Open3D/3rdparty/librealsense/fix_mac_apple_silicon_build.patch,2188,False,ascii,1.0,LF,44,.patch,text/x-diff,False,2026-06-12T15:44:00.346659+00:00
Open3D/3rdparty/librealsense/librealsense.cmake,5536,False,ascii,1.0,LF,117,.cmake,,False,2026-06-12T15:44:00.346659+00:00
Open3D/3rdparty/librealsense/libusb-CMakeLists.txt,2755,False,ascii,1.0,LF,109,.txt,text/plain,False,2026-06-12T15:44:00.346659+00:00
Open3D/3rdparty/mkl/LICENSE,15591,False,utf-8,0.802,LF,274,,,False,2026-06-12T15:44:00.346659+00:00
Open3D/3rdparty/mkl/mkl.cmake,4499,False,ascii,1.0,LF,87,.cmake,,False,2026-06-12T15:44:00.346659+00:00
Open3D/3rdparty/mkl/tbb.cmake,1822,False,ascii,1.0,LF,41,.cmake,,False,2026-06-12T15:44:00.346659+00:00
Open3D/3rdparty/msgpack/LICENSE,1338,False,ascii,1.0,LF,23,,,False,2026-06-12T15:44:00.346659+00:00
Open3D/3rdparty/msgpack/msgpack_build.cmake,623,False,ascii,1.0,LF,17,.cmake,,False,2026-06-12T15:44:00.346659+00:00
Open3D/3rdparty/nanoflann/LICENSE,1482,False,ascii,1.0,LF,29,,,False,2026-06-12T15:44:00.346659+00:00
Open3D/3rdparty/nanoflann/nanoflann.cmake,533,False,ascii,1.0,LF,16,.cmake,,False,2026-06-12T15:44:00.350813+00:00
Open3D/3rdparty/openblas/LICENSE,3155,False,ascii,1.0,LF,63,,,False,2026-06-12T15:44:00.350813+00:00
Open3D/3rdparty/openblas/openblas.cmake,1156,False,ascii,1.0,LF,30,.cmake,,False,2026-06-12T15:44:00.350813+00:00
Open3D/3rdparty/possionrecon/LICENSE,1076,False,ascii,1.0,LF,22,,,False,2026-06-12T15:44:00.350813+00:00
Open3D/3rdparty/possionrecon/possionrecon.cmake,664,False,ascii,1.0,LF,17,.cmake,,False,2026-06-12T15:44:00.350813+00:00
Open3D/3rdparty/pybind11/LICENSE,1684,False,ascii,1.0,LF,29,,,False,2026-06-12T15:44:00.350813+00:00
Open3D/3rdparty/pybind11/pybind11.cmake,349,False,ascii,1.0,LF,11,.cmake,,False,2026-06-12T15:44:00.350813+00:00
Open3D/3rdparty/qhull/LICENSE,1720,False,ascii,1.0,LF,39,,,False,2026-06-12T15:44:00.350813+00:00
Open3D/3rdparty/qhull/qhull.cmake,429,False,ascii,1.0,LF,14,.cmake,,False,2026-06-12T15:44:00.350813+00:00
Open3D/3rdparty/rply/CMakeLists.txt,207,False,ascii,1.0,LF,6,.txt,text/plain,False,2026-06-12T15:44:00.350813+00:00
Open3D/3rdparty/rply/LICENSE,1078,False,Windows-1252,0.0904,LF,20,,,False,2026-06-12T15:44:00.350813+00:00
Open3D/3rdparty/rply/rply/rply.c,54941,False,ascii,1.0,LF,1593,.c,text/x-csrc,False,2026-06-12T15:44:00.350813+00:00
Open3D/3rdparty/rply/rply/rply.h,15730,False,ascii,1.0,LF,376,.h,text/x-chdr,False,2026-06-12T15:44:00.350813+00:00
Open3D/3rdparty/rply/rply/etc/convert.c,5168,False,ascii,1.0,LF,130,.c,text/x-csrc,False,2026-06-12T15:44:00.350813+00:00
Open3D/3rdparty/rply/rply/etc/dump.c,1282,False,ascii,1.0,LF,44,.c,text/x-csrc,False,2026-06-12T15:44:00.350813+00:00
Open3D/3rdparty/rply/rply/etc/input.ply,267,False,ascii,1.0,LF,16,.ply,,False,2026-06-12T15:44:00.350813+00:00
Open3D/3rdparty/rply/rply/etc/sconvert.c,2496,False,ascii,1.0,LF,64,.c,text/x-csrc,False,2026-06-12T15:44:00.350813+00:00
Open3D/3rdparty/rply/rply/manual/manual.html,35161,False,ascii,1.0,LF,1056,.html,text/html,False,2026-06-12T15:44:00.350813+00:00
Open3D/3rdparty/rply/rply/manual/reference.css,950,False,ascii,1.0,LF,54,.css,text/css,False,2026-06-12T15:44:00.350813+00:00
Open3D/3rdparty/stdgpu/LICENSE,10174,False,ascii,1.0,LF,177,,,False,2026-06-12T15:44:00.350813+00:00
Open3D/3rdparty/stdgpu/fix-thrust-is-proxy-reference.patch,1062,False,ascii,1.0,LF,25,.patch,text/x-diff,False,2026-06-12T15:44:00.350813+00:00
Open3D/3rdparty/stdgpu/stdgpu.cmake,2284,False,ascii,1.0,LF,52,.cmake,,False,2026-06-12T15:44:00.350813+00:00
Open3D/3rdparty/tinyfiledialogs/CMakeLists.txt,815,False,ascii,1.0,LF,24,.txt,text/plain,False,2026-06-12T15:44:00.354968+00:00
Open3D/3rdparty/tinyfiledialogs/LICENSE,821,False,ascii,1.0,LF,17,,,False,2026-06-12T15:44:00.354968+00:00
Open3D/3rdparty/tinyfiledialogs/include/tinyfiledialogs/tinyfiledialogs.c,149954,False,ascii,1.0,CRLF,2606,.c,text/x-csrc,False,2026-06-12T15:44:00.354968+00:00
Open3D/3rdparty/tinyfiledialogs/include/tinyfiledialogs/tinyfiledialogs.h,12112,False,ascii,1.0,CRLF,298,.h,text/x-chdr,False,2026-06-12T15:44:00.354968+00:00
Open3D/3rdparty/tinygltf/LICENSE,1112,False,utf-8,0.8021,LF,21,,,False,2026-06-12T15:44:00.354968+00:00
Open3D/3rdparty/tinygltf/tinygltf.cmake,539,False,ascii,1.0,LF,16,.cmake,,False,2026-06-12T15:44:00.354968+00:00
Open3D/3rdparty/tinyobjloader/LICENSE,1902,False,ascii,1.0,LF,42,,,False,2026-06-12T15:44:00.354968+00:00
Open3D/3rdparty/tinyobjloader/tinyobjloader.cmake,556,False,ascii,1.0,LF,16,.cmake,,False,2026-06-12T15:44:00.354968+00:00
Open3D/3rdparty/tomasakeninemoeller/LICENSE,1069,False,ascii,1.0,LF,21,,,False,2026-06-12T15:44:00.354968+00:00
Open3D/3rdparty/tomasakeninemoeller/readme.md,314,False,ascii,1.0,LF,8,.md,text/markdown,False,2026-06-12T15:44:00.354968+00:00
Open3D/3rdparty/tomasakeninemoeller/include/tomasakeninemoeller/opttritri.h,9425,False,ascii,1.0,LF,321,.h,text/x-chdr,False,2026-06-12T15:44:00.354968+00:00
Open3D/3rdparty/tomasakeninemoeller/include/tomasakeninemoeller/tribox3.h,6753,False,cp1250,0.5355,CRLF,201,.h,text/x-chdr,False,2026-06-12T15:44:00.354968+00:00
Open3D/3rdparty/uvatlas/LICENSE_directxheaders,1073,False,ascii,1.0,LF,21,,,False,2026-06-12T15:44:00.354968+00:00
Open3D/3rdparty/uvatlas/LICENSE_directxmath,1131,False,ascii,1.0,LF,20,,,False,2026-06-12T15:44:00.354968+00:00
Open3D/3rdparty/uvatlas/LICENSE_uvatlas,1117,False,ascii,1.0,LF,20,,,False,2026-06-12T15:44:00.354968+00:00
Open3D/3rdparty/uvatlas/sal.h,210133,False,ascii,1.0,LF,924,.h,text/x-chdr,False,2026-06-12T15:44:00.354968+00:00
Open3D/3rdparty/uvatlas/uvatlas.cmake,2435,False,ascii,1.0,LF,66,.cmake,,False,2026-06-12T15:44:00.354968+00:00
Open3D/3rdparty/vkmemalloc/vk_mem_alloc.h,751473,False,ascii,1.0,CRLF,1374,.h,text/x-chdr,False,2026-06-12T15:44:00.359123+00:00
Open3D/3rdparty/vkmemalloc/vkmemalloc.cmake,1490,False,ascii,1.0,LF,38,.cmake,,False,2026-06-12T15:44:00.359123+00:00
Open3D/3rdparty/vtk/CMakeLists.txt,4232,False,ascii,1.0,LF,118,.txt,text/plain,False,2026-06-12T15:44:00.359123+00:00
Open3D/3rdparty/vtk/Copyright.txt,1761,False,ascii,1.0,LF,34,.txt,text/plain,False,2026-06-12T15:44:00.359123+00:00
Open3D/3rdparty/vtk/vtk_build.cmake,17973,False,ascii,1.0,LF,349,.cmake,,False,2026-06-12T15:44:00.359123+00:00
Open3D/3rdparty/vulkan_headers/vulkan_headers.cmake,567,False,ascii,1.0,LF,16,.cmake,,False,2026-06-12T15:44:00.359123+00:00
Open3D/3rdparty/webrtc/0001-build-enable-rtc_use_cxx11_abi-option.patch,891,False,ascii,1.0,LF,29,.patch,text/x-diff,False,2026-06-12T15:44:00.359123+00:00
Open3D/3rdparty/webrtc/0001-src-enable-rtc_use_cxx11_abi-option.patch,628,False,ascii,1.0,LF,27,.patch,text/x-diff,False,2026-06-12T15:44:00.359123+00:00
Open3D/3rdparty/webrtc/0001-third_party-enable-rtc_use_cxx11_abi-option.patch,1181,False,ascii,1.0,LF,43,.patch,text/x-diff,False,2026-06-12T15:44:00.359123+00:00
Open3D/3rdparty/webrtc/CMakeLists.txt,3805,False,utf-8,0.821,LF,107,.txt,text/plain,False,2026-06-12T15:44:00.359123+00:00
Open3D/3rdparty/webrtc/Dockerfile.webrtc,1033,False,ascii,1.0,LF,22,.webrtc,,False,2026-06-12T15:44:00.359123+00:00
Open3D/3rdparty/webrtc/LICENSE,1506,False,ascii,1.0,LF,24,,,False,2026-06-12T15:44:00.359123+00:00
Open3D/3rdparty/webrtc/README.md,2703,False,utf-8,0.819,LF,63,.md,text/markdown,False,2026-06-12T15:44:00.359123+00:00
Open3D/3rdparty/webrtc/webrtc_build.cmake,2815,False,ascii,1.0,LF,87,.cmake,,False,2026-06-12T15:44:00.359123+00:00
Open3D/3rdparty/webrtc/webrtc_build.sh,5290,False,utf-8,0.8114,LF,146,.sh,text/x-sh,False,2026-06-12T15:44:00.359123+00:00
Open3D/3rdparty/webrtc/webrtc_common.cmake,3794,False,ascii,1.0,LF,99,.cmake,,False,2026-06-12T15:44:00.359123+00:00
Open3D/3rdparty/webrtc/webrtc_download.cmake,2761,False,ascii,1.0,LF,76,.cmake,,False,2026-06-12T15:44:00.359123+00:00
Open3D/3rdparty/zeromq/LICENSE,1083,False,ascii,1.0,LF,17,,,False,2026-06-12T15:44:00.359123+00:00
Open3D/3rdparty/zeromq/zeromq_build.cmake,4593,False,ascii,1.0,LF,106,.cmake,,False,2026-06-12T15:44:00.359123+00:00
Open3D/3rdparty/zlib/0001-patch-zlib-to-enable-unzip.patch,530,False,ascii,1.0,LF,23,.patch,text/x-diff,False,2026-06-12T15:44:00.363277+00:00
Open3D/3rdparty/zlib/LICENSE,1817,False,ascii,1.0,LF,39,,,False,2026-06-12T15:44:00.363277+00:00
Open3D/3rdparty/zlib/zlib.cmake,1432,False,ascii,1.0,LF,39,.cmake,,False,2026-06-12T15:44:00.363277+00:00
Open3D/cmake/Open3DAddCompiledMaterials.cmake,2595,False,ascii,1.0,LF,69,.cmake,,False,2026-06-12T15:44:00.363277+00:00
Open3D/cmake/Open3DAddComputeShaders.cmake,6929,False,ascii,1.0,LF,143,.cmake,,False,2026-06-12T15:44:00.363277+00:00
Open3D/cmake/Open3DAddEncodedShader.cmake,3026,False,ascii,1.0,LF,79,.cmake,,False,2026-06-12T15:44:00.363277+00:00
Open3D/cmake/Open3DFetchISPCCompiler.cmake,2304,False,ascii,1.0,LF,60,.cmake,,False,2026-06-12T15:44:00.363277+00:00
Open3D/cmake/Open3DISPC.cmake,21983,False,ascii,1.0,LF,527,.cmake,,False,2026-06-12T15:44:00.363277+00:00
Open3D/cmake/Open3DLink3rdpartyLibraries.cmake,1979,False,ascii,1.0,LF,42,.cmake,,False,2026-06-12T15:44:00.363277+00:00
Open3D/cmake/Open3DMakeHardeningFlags.cmake,5948,False,ascii,1.0,LF,133,.cmake,,False,2026-06-12T15:44:00.363277+00:00
Open3D/cmake/Open3DMakeISPCInstructionSets.cmake,3295,False,ascii,1.0,LF,76,.cmake,,False,2026-06-12T15:44:00.363277+00:00
Open3D/cmake/Open3DPackaging.cmake,1388,False,ascii,1.0,LF,36,.cmake,,False,2026-06-12T15:44:00.363277+00:00
Open3D/cmake/Open3DPrintConfigurationSummary.cmake,4178,False,ascii,1.0,LF,105,.cmake,,False,2026-06-12T15:44:00.363277+00:00
Open3D/cmake/Open3DSYCLTargetSources.cmake,1990,False,ascii,1.0,LF,42,.cmake,,False,2026-06-12T15:44:00.363277+00:00
Open3D/cmake/Open3DSetGlobalProperties.cmake,10115,False,ascii,1.0,LF,214,.cmake,,False,2026-06-12T15:44:00.363277+00:00
Open3D/cmake/Open3DShowAndAbortOnWarning.cmake,3828,False,ascii,1.0,LF,69,.cmake,,False,2026-06-12T15:44:00.363277+00:00
Open3D/cmake/ShaderEncoder.cpp,2933,False,ascii,1.0,LF,107,.cpp,text/x-c++src,False,2026-06-12T15:44:00.363277+00:00
Open3D/cmake/ShaderLinker.cpp,4531,False,ascii,1.0,LF,99,.cpp,text/x-c++src,False,2026-06-12T15:44:00.363277+00:00
Open3D/cmake/ispc_isas/CMakeLists.txt,1473,False,ascii,1.0,LF,47,.txt,text/plain,False,2026-06-12T15:44:00.363277+00:00
Open3D/cmake/ispc_isas/ISADispatcher.c,1079,False,ascii,1.0,LF,38,.c,text/x-csrc,False,2026-06-12T15:44:00.363277+00:00
Open3D/cmake/ispc_isas/ISADispatcher.ispc,468,False,ascii,1.0,LF,10,.ispc,,False,2026-06-12T15:44:00.363277+00:00
Open3D/cpp/CMakeLists.txt,255,False,ascii,1.0,LF,12,.txt,text/plain,False,2026-06-12T15:44:00.363277+00:00
Open3D/cpp/apps/CMakeLists.txt,7385,False,ascii,1.0,LF,148,.txt,text/plain,False,2026-06-12T15:44:00.363277+00:00
Open3D/cpp/apps/fixup_macosx_bundle.sh,2375,False,ascii,1.0,LF,74,.sh,text/x-sh,False,2026-06-12T15:44:00.371587+00:00
Open3D/cpp/apps/sign_open3d_app.sh,937,False,ascii,1.0,LF,37,.sh,text/x-sh,False,2026-06-12T15:44:00.371587+00:00
Open3D/cpp/apps/OfflineReconstruction/Config.h,7006,False,ascii,1.0,LF,183,.h,text/x-chdr,False,2026-06-12T15:44:00.367432+00:00
Open3D/cpp/apps/OfflineReconstruction/DebugUtil.h,1521,False,ascii,1.0,LF,40,.h,text/x-chdr,False,2026-06-12T15:44:00.367432+00:00
Open3D/cpp/apps/OfflineReconstruction/FileSystemUtil.h,5147,False,ascii,1.0,LF,143,.h,text/x-chdr,False,2026-06-12T15:44:00.367432+00:00
Open3D/cpp/apps/OfflineReconstruction/LegacyReconstructionUtil.h,48856,False,ascii,1.0,LF,1081,.h,text/x-chdr,False,2026-06-12T15:44:00.367432+00:00
Open3D/cpp/apps/OfflineReconstruction/OfflineReconstruction.cpp,6081,False,ascii,1.0,LF,154,.cpp,text/x-c++src,False,2026-06-12T15:44:00.367432+00:00
Open3D/cpp/apps/Open3DViewer/AppIcon.icns,164015,True,,0.0,N/A,0,.icns,,False,2026-06-12T15:44:00.367432+00:00
Open3D/cpp/apps/Open3DViewer/Assets.car,85640,True,,0.0,N/A,0,.car,application/vnd.ipld.car,False,2026-06-12T15:44:00.367432+00:00
Open3D/cpp/apps/Open3DViewer/Info.plist.in,20851,False,utf-8,0.95,LF,563,.in,,False,2026-06-12T15:44:00.367432+00:00
Open3D/cpp/apps/Open3DViewer/Open3DViewer.cpp,680,False,ascii,1.0,LF,22,.cpp,text/x-c++src,False,2026-06-12T15:44:00.367432+00:00
Open3D/cpp/apps/Open3DViewer/Open3DViewer.desktop.in,421,False,ascii,1.0,LF,9,.in,,False,2026-06-12T15:44:00.367432+00:00
Open3D/cpp/apps/Open3DViewer/Open3DViewer.entitlements,250,False,utf-8,0.95,LF,8,.entitlements,,False,2026-06-12T15:44:00.367432+00:00
Open3D/cpp/apps/Open3DViewer/Open3DViewer.h,580,False,ascii,1.0,LF,20,.h,text/x-chdr,False,2026-06-12T15:44:00.367432+00:00
Open3D/cpp/apps/Open3DViewer/Open3DViewer.xml,2179,False,utf-8,0.95,LF,86,.xml,application/xml,False,2026-06-12T15:44:00.367432+00:00
Open3D/cpp/apps/Open3DViewer/Open3DViewerLauncher.sh,319,False,ascii,1.0,LF,7,.sh,text/x-sh,False,2026-06-12T15:44:00.367432+00:00
Open3D/cpp/apps/Open3DViewer/Open3DViewer_mac.mm,9734,False,ascii,1.0,LF,221,.mm,application/x-freemind,False,2026-06-12T15:44:00.367432+00:00
Open3D/cpp/apps/Open3DViewer/documentIcon.icns,148003,True,,0.0,N/A,0,.icns,,False,2026-06-12T15:44:00.367432+00:00
Open3D/cpp/apps/Open3DViewer/documentIcon.svg,10564,False,utf-8,0.95,LF,300,.svg,image/svg+xml,False,2026-06-12T15:44:00.367432+00:00
Open3D/cpp/apps/Open3DViewer/icon.ico,144435,True,,0.0,N/A,0,.ico,image/vnd.microsoft.icon,False,2026-06-12T15:44:00.367432+00:00
Open3D/cpp/apps/Open3DViewer/icon.rc,70,False,ascii,1.0,LF,1,.rc,,False,2026-06-12T15:44:00.367432+00:00
Open3D/cpp/apps/Open3DViewer/icon.svg,3960,False,utf-8,0.95,LF,68,.svg,image/svg+xml,False,2026-06-12T15:44:00.367432+00:00
Open3D/cpp/apps/Open3DViewer/makeMacIcon.sh,1127,False,ascii,1.0,LF,32,.sh,text/x-sh,False,2026-06-12T15:44:00.367432+00:00
Open3D/cpp/apps/Open3DViewer/postinstall-linux.sh,519,False,ascii,1.0,LF,13,.sh,text/x-sh,False,2026-06-12T15:44:00.367432+00:00
Open3D/cpp/apps/Open3DViewer/Debian/CMakeLists.in.txt,1787,False,ascii,1.0,LF,39,.txt,text/plain,False,2026-06-12T15:44:00.367432+00:00
Open3D/cpp/benchmarks/CMakeLists.txt,1270,False,ascii,1.0,LF,40,.txt,text/plain,False,2026-06-12T15:44:00.371587+00:00
Open3D/cpp/benchmarks/Main.cpp,1433,False,ascii,1.0,LF,34,.cpp,text/x-c++src,False,2026-06-12T15:44:00.371587+00:00
Open3D/cpp/benchmarks/benchmark_utilities/CMakeLists.txt,49,False,ascii,1.0,LF,3,.txt,text/plain,False,2026-06-12T15:44:00.371587+00:00
Open3D/cpp/benchmarks/benchmark_utilities/Rand.cpp,3228,False,ascii,1.0,LF,77,.cpp,text/x-c++src,False,2026-06-12T15:44:00.371587+00:00
Open3D/cpp/benchmarks/benchmark_utilities/Rand.h,961,False,ascii,1.0,LF,26,.h,text/x-chdr,False,2026-06-12T15:44:00.371587+00:00
Open3D/cpp/benchmarks/core/BinaryEW.cpp,6631,False,ascii,1.0,LF,191,.cpp,text/x-c++src,False,2026-06-12T15:44:00.371587+00:00
Open3D/cpp/benchmarks/core/CMakeLists.txt,275,False,ascii,1.0,LF,16,.txt,text/plain,False,2026-06-12T15:44:00.371587+00:00
Open3D/cpp/benchmarks/core/HashMap.cpp,18025,False,ascii,1.0,LF,531,.cpp,text/x-c++src,False,2026-06-12T15:44:00.371587+00:00
Open3D/cpp/benchmarks/core/Linalg.cpp,1164,False,ascii,1.0,LF,37,.cpp,text/x-c++src,False,2026-06-12T15:44:00.371587+00:00
Open3D/cpp/benchmarks/core/MemoryManager.cpp,5481,False,ascii,1.0,LF,143,.cpp,text/x-c++src,False,2026-06-12T15:44:00.371587+00:00
Open3D/cpp/benchmarks/core/ParallelFor.cpp,3078,False,ascii,1.0,LF,90,.cpp,text/x-c++src,False,2026-06-12T15:44:00.371587+00:00
Open3D/cpp/benchmarks/core/ParallelFor.ispc,726,False,ascii,1.0,LF,18,.ispc,,False,2026-06-12T15:44:00.371587+00:00
Open3D/cpp/benchmarks/core/Reduction.cpp,1332,False,ascii,1.0,LF,42,.cpp,text/x-c++src,False,2026-06-12T15:44:00.371587+00:00
Open3D/cpp/benchmarks/core/UnaryEW.cpp,6815,False,ascii,1.0,LF,190,.cpp,text/x-c++src,False,2026-06-12T15:44:00.371587+00:00
Open3D/cpp/benchmarks/core/Zeros.cpp,1134,False,ascii,1.0,LF,35,.cpp,text/x-c++src,False,2026-06-12T15:44:00.371587+00:00
Open3D/cpp/benchmarks/geometry/CMakeLists.txt,98,False,ascii,1.0,LF,5,.txt,text/plain,False,2026-06-12T15:44:00.371587+00:00
Open3D/cpp/benchmarks/geometry/KDTreeFlann.cpp,2645,False,ascii,1.0,LF,81,.cpp,text/x-c++src,False,2026-06-12T15:44:00.371587+00:00
Open3D/cpp/benchmarks/geometry/SamplePoints.cpp,1481,False,ascii,1.0,LF,47,.cpp,text/x-c++src,False,2026-06-12T15:44:00.371587+00:00
Open3D/cpp/benchmarks/geometry/TriangleMesh.cpp,2110,False,ascii,1.0,LF,59,.cpp,text/x-c++src,False,2026-06-12T15:44:00.371587+00:00
Open3D/cpp/benchmarks/io/CMakeLists.txt,57,False,ascii,1.0,LF,3,.txt,text/plain,False,2026-06-12T15:44:00.371587+00:00
Open3D/cpp/benchmarks/io/PointCloudIO.cpp,5938,False,ascii,1.0,LF,162,.cpp,text/x-c++src,False,2026-06-12T15:44:00.371587+00:00
Open3D/cpp/benchmarks/pipelines/CMakeLists.txt,70,False,ascii,1.0,LF,3,.txt,text/plain,False,2026-06-12T15:44:00.371587+00:00
Open3D/cpp/benchmarks/pipelines/registration/Registration.cpp,4341,False,ascii,1.0,LF,111,.cpp,text/x-c++src,False,2026-06-12T15:44:00.371587+00:00
Open3D/cpp/benchmarks/t/geometry/CMakeLists.txt,55,False,ascii,1.0,LF,3,.txt,text/plain,False,2026-06-12T15:44:00.371587+00:00
Open3D/cpp/benchmarks/t/geometry/PointCloud.cpp,23396,False,ascii,1.0,LF,660,.cpp,text/x-c++src,False,2026-06-12T15:44:00.375741+00:00
Open3D/cpp/benchmarks/t/io/CMakeLists.txt,80,False,ascii,1.0,LF,4,.txt,text/plain,False,2026-06-12T15:44:00.375741+00:00
Open3D/cpp/benchmarks/t/io/PointCloudIO.cpp,6218,False,ascii,1.0,LF,133,.cpp,text/x-c++src,False,2026-06-12T15:44:00.375741+00:00
Open3D/cpp/benchmarks/t/io/TriangleMeshIO.cpp,1569,False,ascii,1.0,LF,50,.cpp,text/x-c++src,False,2026-06-12T15:44:00.375741+00:00
Open3D/cpp/benchmarks/t/pipelines/CMakeLists.txt,129,False,ascii,1.0,LF,5,.txt,text/plain,False,2026-06-12T15:44:00.375741+00:00
Open3D/cpp/benchmarks/t/pipelines/odometry/RGBDOdometry.cpp,7773,False,ascii,1.0,LF,198,.cpp,text/x-c++src,False,2026-06-12T15:44:00.375741+00:00
Open3D/cpp/benchmarks/t/pipelines/registration/Feature.cpp,10203,False,ascii,1.0,LF,252,.cpp,text/x-c++src,False,2026-06-12T15:44:00.375741+00:00
Open3D/cpp/benchmarks/t/pipelines/registration/Registration.cpp,11635,False,ascii,1.0,LF,280,.cpp,text/x-c++src,False,2026-06-12T15:44:00.375741+00:00
Open3D/cpp/open3d/CMakeLists.txt,7555,False,ascii,1.0,LF,234,.txt,text/plain,False,2026-06-12T15:44:00.375741+00:00
Open3D/cpp/open3d/Macro.h,1721,False,ascii,1.0,LF,51,.h,text/x-chdr,False,2026-06-12T15:44:00.375741+00:00
Open3D/cpp/open3d/Open3D.h.in,7185,False,ascii,1.0,LF,151,.in,,False,2026-06-12T15:44:00.375741+00:00
Open3D/cpp/open3d/Open3DConfig.cmake.in,1288,False,ascii,1.0,LF,36,.in,,False,2026-06-12T15:44:00.375741+00:00
Open3D/cpp/open3d/Open3DConfig.cpp,587,False,ascii,1.0,LF,16,.cpp,text/x-c++src,False,2026-06-12T15:44:00.375741+00:00
Open3D/cpp/open3d/Open3DConfig.h.in,978,False,ascii,1.0,LF,27,.in,,False,2026-06-12T15:44:00.375741+00:00
Open3D/cpp/open3d/cmake_uninstall.cmake.in,942,False,ascii,1.0,LF,19,.in,,False,2026-06-12T15:44:00.375741+00:00
Open3D/cpp/open3d/version.txt,70,False,ascii,1.0,LF,3,.txt,text/plain,False,2026-06-12T15:44:00.475453+00:00
Open3D/cpp/open3d/camera/CMakeLists.txt,326,False,ascii,1.0,LF,12,.txt,text/plain,False,2026-06-12T15:44:00.375741+00:00
Open3D/cpp/open3d/camera/PinholeCameraIntrinsic.cpp,2683,False,ascii,1.0,LF,73,.cpp,text/x-c++src,False,2026-06-12T15:44:00.375741+00:00
Open3D/cpp/open3d/camera/PinholeCameraIntrinsic.h,4133,False,ascii,1.0,LF,119,.h,text/x-chdr,False,2026-06-12T15:44:00.375741+00:00
Open3D/cpp/open3d/camera/PinholeCameraParameters.cpp,1969,False,ascii,1.0,LF,58,.cpp,text/x-c++src,False,2026-06-12T15:44:00.375741+00:00
Open3D/cpp/open3d/camera/PinholeCameraParameters.h,1180,False,ascii,1.0,LF,38,.h,text/x-chdr,False,2026-06-12T15:44:00.375741+00:00
Open3D/cpp/open3d/camera/PinholeCameraTrajectory.cpp,2643,False,ascii,1.0,LF,76,.cpp,text/x-c++src,False,2026-06-12T15:44:00.375741+00:00
Open3D/cpp/open3d/camera/PinholeCameraTrajectory.h,1140,False,ascii,1.0,LF,37,.h,text/x-chdr,False,2026-06-12T15:44:00.375741+00:00
Open3D/cpp/open3d/core/AdvancedIndexing.cpp,9844,False,ascii,1.0,LF,247,.cpp,text/x-c++src,False,2026-06-12T15:44:00.375741+00:00
Open3D/cpp/open3d/core/AdvancedIndexing.h,7972,False,ascii,1.0,LF,206,.h,text/x-chdr,False,2026-06-12T15:44:00.375741+00:00
Open3D/cpp/open3d/core/Atomic.h,2091,False,ascii,1.0,LF,54,.h,text/x-chdr,False,2026-06-12T15:44:00.379896+00:00
Open3D/cpp/open3d/core/Blob.h,3305,False,ascii,1.0,LF,91,.h,text/x-chdr,False,2026-06-12T15:44:00.379896+00:00
Open3D/cpp/open3d/core/CMakeLists.txt,4289,False,ascii,1.0,LF,165,.txt,text/plain,False,2026-06-12T15:44:00.379896+00:00
Open3D/cpp/open3d/core/CUDAUtils.cpp,9809,False,ascii,1.0,LF,332,.cpp,text/x-c++src,False,2026-06-12T15:44:00.379896+00:00
Open3D/cpp/open3d/core/CUDAUtils.h,9113,False,ascii,1.0,LF,291,.h,text/x-chdr,False,2026-06-12T15:44:00.379896+00:00
Open3D/cpp/open3d/core/DLPack.h,26145,False,ascii,1.0,LF,747,.h,text/x-chdr,False,2026-06-12T15:44:00.379896+00:00
Open3D/cpp/open3d/core/Device.cpp,4861,False,ascii,1.0,LF,150,.cpp,text/x-c++src,False,2026-06-12T15:44:00.379896+00:00
Open3D/cpp/open3d/core/Device.h,3765,False,ascii,1.0,LF,126,.h,text/x-chdr,False,2026-06-12T15:44:00.379896+00:00
Open3D/cpp/open3d/core/Dispatch.h,8295,False,ascii,1.0,LF,146,.h,text/x-chdr,False,2026-06-12T15:44:00.379896+00:00
Open3D/cpp/open3d/core/Dtype.cpp,3567,False,ascii,1.0,LF,72,.cpp,text/x-c++src,False,2026-06-12T15:44:00.379896+00:00
Open3D/cpp/open3d/core/Dtype.h,3642,False,ascii,1.0,LF,146,.h,text/x-chdr,False,2026-06-12T15:44:00.379896+00:00
Open3D/cpp/open3d/core/EigenConverter.cpp,7380,False,ascii,1.0,LF,194,.cpp,text/x-c++src,False,2026-06-12T15:44:00.379896+00:00
Open3D/cpp/open3d/core/EigenConverter.h,6342,False,ascii,1.0,LF,154,.h,text/x-chdr,False,2026-06-12T15:44:00.379896+00:00
Open3D/cpp/open3d/core/FunctionTraits.h,2775,False,ascii,1.0,LF,86,.h,text/x-chdr,False,2026-06-12T15:44:00.379896+00:00
Open3D/cpp/open3d/core/Indexer.cpp,22977,False,ascii,1.0,LF,676,.cpp,text/x-c++src,False,2026-06-12T15:44:00.379896+00:00
Open3D/cpp/open3d/core/Indexer.h,24584,False,ascii,1.0,LF,663,.h,text/x-chdr,False,2026-06-12T15:44:00.379896+00:00
Open3D/cpp/open3d/core/Indexer.ispc,536,False,ascii,1.0,LF,12,.ispc,,False,2026-06-12T15:44:00.379896+00:00
Open3D/cpp/open3d/core/Indexer.isph,10254,False,ascii,1.0,LF,229,.isph,,False,2026-06-12T15:44:00.379896+00:00
Open3D/cpp/open3d/core/MemoryManager.cpp,5085,False,ascii,1.0,LF,129,.cpp,text/x-c++src,False,2026-06-12T15:44:00.379896+00:00
Open3D/cpp/open3d/core/MemoryManager.h,8593,False,ascii,1.0,LF,212,.h,text/x-chdr,False,2026-06-12T15:44:00.379896+00:00
Open3D/cpp/open3d/core/MemoryManagerCPU.cpp,1219,False,ascii,1.0,LF,40,.cpp,text/x-c++src,False,2026-06-12T15:44:00.379896+00:00
Open3D/cpp/open3d/core/MemoryManagerCUDA.cpp,5202,False,ascii,1.0,LF,129,.cpp,text/x-c++src,False,2026-06-12T15:44:00.379896+00:00
Open3D/cpp/open3d/core/MemoryManagerCached.cpp,17774,False,ascii,1.0,LF,514,.cpp,text/x-c++src,False,2026-06-12T15:44:00.379896+00:00
Open3D/cpp/open3d/core/MemoryManagerSYCL.cpp,2487,False,ascii,1.0,LF,69,.cpp,text/x-c++src,False,2026-06-12T15:44:00.379896+00:00
Open3D/cpp/open3d/core/MemoryManagerStatistic.cpp,6571,False,ascii,1.0,LF,182,.cpp,text/x-c++src,False,2026-06-12T15:44:00.379896+00:00
Open3D/cpp/open3d/core/MemoryManagerStatistic.h,2956,False,ascii,1.0,LF,94,.h,text/x-chdr,False,2026-06-12T15:44:00.379896+00:00
Open3D/cpp/open3d/core/ParallelFor.h,10063,False,ascii,1.0,LF,269,.h,text/x-chdr,False,2026-06-12T15:44:00.379896+00:00
Open3D/cpp/open3d/core/ParallelFor.isph,11535,False,ascii,1.0,LF,240,.isph,,False,2026-06-12T15:44:00.379896+00:00
Open3D/cpp/open3d/core/ParallelForSYCL.h,2162,False,ascii,1.0,LF,63,.h,text/x-chdr,False,2026-06-12T15:44:00.379896+00:00
Open3D/cpp/open3d/core/SYCLContext.cpp,3813,False,ascii,1.0,LF,110,.cpp,text/x-c++src,False,2026-06-12T15:44:00.379896+00:00
Open3D/cpp/open3d/core/SYCLContext.h,2514,False,ascii,1.0,LF,75,.h,text/x-chdr,False,2026-06-12T15:44:00.379896+00:00
Open3D/cpp/open3d/core/SYCLUtils.cpp,8234,False,ascii,1.0,LF,253,.cpp,text/x-c++src,False,2026-06-12T15:44:00.379896+00:00
Open3D/cpp/open3d/core/SYCLUtils.h,1881,False,ascii,1.0,LF,56,.h,text/x-chdr,False,2026-06-12T15:44:00.379896+00:00
Open3D/cpp/open3d/core/Scalar.h,7368,False,ascii,1.0,LF,210,.h,text/x-chdr,False,2026-06-12T15:44:00.379896+00:00
Open3D/cpp/open3d/core/ShapeUtil.cpp,10470,False,ascii,1.0,LF,291,.cpp,text/x-c++src,False,2026-06-12T15:44:00.379896+00:00
Open3D/cpp/open3d/core/ShapeUtil.h,4259,False,ascii,1.0,LF,104,.h,text/x-chdr,False,2026-06-12T15:44:00.379896+00:00
Open3D/cpp/open3d/core/SizeVector.cpp,4811,False,ascii,1.0,LF,162,.cpp,text/x-c++src,False,2026-06-12T15:44:00.384051+00:00
Open3D/cpp/open3d/core/SizeVector.h,3207,False,ascii,1.0,LF,110,.h,text/x-chdr,False,2026-06-12T15:44:00.384051+00:00
Open3D/cpp/open3d/core/SmallVector.cpp,7065,False,ascii,1.0,LF,171,.cpp,text/x-c++src,False,2026-06-12T15:44:00.384051+00:00
Open3D/cpp/open3d/core/SmallVector.h,51139,False,ascii,1.0,LF,1383,.h,text/x-chdr,False,2026-06-12T15:44:00.384051+00:00
Open3D/cpp/open3d/core/StdAllocator.h,2691,False,ascii,1.0,LF,84,.h,text/x-chdr,False,2026-06-12T15:44:00.384051+00:00
Open3D/cpp/open3d/core/Tensor.cpp,71611,False,ascii,1.0,LF,1920,.cpp,text/x-c++src,False,2026-06-12T15:44:00.384051+00:00
Open3D/cpp/open3d/core/Tensor.h,62141,False,utf-8,0.8002,LF,1500,.h,text/x-chdr,False,2026-06-12T15:44:00.384051+00:00
Open3D/cpp/open3d/core/TensorCheck.cpp,3664,False,ascii,1.0,LF,99,.cpp,text/x-c++src,False,2026-06-12T15:44:00.384051+00:00
Open3D/cpp/open3d/core/TensorCheck.h,4046,False,ascii,1.0,LF,93,.h,text/x-chdr,False,2026-06-12T15:44:00.384051+00:00
Open3D/cpp/open3d/core/TensorFunction.cpp,5332,False,ascii,1.0,LF,149,.cpp,text/x-c++src,False,2026-06-12T15:44:00.384051+00:00
Open3D/cpp/open3d/core/TensorFunction.h,4567,False,ascii,1.0,LF,116,.h,text/x-chdr,False,2026-06-12T15:44:00.384051+00:00
Open3D/cpp/open3d/core/TensorInit.h,3313,False,ascii,1.0,LF,117,.h,text/x-chdr,False,2026-06-12T15:44:00.384051+00:00
Open3D/cpp/open3d/core/TensorKey.cpp,6459,False,ascii,1.0,LF,206,.cpp,text/x-c++src,False,2026-06-12T15:44:00.384051+00:00
Open3D/cpp/open3d/core/TensorKey.h,4020,False,ascii,1.0,LF,121,.h,text/x-chdr,False,2026-06-12T15:44:00.384051+00:00
Open3D/cpp/open3d/core/TensorList.cpp,6518,False,ascii,1.0,LF,193,.cpp,text/x-c++src,False,2026-06-12T15:44:00.384051+00:00
Open3D/cpp/open3d/core/TensorList.h,13307,False,ascii,1.0,LF,328,.h,text/x-chdr,False,2026-06-12T15:44:00.384051+00:00
Open3D/cpp/open3d/core/hashmap/DeviceHashBackend.cpp,1586,False,ascii,1.0,LF,43,.cpp,text/x-c++src,False,2026-06-12T15:44:00.388206+00:00
Open3D/cpp/open3d/core/hashmap/DeviceHashBackend.h,4890,False,ascii,1.0,LF,137,.h,text/x-chdr,False,2026-06-12T15:44:00.388206+00:00
Open3D/cpp/open3d/core/hashmap/Dispatch.h,6050,False,ascii,1.0,LF,126,.h,text/x-chdr,False,2026-06-12T15:44:00.388206+00:00
Open3D/cpp/open3d/core/hashmap/HashBackendBuffer.cpp,3912,False,ascii,1.0,LF,125,.cpp,text/x-c++src,False,2026-06-12T15:44:00.388206+00:00
Open3D/cpp/open3d/core/hashmap/HashBackendBuffer.h,3418,False,ascii,1.0,LF,109,.h,text/x-chdr,False,2026-06-12T15:44:00.388206+00:00
Open3D/cpp/open3d/core/hashmap/HashMap.cpp,16102,False,ascii,1.0,LF,446,.cpp,text/x-c++src,False,2026-06-12T15:44:00.388206+00:00
Open3D/cpp/open3d/core/hashmap/HashMap.h,8796,False,ascii,1.0,LF,222,.h,text/x-chdr,False,2026-06-12T15:44:00.388206+00:00
Open3D/cpp/open3d/core/hashmap/HashSet.cpp,4033,False,ascii,1.0,LF,122,.cpp,text/x-c++src,False,2026-06-12T15:44:00.388206+00:00
Open3D/cpp/open3d/core/hashmap/HashSet.h,4908,False,ascii,1.0,LF,131,.h,text/x-chdr,False,2026-06-12T15:44:00.388206+00:00
Open3D/cpp/open3d/core/hashmap/CPU/CPUHashBackendBuffer.cpp,841,False,ascii,1.0,LF,23,.cpp,text/x-c++src,False,2026-06-12T15:44:00.384051+00:00
Open3D/cpp/open3d/core/hashmap/CPU/CPUHashBackendBufferAccessor.hpp,2377,False,ascii,1.0,LF,66,.hpp,text/x-c++hdr,False,2026-06-12T15:44:00.384051+00:00
Open3D/cpp/open3d/core/hashmap/CPU/CreateCPUHashBackend.cpp,1887,False,ascii,1.0,LF,51,.cpp,text/x-c++src,False,2026-06-12T15:44:00.384051+00:00
Open3D/cpp/open3d/core/hashmap/CPU/TBBHashBackend.h,7906,False,ascii,1.0,LF,236,.h,text/x-chdr,False,2026-06-12T15:44:00.384051+00:00
Open3D/cpp/open3d/core/hashmap/CUDA/CUDAHashBackendBuffer.cu,843,False,ascii,1.0,LF,22,.cu,application/cu-seeme,False,2026-06-12T15:44:00.388206+00:00
Open3D/cpp/open3d/core/hashmap/CUDA/CUDAHashBackendBufferAccessor.h,4050,False,ascii,1.0,LF,114,.h,text/x-chdr,False,2026-06-12T15:44:00.388206+00:00
Open3D/cpp/open3d/core/hashmap/CUDA/CreateCUDAHashBackend.cu,2436,False,ascii,1.0,LF,62,.cu,application/cu-seeme,False,2026-06-12T15:44:00.388206+00:00
Open3D/cpp/open3d/core/hashmap/CUDA/SlabHashBackend.h,11274,False,ascii,1.0,LF,297,.h,text/x-chdr,False,2026-06-12T15:44:00.388206+00:00
Open3D/cpp/open3d/core/hashmap/CUDA/SlabHashBackendImpl.h,27188,False,ascii,1.0,LF,725,.h,text/x-chdr,False,2026-06-12T15:44:00.388206+00:00
Open3D/cpp/open3d/core/hashmap/CUDA/SlabMacros.h,3143,False,ascii,1.0,LF,87,.h,text/x-chdr,False,2026-06-12T15:44:00.388206+00:00
Open3D/cpp/open3d/core/hashmap/CUDA/SlabNodeManager.cu,1657,False,ascii,1.0,LF,42,.cu,application/cu-seeme,False,2026-06-12T15:44:00.388206+00:00
Open3D/cpp/open3d/core/hashmap/CUDA/SlabNodeManager.h,11398,False,ascii,1.0,LF,279,.h,text/x-chdr,False,2026-06-12T15:44:00.388206+00:00
Open3D/cpp/open3d/core/hashmap/CUDA/SlabTraits.h,1864,False,ascii,1.0,LF,55,.h,text/x-chdr,False,2026-06-12T15:44:00.388206+00:00
Open3D/cpp/open3d/core/hashmap/CUDA/StdGPUHashBackend.h,15235,False,ascii,1.0,LF,425,.h,text/x-chdr,False,2026-06-12T15:44:00.388206+00:00
Open3D/cpp/open3d/core/kernel/Arange.cpp,2520,False,ascii,1.0,LF,87,.cpp,text/x-c++src,False,2026-06-12T15:44:00.388206+00:00
Open3D/cpp/open3d/core/kernel/Arange.h,1122,False,ascii,1.0,LF,39,.h,text/x-chdr,False,2026-06-12T15:44:00.388206+00:00
Open3D/cpp/open3d/core/kernel/ArangeCPU.cpp,1273,False,ascii,1.0,LF,36,.cpp,text/x-c++src,False,2026-06-12T15:44:00.388206+00:00
Open3D/cpp/open3d/core/kernel/ArangeCUDA.cu,1474,False,ascii,1.0,LF,40,.cu,application/cu-seeme,False,2026-06-12T15:44:00.388206+00:00
Open3D/cpp/open3d/core/kernel/ArangeSYCL.cpp,1342,False,ascii,1.0,LF,37,.cpp,text/x-c++src,False,2026-06-12T15:44:00.388206+00:00
Open3D/cpp/open3d/core/kernel/BinaryEW.cpp,2538,False,ascii,1.0,LF,73,.cpp,text/x-c++src,False,2026-06-12T15:44:00.388206+00:00
Open3D/cpp/open3d/core/kernel/BinaryEW.h,1604,False,ascii,1.0,LF,67,.h,text/x-chdr,False,2026-06-12T15:44:00.388206+00:00
Open3D/cpp/open3d/core/kernel/BinaryEWCPU.cpp,18808,False,ascii,1.0,LF,398,.cpp,text/x-c++src,False,2026-06-12T15:44:00.388206+00:00
Open3D/cpp/open3d/core/kernel/BinaryEWCPU.ispc,23398,False,ascii,1.0,LF,434,.ispc,,False,2026-06-12T15:44:00.388206+00:00
Open3D/cpp/open3d/core/kernel/BinaryEWCUDA.cu,16090,False,ascii,1.0,LF,351,.cu,application/cu-seeme,False,2026-06-12T15:44:00.388206+00:00
Open3D/cpp/open3d/core/kernel/BinaryEWSYCL.cpp,11875,False,ascii,1.0,LF,270,.cpp,text/x-c++src,False,2026-06-12T15:44:00.388206+00:00
Open3D/cpp/open3d/core/kernel/IndexGetSet.cpp,2840,False,ascii,1.0,LF,80,.cpp,text/x-c++src,False,2026-06-12T15:44:00.388206+00:00
Open3D/cpp/open3d/core/kernel/IndexGetSet.h,2551,False,ascii,1.0,LF,75,.h,text/x-chdr,False,2026-06-12T15:44:00.388206+00:00
Open3D/cpp/open3d/core/kernel/IndexGetSetCPU.cpp,3239,False,ascii,1.0,LF,83,.cpp,text/x-c++src,False,2026-06-12T15:44:00.388206+00:00
Open3D/cpp/open3d/core/kernel/IndexGetSetCUDA.cu,4271,False,ascii,1.0,LF,107,.cu,application/cu-seeme,False,2026-06-12T15:44:00.392360+00:00
Open3D/cpp/open3d/core/kernel/IndexGetSetSYCL.cpp,3206,False,ascii,1.0,LF,76,.cpp,text/x-c++src,False,2026-06-12T15:44:00.392360+00:00
Open3D/cpp/open3d/core/kernel/IndexReduction.cpp,1582,False,ascii,1.0,LF,53,.cpp,text/x-c++src,False,2026-06-12T15:44:00.392360+00:00
Open3D/cpp/open3d/core/kernel/IndexReduction.h,1289,False,ascii,1.0,LF,43,.h,text/x-chdr,False,2026-06-12T15:44:00.392360+00:00
Open3D/cpp/open3d/core/kernel/IndexReductionCPU.cpp,3094,False,ascii,1.0,LF,79,.cpp,text/x-c++src,False,2026-06-12T15:44:00.392360+00:00
Open3D/cpp/open3d/core/kernel/IndexReductionCUDA.cu,3199,False,ascii,1.0,LF,82,.cu,application/cu-seeme,False,2026-06-12T15:44:00.392360+00:00
Open3D/cpp/open3d/core/kernel/IndexReductionSYCL.cpp,6741,False,ascii,1.0,LF,162,.cpp,text/x-c++src,False,2026-06-12T15:44:00.392360+00:00
Open3D/cpp/open3d/core/kernel/Kernel.cpp,1894,False,ascii,1.0,LF,51,.cpp,text/x-c++src,False,2026-06-12T15:44:00.392360+00:00
Open3D/cpp/open3d/core/kernel/Kernel.h,771,False,ascii,1.0,LF,24,.h,text/x-chdr,False,2026-06-12T15:44:00.392360+00:00
Open3D/cpp/open3d/core/kernel/NonZero.cpp,1195,False,ascii,1.0,LF,40,.cpp,text/x-c++src,False,2026-06-12T15:44:00.392360+00:00
Open3D/cpp/open3d/core/kernel/NonZero.h,784,False,ascii,1.0,LF,30,.h,text/x-chdr,False,2026-06-12T15:44:00.392360+00:00
Open3D/cpp/open3d/core/kernel/NonZeroCPU.cpp,2749,False,ascii,1.0,LF,66,.cpp,text/x-c++src,False,2026-06-12T15:44:00.392360+00:00
Open3D/cpp/open3d/core/kernel/NonZeroCUDA.cu,3905,False,ascii,1.0,LF,105,.cu,application/cu-seeme,False,2026-06-12T15:44:00.392360+00:00
Open3D/cpp/open3d/core/kernel/NonZeroSYCL.cpp,3236,False,ascii,1.0,LF,76,.cpp,text/x-c++src,False,2026-06-12T15:44:00.392360+00:00
Open3D/cpp/open3d/core/kernel/Reduction.cpp,3483,False,ascii,1.0,LF,101,.cpp,text/x-c++src,False,2026-06-12T15:44:00.392360+00:00
Open3D/cpp/open3d/core/kernel/Reduction.h,2258,False,ascii,1.0,LF,80,.h,text/x-chdr,False,2026-06-12T15:44:00.392360+00:00
Open3D/cpp/open3d/core/kernel/ReductionCPU.cpp,16569,False,ascii,1.0,LF,394,.cpp,text/x-c++src,False,2026-06-12T15:44:00.392360+00:00
Open3D/cpp/open3d/core/kernel/ReductionCUDA.cu,43271,False,ascii,1.0,LF,1134,.cu,application/cu-seeme,False,2026-06-12T15:44:00.392360+00:00
Open3D/cpp/open3d/core/kernel/ReductionSYCL.cpp,14887,False,ascii,1.0,LF,320,.cpp,text/x-c++src,False,2026-06-12T15:44:00.392360+00:00
Open3D/cpp/open3d/core/kernel/UnaryEW.cpp,3801,False,ascii,1.0,LF,102,.cpp,text/x-c++src,False,2026-06-12T15:44:00.392360+00:00
Open3D/cpp/open3d/core/kernel/UnaryEW.h,1486,False,ascii,1.0,LF,61,.h,text/x-chdr,False,2026-06-12T15:44:00.392360+00:00
Open3D/cpp/open3d/core/kernel/UnaryEWCPU.cpp,16013,False,ascii,1.0,LF,364,.cpp,text/x-c++src,False,2026-06-12T15:44:00.392360+00:00
Open3D/cpp/open3d/core/kernel/UnaryEWCPU.ispc,15313,False,ascii,1.0,LF,342,.ispc,,False,2026-06-12T15:44:00.392360+00:00
Open3D/cpp/open3d/core/kernel/UnaryEWCUDA.cu,17976,False,ascii,1.0,LF,392,.cu,application/cu-seeme,False,2026-06-12T15:44:00.392360+00:00
Open3D/cpp/open3d/core/kernel/UnaryEWSYCL.cpp,13600,False,ascii,1.0,LF,290,.cpp,text/x-c++src,False,2026-06-12T15:44:00.392360+00:00
Open3D/cpp/open3d/core/linalg/AddMM.cpp,3773,False,ascii,1.0,LF,116,.cpp,text/x-c++src,False,2026-06-12T15:44:00.392360+00:00
Open3D/cpp/open3d/core/linalg/AddMM.h,2167,False,ascii,1.0,LF,75,.h,text/x-chdr,False,2026-06-12T15:44:00.392360+00:00
Open3D/cpp/open3d/core/linalg/AddMMCPU.cpp,1464,False,ascii,1.0,LF,42,.cpp,text/x-c++src,False,2026-06-12T15:44:00.392360+00:00
Open3D/cpp/open3d/core/linalg/AddMMCUDA.cpp,1710,False,ascii,1.0,LF,46,.cpp,text/x-c++src,False,2026-06-12T15:44:00.392360+00:00
Open3D/cpp/open3d/core/linalg/AddMMSYCL.cpp,1822,False,ascii,1.0,LF,49,.cpp,text/x-c++src,False,2026-06-12T15:44:00.392360+00:00
Open3D/cpp/open3d/core/linalg/BlasWrapper.h,8545,False,ascii,1.0,LF,194,.h,text/x-chdr,False,2026-06-12T15:44:00.392360+00:00
Open3D/cpp/open3d/core/linalg/Det.cpp,2246,False,ascii,1.0,LF,61,.cpp,text/x-c++src,False,2026-06-12T15:44:00.392360+00:00
Open3D/cpp/open3d/core/linalg/Det.h,599,False,ascii,1.0,LF,19,.h,text/x-chdr,False,2026-06-12T15:44:00.392360+00:00
Open3D/cpp/open3d/core/linalg/Inverse.cpp,3183,False,ascii,1.0,LF,94,.cpp,text/x-c++src,False,2026-06-12T15:44:00.392360+00:00
Open3D/cpp/open3d/core/linalg/Inverse.h,1340,False,ascii,1.0,LF,44,.h,text/x-chdr,False,2026-06-12T15:44:00.392360+00:00
Open3D/cpp/open3d/core/linalg/InverseCPU.cpp,1400,False,ascii,1.0,LF,36,.cpp,text/x-c++src,False,2026-06-12T15:44:00.392360+00:00
Open3D/cpp/open3d/core/linalg/InverseCUDA.cpp,2239,False,ascii,1.0,LF,55,.cpp,text/x-c++src,False,2026-06-12T15:44:00.392360+00:00
Open3D/cpp/open3d/core/linalg/InverseSYCL.cpp,1980,False,ascii,1.0,LF,48,.cpp,text/x-c++src,False,2026-06-12T15:44:00.392360+00:00
Open3D/cpp/open3d/core/linalg/LU.cpp,5674,False,ascii,1.0,LF,150,.cpp,text/x-c++src,False,2026-06-12T15:44:00.392360+00:00
Open3D/cpp/open3d/core/linalg/LU.h,818,False,ascii,1.0,LF,26,.h,text/x-chdr,False,2026-06-12T15:44:00.392360+00:00
Open3D/cpp/open3d/core/linalg/LUCPU.cpp,1129,False,ascii,1.0,LF,32,.cpp,text/x-c++src,False,2026-06-12T15:44:00.392360+00:00
Open3D/cpp/open3d/core/linalg/LUCUDA.cpp,1771,False,ascii,1.0,LF,47,.cpp,text/x-c++src,False,2026-06-12T15:44:00.392360+00:00
Open3D/cpp/open3d/core/linalg/LUImpl.h,1135,False,ascii,1.0,LF,42,.h,text/x-chdr,False,2026-06-12T15:44:00.392360+00:00
Open3D/cpp/open3d/core/linalg/LUSYCL.cpp,1556,False,ascii,1.0,LF,42,.cpp,text/x-c++src,False,2026-06-12T15:44:00.396515+00:00
Open3D/cpp/open3d/core/linalg/LapackWrapper.h,25231,False,ascii,1.0,LF,562,.h,text/x-chdr,False,2026-06-12T15:44:00.396515+00:00
Open3D/cpp/open3d/core/linalg/LeastSquares.cpp,2514,False,ascii,1.0,LF,80,.cpp,text/x-c++src,False,2026-06-12T15:44:00.396515+00:00
Open3D/cpp/open3d/core/linalg/LeastSquares.h,1481,False,ascii,1.0,LF,47,.h,text/x-chdr,False,2026-06-12T15:44:00.396515+00:00
Open3D/cpp/open3d/core/linalg/LeastSquaresCPU.cpp,1257,False,ascii,1.0,LF,33,.cpp,text/x-c++src,False,2026-06-12T15:44:00.396515+00:00
Open3D/cpp/open3d/core/linalg/LeastSquaresCUDA.cpp,3910,False,ascii,1.0,LF,87,.cpp,text/x-c++src,False,2026-06-12T15:44:00.396515+00:00
Open3D/cpp/open3d/core/linalg/LeastSquaresSYCL.cpp,1885,False,ascii,1.0,LF,46,.cpp,text/x-c++src,False,2026-06-12T15:44:00.396515+00:00
Open3D/cpp/open3d/core/linalg/LinalgHeadersCPU.h,827,False,ascii,1.0,LF,24,.h,text/x-chdr,False,2026-06-12T15:44:00.396515+00:00
Open3D/cpp/open3d/core/linalg/LinalgHeadersCUDA.h,4793,False,ascii,1.0,LF,122,.h,text/x-chdr,False,2026-06-12T15:44:00.396515+00:00
Open3D/cpp/open3d/core/linalg/LinalgUtils.cpp,3198,False,ascii,1.0,LF,93,.cpp,text/x-c++src,False,2026-06-12T15:44:00.396515+00:00
Open3D/cpp/open3d/core/linalg/LinalgUtils.h,3613,False,ascii,1.0,LF,106,.h,text/x-chdr,False,2026-06-12T15:44:00.396515+00:00
Open3D/cpp/open3d/core/linalg/Matmul.cpp,2826,False,ascii,1.0,LF,89,.cpp,text/x-c++src,False,2026-06-12T15:44:00.396515+00:00
Open3D/cpp/open3d/core/linalg/Matmul.h,1361,False,ascii,1.0,LF,46,.h,text/x-chdr,False,2026-06-12T15:44:00.396515+00:00
Open3D/cpp/open3d/core/linalg/MatmulCPU.cpp,1191,False,ascii,1.0,LF,31,.cpp,text/x-c++src,False,2026-06-12T15:44:00.396515+00:00
Open3D/cpp/open3d/core/linalg/MatmulCUDA.cpp,1480,False,ascii,1.0,LF,38,.cpp,text/x-c++src,False,2026-06-12T15:44:00.396515+00:00
Open3D/cpp/open3d/core/linalg/MatmulSYCL.cpp,1479,False,ascii,1.0,LF,39,.cpp,text/x-c++src,False,2026-06-12T15:44:00.396515+00:00
Open3D/cpp/open3d/core/linalg/SVD.cpp,2435,False,ascii,1.0,LF,75,.cpp,text/x-c++src,False,2026-06-12T15:44:00.396515+00:00
Open3D/cpp/open3d/core/linalg/SVD.h,1506,False,ascii,1.0,LF,53,.h,text/x-chdr,False,2026-06-12T15:44:00.396515+00:00
Open3D/cpp/open3d/core/linalg/SVDCPU.cpp,1441,False,ascii,1.0,LF,39,.cpp,text/x-c++src,False,2026-06-12T15:44:00.396515+00:00
Open3D/cpp/open3d/core/linalg/SVDCUDA.cpp,2054,False,ascii,1.0,LF,54,.cpp,text/x-c++src,False,2026-06-12T15:44:00.396515+00:00
Open3D/cpp/open3d/core/linalg/SVDSYCL.cpp,1864,False,ascii,1.0,LF,48,.cpp,text/x-c++src,False,2026-06-12T15:44:00.396515+00:00
Open3D/cpp/open3d/core/linalg/Solve.cpp,3189,False,ascii,1.0,LF,99,.cpp,text/x-c++src,False,2026-06-12T15:44:00.396515+00:00
Open3D/cpp/open3d/core/linalg/Solve.h,1327,False,ascii,1.0,LF,47,.h,text/x-chdr,False,2026-06-12T15:44:00.396515+00:00
Open3D/cpp/open3d/core/linalg/SolveCPU.cpp,1195,False,ascii,1.0,LF,33,.cpp,text/x-c++src,False,2026-06-12T15:44:00.396515+00:00
Open3D/cpp/open3d/core/linalg/SolveCUDA.cpp,2449,False,ascii,1.0,LF,60,.cpp,text/x-c++src,False,2026-06-12T15:44:00.396515+00:00
Open3D/cpp/open3d/core/linalg/SolveSYCL.cpp,1680,False,ascii,1.0,LF,44,.cpp,text/x-c++src,False,2026-06-12T15:44:00.396515+00:00
Open3D/cpp/open3d/core/linalg/Tri.cpp,3433,False,ascii,1.0,LF,103,.cpp,text/x-c++src,False,2026-06-12T15:44:00.396515+00:00
Open3D/cpp/open3d/core/linalg/Tri.h,920,False,ascii,1.0,LF,28,.h,text/x-chdr,False,2026-06-12T15:44:00.396515+00:00
Open3D/cpp/open3d/core/linalg/TriCPU.cpp,3086,False,ascii,1.0,LF,78,.cpp,text/x-c++src,False,2026-06-12T15:44:00.396515+00:00
Open3D/cpp/open3d/core/linalg/TriCUDA.cu,3312,False,ascii,1.0,LF,80,.cu,application/cu-seeme,False,2026-06-12T15:44:00.396515+00:00
Open3D/cpp/open3d/core/linalg/TriImpl.h,1453,False,ascii,1.0,LF,47,.h,text/x-chdr,False,2026-06-12T15:44:00.396515+00:00
Open3D/cpp/open3d/core/linalg/TriSYCL.cpp,3614,False,ascii,1.0,LF,82,.cpp,text/x-c++src,False,2026-06-12T15:44:00.396515+00:00
Open3D/cpp/open3d/core/linalg/kernel/Matrix.h,9311,False,ascii,1.0,LF,240,.h,text/x-chdr,False,2026-06-12T15:44:00.396515+00:00
Open3D/cpp/open3d/core/linalg/kernel/SVD3x3.h,68612,False,ascii,1.0,LF,2112,.h,text/x-chdr,False,2026-06-12T15:44:00.396515+00:00
Open3D/cpp/open3d/core/nns/FixedRadiusIndex.cpp,10154,False,ascii,1.0,LF,259,.cpp,text/x-c++src,False,2026-06-12T15:44:00.396515+00:00
Open3D/cpp/open3d/core/nns/FixedRadiusIndex.h,20556,False,ascii,1.0,LF,461,.h,text/x-chdr,False,2026-06-12T15:44:00.396515+00:00
Open3D/cpp/open3d/core/nns/FixedRadiusSearchImpl.cuh,41072,False,ascii,1.0,LF,1077,.cuh,,False,2026-06-12T15:44:00.396515+00:00
Open3D/cpp/open3d/core/nns/FixedRadiusSearchImpl.h,26716,False,ascii,1.0,LF,586,.h,text/x-chdr,False,2026-06-12T15:44:00.396515+00:00
Open3D/cpp/open3d/core/nns/FixedRadiusSearchOps.cpp,6177,False,ascii,1.0,LF,130,.cpp,text/x-c++src,False,2026-06-12T15:44:00.400669+00:00
Open3D/cpp/open3d/core/nns/FixedRadiusSearchOps.cu,11009,False,ascii,1.0,LF,241,.cu,application/cu-seeme,False,2026-06-12T15:44:00.400669+00:00
Open3D/cpp/open3d/core/nns/KnnIndex.cpp,5232,False,ascii,1.0,LF,140,.cpp,text/x-c++src,False,2026-06-12T15:44:00.400669+00:00
Open3D/cpp/open3d/core/nns/KnnIndex.h,3403,False,ascii,1.0,LF,91,.h,text/x-chdr,False,2026-06-12T15:44:00.400669+00:00
Open3D/cpp/open3d/core/nns/KnnSearchImpl.cuh,4354,False,ascii,1.0,LF,145,.cuh,,False,2026-06-12T15:44:00.400669+00:00
Open3D/cpp/open3d/core/nns/KnnSearchOps.cu,29723,False,ascii,1.0,LF,660,.cu,application/cu-seeme,False,2026-06-12T15:44:00.400669+00:00
Open3D/cpp/open3d/core/nns/MemoryAllocation.h,6766,False,ascii,1.0,LF,189,.h,text/x-chdr,False,2026-06-12T15:44:00.400669+00:00
Open3D/cpp/open3d/core/nns/NNSIndex.cpp,1032,False,ascii,1.0,LF,32,.cpp,text/x-c++src,False,2026-06-12T15:44:00.400669+00:00
Open3D/cpp/open3d/core/nns/NNSIndex.h,4811,False,ascii,1.0,LF,125,.h,text/x-chdr,False,2026-06-12T15:44:00.400669+00:00
Open3D/cpp/open3d/core/nns/NanoFlannImpl.h,27592,False,ascii,1.0,LF,685,.h,text/x-chdr,False,2026-06-12T15:44:00.400669+00:00
Open3D/cpp/open3d/core/nns/NanoFlannIndex.cpp,8187,False,ascii,1.0,LF,202,.cpp,text/x-c++src,False,2026-06-12T15:44:00.400669+00:00
Open3D/cpp/open3d/core/nns/NanoFlannIndex.h,4482,False,ascii,1.0,LF,112,.h,text/x-chdr,False,2026-06-12T15:44:00.400669+00:00
Open3D/cpp/open3d/core/nns/NearestNeighborSearch.cpp,5463,False,ascii,1.0,LF,163,.cpp,text/x-c++src,False,2026-06-12T15:44:00.400669+00:00
Open3D/cpp/open3d/core/nns/NearestNeighborSearch.h,5840,False,ascii,1.0,LF,136,.h,text/x-chdr,False,2026-06-12T15:44:00.400669+00:00
Open3D/cpp/open3d/core/nns/NeighborSearchAllocator.h,2740,False,ascii,1.0,LF,80,.h,text/x-chdr,False,2026-06-12T15:44:00.400669+00:00
Open3D/cpp/open3d/core/nns/NeighborSearchCommon.h,1674,False,ascii,1.0,LF,59,.h,text/x-chdr,False,2026-06-12T15:44:00.400669+00:00
Open3D/cpp/open3d/core/nns/kernel/BlockMerge.cuh,10300,False,ascii,1.0,LF,305,.cuh,,False,2026-06-12T15:44:00.400669+00:00
Open3D/cpp/open3d/core/nns/kernel/BlockSelect.cuh,6307,False,ascii,1.0,LF,182,.cuh,,False,2026-06-12T15:44:00.400669+00:00
Open3D/cpp/open3d/core/nns/kernel/BlockSelectFloat32.cu,7591,False,ascii,1.0,LF,197,.cu,application/cu-seeme,False,2026-06-12T15:44:00.400669+00:00
Open3D/cpp/open3d/core/nns/kernel/BlockSelectFloat64.cu,7659,False,ascii,1.0,LF,197,.cu,application/cu-seeme,False,2026-06-12T15:44:00.400669+00:00
Open3D/cpp/open3d/core/nns/kernel/BlockSelectImpl.cuh,5630,False,ascii,1.0,LF,87,.cuh,,False,2026-06-12T15:44:00.400669+00:00
Open3D/cpp/open3d/core/nns/kernel/DeviceDefs.cuh,2674,False,ascii,1.0,LF,67,.cuh,,False,2026-06-12T15:44:00.400669+00:00
Open3D/cpp/open3d/core/nns/kernel/DistancesUtils.cuh,10152,False,ascii,1.0,LF,309,.cuh,,False,2026-06-12T15:44:00.400669+00:00
Open3D/cpp/open3d/core/nns/kernel/L2Select.cuh,11178,False,ascii,1.0,LF,286,.cuh,,False,2026-06-12T15:44:00.400669+00:00
Open3D/cpp/open3d/core/nns/kernel/Limits.cuh,3386,False,ascii,1.0,LF,86,.cuh,,False,2026-06-12T15:44:00.400669+00:00
Open3D/cpp/open3d/core/nns/kernel/MergeNetwork.cuh,18825,False,ascii,1.0,LF,552,.cuh,,False,2026-06-12T15:44:00.400669+00:00
Open3D/cpp/open3d/core/nns/kernel/Pair.cuh,3334,False,ascii,1.0,LF,86,.cuh,,False,2026-06-12T15:44:00.400669+00:00
Open3D/cpp/open3d/core/nns/kernel/PtxUtils.cuh,4318,False,ascii,1.0,LF,115,.cuh,,False,2026-06-12T15:44:00.400669+00:00
Open3D/cpp/open3d/core/nns/kernel/Reduction.cuh,5318,False,ascii,1.0,LF,170,.cuh,,False,2026-06-12T15:44:00.400669+00:00
Open3D/cpp/open3d/core/nns/kernel/ReductionOps.cuh,3128,False,ascii,1.0,LF,82,.cuh,,False,2026-06-12T15:44:00.400669+00:00
Open3D/cpp/open3d/core/nns/kernel/Select.cuh,18529,False,ascii,1.0,LF,571,.cuh,,False,2026-06-12T15:44:00.400669+00:00
Open3D/cpp/open3d/core/nns/kernel/StaticUtils.cuh,4091,False,ascii,1.0,LF,115,.cuh,,False,2026-06-12T15:44:00.400669+00:00
Open3D/cpp/open3d/core/nns/kernel/WarpShuffle.cuh,5143,False,ascii,1.0,LF,149,.cuh,,False,2026-06-12T15:44:00.400669+00:00
Open3D/cpp/open3d/data/CMakeLists.txt,1689,False,ascii,1.0,LF,55,.txt,text/plain,False,2026-06-12T15:44:00.400669+00:00
Open3D/cpp/open3d/data/Dataset.cpp,5068,False,ascii,1.0,LF,141,.cpp,text/x-c++src,False,2026-06-12T15:44:00.400669+00:00
Open3D/cpp/open3d/data/Dataset.h,48951,False,utf-8,0.8193,LF,1269,.h,text/x-chdr,False,2026-06-12T15:44:00.400669+00:00
Open3D/cpp/open3d/data/dataset/ArmadilloMesh.cpp,934,False,ascii,1.0,LF,27,.cpp,text/x-c++src,False,2026-06-12T15:44:00.400669+00:00
Open3D/cpp/open3d/data/dataset/AvocadoModel.cpp,924,False,ascii,1.0,LF,27,.cpp,text/x-c++src,False,2026-06-12T15:44:00.400669+00:00
Open3D/cpp/open3d/data/dataset/BedroomRGBDImages.cpp,1928,False,ascii,1.0,LF,48,.cpp,text/x-c++src,False,2026-06-12T15:44:00.400669+00:00
Open3D/cpp/open3d/data/dataset/BunnyMesh.cpp,909,False,ascii,1.0,LF,27,.cpp,text/x-c++src,False,2026-06-12T15:44:00.400669+00:00
Open3D/cpp/open3d/data/dataset/CrateModel.cpp,1146,False,ascii,1.0,LF,30,.cpp,text/x-c++src,False,2026-06-12T15:44:00.400669+00:00
Open3D/cpp/open3d/data/dataset/DamagedHelmetModel.cpp,954,False,ascii,1.0,LF,27,.cpp,text/x-c++src,False,2026-06-12T15:44:00.400669+00:00
Open3D/cpp/open3d/data/dataset/DemoColoredICPPointClouds.cpp,1301,False,ascii,1.0,LF,38,.cpp,text/x-c++src,False,2026-06-12T15:44:00.400669+00:00
Open3D/cpp/open3d/data/dataset/DemoCropPointCloud.cpp,1061,False,ascii,1.0,LF,29,.cpp,text/x-c++src,False,2026-06-12T15:44:00.400669+00:00
Open3D/cpp/open3d/data/dataset/DemoCustomVisualization.cpp,1158,False,ascii,1.0,LF,30,.cpp,text/x-c++src,False,2026-06-12T15:44:00.400669+00:00
Open3D/cpp/open3d/data/dataset/DemoDopplerICPSequence.cpp,3892,False,ascii,1.0,LF,121,.cpp,text/x-c++src,False,2026-06-12T15:44:00.400669+00:00
Open3D/cpp/open3d/data/dataset/DemoFeatureMatchingPointClouds.cpp,1423,False,ascii,1.0,LF,36,.cpp,text/x-c++src,False,2026-06-12T15:44:00.400669+00:00
Open3D/cpp/open3d/data/dataset/DemoICPPointClouds.cpp,1358,False,ascii,1.0,LF,40,.cpp,text/x-c++src,False,2026-06-12T15:44:00.400669+00:00
Open3D/cpp/open3d/data/dataset/DemoPoseGraphOptimization.cpp,1161,False,ascii,1.0,LF,31,.cpp,text/x-c++src,False,2026-06-12T15:44:00.400669+00:00
Open3D/cpp/open3d/data/dataset/EaglePointCloud.cpp,939,False,ascii,1.0,LF,27,.cpp,text/x-c++src,False,2026-06-12T15:44:00.400669+00:00
Open3D/cpp/open3d/data/dataset/FlightHelmetModel.cpp,3317,False,ascii,1.0,LF,71,.cpp,text/x-c++src,False,2026-06-12T15:44:00.400669+00:00
Open3D/cpp/open3d/data/dataset/JackJackL515Bag.cpp,921,False,ascii,1.0,LF,26,.cpp,text/x-c++src,False,2026-06-12T15:44:00.400669+00:00
Open3D/cpp/open3d/data/dataset/JuneauImage.cpp,919,False,ascii,1.0,LF,27,.cpp,text/x-c++src,False,2026-06-12T15:44:00.400669+00:00
Open3D/cpp/open3d/data/dataset/KnotMesh.cpp,904,False,ascii,1.0,LF,27,.cpp,text/x-c++src,False,2026-06-12T15:44:00.400669+00:00
Open3D/cpp/open3d/data/dataset/LivingRoomPointClouds.cpp,1336,False,ascii,1.0,LF,40,.cpp,text/x-c++src,False,2026-06-12T15:44:00.400669+00:00
Open3D/cpp/open3d/data/dataset/LoungeRGBDImages.cpp,1470,False,ascii,1.0,LF,39,.cpp,text/x-c++src,False,2026-06-12T15:44:00.400669+00:00
Open3D/cpp/open3d/data/dataset/MetalTexture.cpp,1217,False,ascii,1.0,LF,32,.cpp,text/x-c++src,False,2026-06-12T15:44:00.400669+00:00
Open3D/cpp/open3d/data/dataset/MonkeyModel.cpp,1486,False,ascii,1.0,LF,37,.cpp,text/x-c++src,False,2026-06-12T15:44:00.400669+00:00
Open3D/cpp/open3d/data/dataset/OfficePointClouds.cpp,1316,False,ascii,1.0,LF,40,.cpp,text/x-c++src,False,2026-06-12T15:44:00.400669+00:00
Open3D/cpp/open3d/data/dataset/PCDPointCloud.cpp,919,False,ascii,1.0,LF,27,.cpp,text/x-c++src,False,2026-06-12T15:44:00.400669+00:00
Open3D/cpp/open3d/data/dataset/PLYPointCloud.cpp,919,False,ascii,1.0,LF,27,.cpp,text/x-c++src,False,2026-06-12T15:44:00.400669+00:00
Open3D/cpp/open3d/data/dataset/PTSPointCloud.cpp,941,False,ascii,1.0,LF,27,.cpp,text/x-c++src,False,2026-06-12T15:44:00.400669+00:00
Open3D/cpp/open3d/data/dataset/PaintedPlasterTexture.cpp,1198,False,ascii,1.0,LF,31,.cpp,text/x-c++src,False,2026-06-12T15:44:00.400669+00:00
Open3D/cpp/open3d/data/dataset/RedwoodIndoorLivingRoom1.cpp,3189,False,ascii,1.0,LF,87,.cpp,text/x-c++src,False,2026-06-12T15:44:00.400669+00:00
Open3D/cpp/open3d/data/dataset/RedwoodIndoorLivingRoom2.cpp,3150,False,ascii,1.0,LF,86,.cpp,text/x-c++src,False,2026-06-12T15:44:00.400669+00:00
Open3D/cpp/open3d/data/dataset/RedwoodIndoorOffice1.cpp,3085,False,ascii,1.0,LF,85,.cpp,text/x-c++src,False,2026-06-12T15:44:00.400669+00:00
Open3D/cpp/open3d/data/dataset/RedwoodIndoorOffice2.cpp,3085,False,ascii,1.0,LF,85,.cpp,text/x-c++src,False,2026-06-12T15:44:00.400669+00:00
Open3D/cpp/open3d/data/dataset/SampleFountainRGBDImages.cpp,5661,False,ascii,1.0,LF,97,.cpp,text/x-c++src,False,2026-06-12T15:44:00.400669+00:00
Open3D/cpp/open3d/data/dataset/SampleICPPointClouds.cpp,894,False,ascii,1.0,LF,25,.cpp,text/x-c++src,False,2026-06-12T15:44:00.400669+00:00
Open3D/cpp/open3d/data/dataset/SampleL515Bag.cpp,927,False,ascii,1.0,LF,27,.cpp,text/x-c++src,False,2026-06-12T15:44:00.400669+00:00
Open3D/cpp/open3d/data/dataset/SampleNYURGBDImage.cpp,1005,False,ascii,1.0,LF,28,.cpp,text/x-c++src,False,2026-06-12T15:44:00.400669+00:00
Open3D/cpp/open3d/data/dataset/SampleRedwoodRGBDImages.cpp,1733,False,ascii,1.0,LF,43,.cpp,text/x-c++src,False,2026-06-12T15:44:00.400669+00:00
Open3D/cpp/open3d/data/dataset/SampleSUNRGBDImage.cpp,1005,False,ascii,1.0,LF,28,.cpp,text/x-c++src,False,2026-06-12T15:44:00.400669+00:00
Open3D/cpp/open3d/data/dataset/SampleTUMRGBDImage.cpp,1005,False,ascii,1.0,LF,28,.cpp,text/x-c++src,False,2026-06-12T15:44:00.400669+00:00
Open3D/cpp/open3d/data/dataset/SwordModel.cpp,1337,False,ascii,1.0,LF,34,.cpp,text/x-c++src,False,2026-06-12T15:44:00.400669+00:00
Open3D/cpp/open3d/data/dataset/TerrazzoTexture.cpp,1171,False,ascii,1.0,LF,31,.cpp,text/x-c++src,False,2026-06-12T15:44:00.400669+00:00
Open3D/cpp/open3d/data/dataset/TilesTexture.cpp,1150,False,ascii,1.0,LF,31,.cpp,text/x-c++src,False,2026-06-12T15:44:00.400669+00:00
Open3D/cpp/open3d/data/dataset/WoodFloorTexture.cpp,1178,False,ascii,1.0,LF,31,.cpp,text/x-c++src,False,2026-06-12T15:44:00.404824+00:00
Open3D/cpp/open3d/data/dataset/WoodTexture.cpp,1143,False,ascii,1.0,LF,31,.cpp,text/x-c++src,False,2026-06-12T15:44:00.404824+00:00
Open3D/cpp/open3d/geometry/BoundingVolume.cpp,15851,False,ascii,1.0,LF,462,.cpp,text/x-c++src,False,2026-06-12T15:44:00.404824+00:00
Open3D/cpp/open3d/geometry/BoundingVolume.h,16853,False,ascii,1.0,LF,405,.h,text/x-chdr,False,2026-06-12T15:44:00.404824+00:00
Open3D/cpp/open3d/geometry/CMakeLists.txt,1074,False,ascii,1.0,LF,43,.txt,text/plain,False,2026-06-12T15:44:00.404824+00:00
Open3D/cpp/open3d/geometry/EstimateNormals.cpp,18872,False,ascii,1.0,LF,548,.cpp,text/x-c++src,False,2026-06-12T15:44:00.404824+00:00
Open3D/cpp/open3d/geometry/Geometry.h,2531,False,ascii,1.0,LF,87,.h,text/x-chdr,False,2026-06-12T15:44:00.404824+00:00
Open3D/cpp/open3d/geometry/Geometry2D.h,1273,False,ascii,1.0,LF,42,.h,text/x-chdr,False,2026-06-12T15:44:00.404824+00:00
Open3D/cpp/open3d/geometry/Geometry3D.cpp,7419,False,ascii,1.0,LF,209,.cpp,text/x-c++src,False,2026-06-12T15:44:00.404824+00:00
Open3D/cpp/open3d/geometry/Geometry3D.h,9560,False,ascii,1.0,LF,214,.h,text/x-chdr,False,2026-06-12T15:44:00.404824+00:00
Open3D/cpp/open3d/geometry/HalfEdgeTriangleMesh.cpp,11949,False,ascii,1.0,LF,286,.cpp,text/x-c++src,False,2026-06-12T15:44:00.404824+00:00
Open3D/cpp/open3d/geometry/HalfEdgeTriangleMesh.h,4490,False,ascii,1.0,LF,119,.h,text/x-chdr,False,2026-06-12T15:44:00.404824+00:00
Open3D/cpp/open3d/geometry/ISSKeypoints.cpp,4818,False,ascii,1.0,LF,135,.cpp,text/x-c++src,False,2026-06-12T15:44:00.404824+00:00
Open3D/cpp/open3d/geometry/Image.cpp,14366,False,ascii,1.0,LF,396,.cpp,text/x-c++src,False,2026-06-12T15:44:00.404824+00:00
Open3D/cpp/open3d/geometry/Image.h,8167,False,ascii,1.0,LF,228,.h,text/x-chdr,False,2026-06-12T15:44:00.404824+00:00
Open3D/cpp/open3d/geometry/ImageFactory.cpp,6267,False,ascii,1.0,LF,155,.cpp,text/x-c++src,False,2026-06-12T15:44:00.404824+00:00
Open3D/cpp/open3d/geometry/IntersectionTest.cpp,7320,False,ascii,1.0,LF,202,.cpp,text/x-c++src,False,2026-06-12T15:44:00.404824+00:00
Open3D/cpp/open3d/geometry/IntersectionTest.h,8430,False,ascii,1.0,LF,181,.h,text/x-chdr,False,2026-06-12T15:44:00.404824+00:00
Open3D/cpp/open3d/geometry/KDTreeFlann.cpp,8492,False,ascii,1.0,LF,225,.cpp,text/x-c++src,False,2026-06-12T15:44:00.404824+00:00
Open3D/cpp/open3d/geometry/KDTreeFlann.h,3773,False,ascii,1.0,LF,110,.h,text/x-chdr,False,2026-06-12T15:44:00.404824+00:00
Open3D/cpp/open3d/geometry/KDTreeSearchParam.h,2647,False,ascii,1.0,LF,96,.h,text/x-chdr,False,2026-06-12T15:44:00.404824+00:00
Open3D/cpp/open3d/geometry/Keypoint.h,2284,False,ascii,1.0,LF,50,.h,text/x-chdr,False,2026-06-12T15:44:00.404824+00:00
Open3D/cpp/open3d/geometry/Line3D.cpp,15941,False,ascii,1.0,LF,390,.cpp,text/x-c++src,False,2026-06-12T15:44:00.404824+00:00
Open3D/cpp/open3d/geometry/Line3D.h,21314,False,ascii,1.0,LF,434,.h,text/x-chdr,False,2026-06-12T15:44:00.404824+00:00
Open3D/cpp/open3d/geometry/LineSet.cpp,3246,False,ascii,1.0,LF,104,.cpp,text/x-c++src,False,2026-06-12T15:44:00.404824+00:00
Open3D/cpp/open3d/geometry/LineSet.h,6923,False,ascii,1.0,LF,179,.h,text/x-chdr,False,2026-06-12T15:44:00.404824+00:00
Open3D/cpp/open3d/geometry/LineSetFactory.cpp,8714,False,ascii,1.0,LF,209,.cpp,text/x-c++src,False,2026-06-12T15:44:00.404824+00:00
Open3D/cpp/open3d/geometry/MeshBase.cpp,3939,False,ascii,1.0,LF,121,.cpp,text/x-c++src,False,2026-06-12T15:44:00.404824+00:00
Open3D/cpp/open3d/geometry/MeshBase.h,6707,False,ascii,1.0,LF,166,.h,text/x-chdr,False,2026-06-12T15:44:00.404824+00:00
Open3D/cpp/open3d/geometry/Octree.cpp,30614,False,ascii,1.0,LF,804,.cpp,text/x-c++src,False,2026-06-12T15:44:00.404824+00:00
Open3D/cpp/open3d/geometry/Octree.h,16557,False,utf-8,0.8006,LF,426,.h,text/x-chdr,False,2026-06-12T15:44:00.408979+00:00
Open3D/cpp/open3d/geometry/PointCloud.cpp,30874,False,ascii,1.0,LF,817,.cpp,text/x-c++src,False,2026-06-12T15:44:00.408979+00:00
Open3D/cpp/open3d/geometry/PointCloud.h,21695,False,utf-8,0.8006,LF,485,.h,text/x-chdr,False,2026-06-12T15:44:00.408979+00:00
Open3D/cpp/open3d/geometry/PointCloudCluster.cpp,3213,False,ascii,1.0,LF,98,.cpp,text/x-c++src,False,2026-06-12T15:44:00.408979+00:00
Open3D/cpp/open3d/geometry/PointCloudFactory.cpp,8405,False,ascii,1.0,LF,202,.cpp,text/x-c++src,False,2026-06-12T15:44:00.408979+00:00
Open3D/cpp/open3d/geometry/PointCloudPlanarPatchDetection.cpp,40805,False,utf-8,0.8004,LF,1035,.cpp,text/x-c++src,False,2026-06-12T15:44:00.408979+00:00
Open3D/cpp/open3d/geometry/PointCloudSegmentation.cpp,8741,False,ascii,1.0,LF,258,.cpp,text/x-c++src,False,2026-06-12T15:44:00.408979+00:00
Open3D/cpp/open3d/geometry/Qhull.cpp,7107,False,ascii,1.0,LF,187,.cpp,text/x-c++src,False,2026-06-12T15:44:00.408979+00:00
Open3D/cpp/open3d/geometry/Qhull.h,1388,False,ascii,1.0,LF,39,.h,text/x-chdr,False,2026-06-12T15:44:00.408979+00:00
Open3D/cpp/open3d/geometry/RGBDImage.cpp,2554,False,ascii,1.0,LF,67,.cpp,text/x-c++src,False,2026-06-12T15:44:00.408979+00:00
Open3D/cpp/open3d/geometry/RGBDImage.h,4570,False,ascii,1.0,LF,129,.h,text/x-chdr,False,2026-06-12T15:44:00.408979+00:00
Open3D/cpp/open3d/geometry/RGBDImageFactory.cpp,4464,False,ascii,1.0,LF,107,.cpp,text/x-c++src,False,2026-06-12T15:44:00.408979+00:00
Open3D/cpp/open3d/geometry/SurfaceReconstructionAlphaShape.cpp,8617,False,ascii,1.0,LF,198,.cpp,text/x-c++src,False,2026-06-12T15:44:00.408979+00:00
Open3D/cpp/open3d/geometry/SurfaceReconstructionBallPivoting.cpp,28236,False,ascii,1.0,LF,746,.cpp,text/x-c++src,False,2026-06-12T15:44:00.408979+00:00
Open3D/cpp/open3d/geometry/SurfaceReconstructionPoisson.cpp,29402,False,ascii,1.0,LF,757,.cpp,text/x-c++src,False,2026-06-12T15:44:00.408979+00:00
Open3D/cpp/open3d/geometry/TetraMesh.cpp,13242,False,ascii,1.0,LF,345,.cpp,text/x-c++src,False,2026-06-12T15:44:00.408979+00:00
Open3D/cpp/open3d/geometry/TetraMesh.h,3651,False,ascii,1.0,LF,102,.h,text/x-chdr,False,2026-06-12T15:44:00.408979+00:00
Open3D/cpp/open3d/geometry/TetraMeshFactory.cpp,963,False,ascii,1.0,LF,25,.cpp,text/x-c++src,False,2026-06-12T15:44:00.408979+00:00
Open3D/cpp/open3d/geometry/TriangleMesh.cpp,66520,False,ascii,1.0,LF,1708,.cpp,text/x-c++src,False,2026-06-12T15:44:00.408979+00:00
Open3D/cpp/open3d/geometry/TriangleMesh.h,40976,False,utf-8,0.8004,LF,890,.h,text/x-chdr,False,2026-06-12T15:44:00.408979+00:00
Open3D/cpp/open3d/geometry/TriangleMeshDeformation.cpp,7776,False,ascii,1.0,LF,189,.cpp,text/x-c++src,False,2026-06-12T15:44:00.408979+00:00
Open3D/cpp/open3d/geometry/TriangleMeshFactory.cpp,50464,False,ascii,1.0,LF,1159,.cpp,text/x-c++src,False,2026-06-12T15:44:00.408979+00:00
Open3D/cpp/open3d/geometry/TriangleMeshSimplification.cpp,20718,False,ascii,1.0,LF,564,.cpp,text/x-c++src,False,2026-06-12T15:44:00.408979+00:00
Open3D/cpp/open3d/geometry/TriangleMeshSubdivide.cpp,14837,False,ascii,1.0,LF,360,.cpp,text/x-c++src,False,2026-06-12T15:44:00.408979+00:00
Open3D/cpp/open3d/geometry/VoxelGrid.cpp,14025,False,ascii,1.0,LF,394,.cpp,text/x-c++src,False,2026-06-12T15:44:00.408979+00:00
Open3D/cpp/open3d/geometry/VoxelGrid.h,14476,False,ascii,1.0,LF,376,.h,text/x-chdr,False,2026-06-12T15:44:00.408979+00:00
Open3D/cpp/open3d/geometry/VoxelGridFactory.cpp,7861,False,ascii,1.0,LF,176,.cpp,text/x-c++src,False,2026-06-12T15:44:00.408979+00:00
Open3D/cpp/open3d/io/CMakeLists.txt,1638,False,ascii,1.0,LF,66,.txt,text/plain,False,2026-06-12T15:44:00.413133+00:00
Open3D/cpp/open3d/io/FeatureIO.cpp,911,False,ascii,1.0,LF,27,.cpp,text/x-c++src,False,2026-06-12T15:44:00.413133+00:00
Open3D/cpp/open3d/io/FeatureIO.h,1242,False,ascii,1.0,LF,34,.h,text/x-chdr,False,2026-06-12T15:44:00.413133+00:00
Open3D/cpp/open3d/io/FileFormatIO.cpp,1793,False,ascii,1.0,LF,52,.cpp,text/x-c++src,False,2026-06-12T15:44:00.413133+00:00
Open3D/cpp/open3d/io/FileFormatIO.h,1792,False,ascii,1.0,LF,43,.h,text/x-chdr,False,2026-06-12T15:44:00.413133+00:00
Open3D/cpp/open3d/io/IJsonConvertibleIO.cpp,2834,False,ascii,1.0,LF,82,.cpp,text/x-c++src,False,2026-06-12T15:44:00.413133+00:00
Open3D/cpp/open3d/io/IJsonConvertibleIO.h,4474,False,ascii,1.0,LF,89,.h,text/x-chdr,False,2026-06-12T15:44:00.413133+00:00
Open3D/cpp/open3d/io/ImageIO.cpp,4802,False,ascii,1.0,LF,134,.cpp,text/x-c++src,False,2026-06-12T15:44:00.413133+00:00
Open3D/cpp/open3d/io/ImageIO.h,4022,False,ascii,1.0,LF,90,.h,text/x-chdr,False,2026-06-12T15:44:00.413133+00:00
Open3D/cpp/open3d/io/ImageWarpingFieldIO.cpp,3792,False,ascii,1.0,LF,110,.cpp,text/x-c++src,False,2026-06-12T15:44:00.413133+00:00
Open3D/cpp/open3d/io/ImageWarpingFieldIO.h,1338,False,ascii,1.0,LF,37,.h,text/x-chdr,False,2026-06-12T15:44:00.413133+00:00
Open3D/cpp/open3d/io/LineSetIO.cpp,3791,False,ascii,1.0,LF,103,.cpp,text/x-c++src,False,2026-06-12T15:44:00.413133+00:00
Open3D/cpp/open3d/io/LineSetIO.h,2257,False,ascii,1.0,LF,54,.h,text/x-chdr,False,2026-06-12T15:44:00.413133+00:00
Open3D/cpp/open3d/io/ModelIO.cpp,1452,False,ascii,1.0,LF,38,.cpp,text/x-c++src,False,2026-06-12T15:44:00.413133+00:00
Open3D/cpp/open3d/io/ModelIO.h,1939,False,ascii,1.0,LF,50,.h,text/x-chdr,False,2026-06-12T15:44:00.413133+00:00
Open3D/cpp/open3d/io/OctreeIO.cpp,3311,False,ascii,1.0,LF,94,.cpp,text/x-c++src,False,2026-06-12T15:44:00.413133+00:00
Open3D/cpp/open3d/io/OctreeIO.h,1769,False,ascii,1.0,LF,42,.h,text/x-chdr,False,2026-06-12T15:44:00.413133+00:00
Open3D/cpp/open3d/io/PinholeCameraTrajectoryIO.cpp,3875,False,ascii,1.0,LF,108,.cpp,text/x-c++src,False,2026-06-12T15:44:00.413133+00:00
Open3D/cpp/open3d/io/PinholeCameraTrajectoryIO.h,2076,False,ascii,1.0,LF,53,.h,text/x-chdr,False,2026-06-12T15:44:00.413133+00:00
Open3D/cpp/open3d/io/PointCloudIO.cpp,9372,False,ascii,1.0,LF,238,.cpp,text/x-c++src,False,2026-06-12T15:44:00.413133+00:00
Open3D/cpp/open3d/io/PointCloudIO.h,10576,False,ascii,1.0,LF,229,.h,text/x-chdr,False,2026-06-12T15:44:00.413133+00:00
Open3D/cpp/open3d/io/PoseGraphIO.cpp,3550,False,ascii,1.0,LF,101,.cpp,text/x-c++src,False,2026-06-12T15:44:00.413133+00:00
Open3D/cpp/open3d/io/PoseGraphIO.h,1519,False,ascii,1.0,LF,36,.h,text/x-chdr,False,2026-06-12T15:44:00.413133+00:00
Open3D/cpp/open3d/io/TriangleMeshIO.cpp,9429,False,ascii,1.0,LF,241,.cpp,text/x-c++src,False,2026-06-12T15:44:00.413133+00:00
Open3D/cpp/open3d/io/TriangleMeshIO.h,7395,False,ascii,1.0,LF,155,.h,text/x-chdr,False,2026-06-12T15:44:00.413133+00:00
Open3D/cpp/open3d/io/VoxelGridIO.cpp,3881,False,ascii,1.0,LF,104,.cpp,text/x-c++src,False,2026-06-12T15:44:00.413133+00:00
Open3D/cpp/open3d/io/VoxelGridIO.h,2321,False,ascii,1.0,LF,54,.h,text/x-chdr,False,2026-06-12T15:44:00.413133+00:00
Open3D/cpp/open3d/io/file_format/FileASSIMP.cpp,23819,False,utf-8,0.8003,LF,563,.cpp,text/x-c++src,False,2026-06-12T15:44:00.413133+00:00
Open3D/cpp/open3d/io/file_format/FileBIN.cpp,2835,False,ascii,1.0,LF,87,.cpp,text/x-c++src,False,2026-06-12T15:44:00.413133+00:00
Open3D/cpp/open3d/io/file_format/FileGLTF.cpp,28162,False,ascii,1.0,LF,595,.cpp,text/x-c++src,False,2026-06-12T15:44:00.413133+00:00
Open3D/cpp/open3d/io/file_format/FileJPG.cpp,8436,False,ascii,1.0,LF,233,.cpp,text/x-c++src,False,2026-06-12T15:44:00.413133+00:00
Open3D/cpp/open3d/io/file_format/FileJSON.cpp,3113,False,ascii,1.0,LF,95,.cpp,text/x-c++src,False,2026-06-12T15:44:00.413133+00:00
Open3D/cpp/open3d/io/file_format/FileLOG.cpp,4912,False,ascii,1.0,LF,119,.cpp,text/x-c++src,False,2026-06-12T15:44:00.413133+00:00
Open3D/cpp/open3d/io/file_format/FileOBJ.cpp,15749,False,ascii,1.0,LF,387,.cpp,text/x-c++src,False,2026-06-12T15:44:00.413133+00:00
Open3D/cpp/open3d/io/file_format/FileOFF.cpp,7928,False,ascii,1.0,LF,222,.cpp,text/x-c++src,False,2026-06-12T15:44:00.413133+00:00
Open3D/cpp/open3d/io/file_format/FilePCD.cpp,31291,False,ascii,1.0,LF,804,.cpp,text/x-c++src,False,2026-06-12T15:44:00.417288+00:00
Open3D/cpp/open3d/io/file_format/FilePLY.cpp,40551,False,ascii,1.0,LF,1108,.cpp,text/x-c++src,False,2026-06-12T15:44:00.417288+00:00
Open3D/cpp/open3d/io/file_format/FilePNG.cpp,4809,False,ascii,1.0,LF,144,.cpp,text/x-c++src,False,2026-06-12T15:44:00.417288+00:00
Open3D/cpp/open3d/io/file_format/FilePTS.cpp,6863,False,ascii,1.0,LF,181,.cpp,text/x-c++src,False,2026-06-12T15:44:00.417288+00:00
Open3D/cpp/open3d/io/file_format/FileSTL.cpp,3030,False,ascii,1.0,LF,82,.cpp,text/x-c++src,False,2026-06-12T15:44:00.417288+00:00
Open3D/cpp/open3d/io/file_format/FileTUM.cpp,3643,False,ascii,1.0,LF,94,.cpp,text/x-c++src,False,2026-06-12T15:44:00.417288+00:00
Open3D/cpp/open3d/io/file_format/FileXYZ.cpp,5744,False,ascii,1.0,LF,159,.cpp,text/x-c++src,False,2026-06-12T15:44:00.417288+00:00
Open3D/cpp/open3d/io/file_format/FileXYZN.cpp,3637,False,ascii,1.0,LF,100,.cpp,text/x-c++src,False,2026-06-12T15:44:00.417288+00:00
Open3D/cpp/open3d/io/file_format/FileXYZRGB.cpp,3642,False,ascii,1.0,LF,100,.cpp,text/x-c++src,False,2026-06-12T15:44:00.417288+00:00
Open3D/cpp/open3d/io/rpc/BufferConnection.cpp,1318,False,ascii,1.0,LF,42,.cpp,text/x-c++src,False,2026-06-12T15:44:00.417288+00:00
Open3D/cpp/open3d/io/rpc/BufferConnection.h,1171,False,ascii,1.0,LF,38,.h,text/x-chdr,False,2026-06-12T15:44:00.417288+00:00
Open3D/cpp/open3d/io/rpc/Connection.cpp,2516,False,ascii,1.0,LF,83,.cpp,text/x-c++src,False,2026-06-12T15:44:00.417288+00:00
Open3D/cpp/open3d/io/rpc/Connection.h,1765,False,ascii,1.0,LF,55,.h,text/x-chdr,False,2026-06-12T15:44:00.417288+00:00
Open3D/cpp/open3d/io/rpc/ConnectionBase.h,1021,False,ascii,1.0,LF,34,.h,text/x-chdr,False,2026-06-12T15:44:00.417288+00:00
Open3D/cpp/open3d/io/rpc/DummyMessageProcessor.h,2333,False,ascii,1.0,LF,65,.h,text/x-chdr,False,2026-06-12T15:44:00.417288+00:00
Open3D/cpp/open3d/io/rpc/DummyReceiver.cpp,835,False,ascii,1.0,LF,26,.cpp,text/x-c++src,False,2026-06-12T15:44:00.417288+00:00
Open3D/cpp/open3d/io/rpc/DummyReceiver.h,833,False,ascii,1.0,LF,26,.h,text/x-chdr,False,2026-06-12T15:44:00.417288+00:00
Open3D/cpp/open3d/io/rpc/MessageProcessorBase.cpp,3168,False,ascii,1.0,LF,97,.cpp,text/x-c++src,False,2026-06-12T15:44:00.417288+00:00
Open3D/cpp/open3d/io/rpc/MessageProcessorBase.h,2706,False,ascii,1.0,LF,82,.h,text/x-chdr,False,2026-06-12T15:44:00.417288+00:00
Open3D/cpp/open3d/io/rpc/MessageUtils.cpp,14401,False,ascii,1.0,LF,384,.cpp,text/x-c++src,False,2026-06-12T15:44:00.417288+00:00
Open3D/cpp/open3d/io/rpc/MessageUtils.h,3660,False,ascii,1.0,LF,96,.h,text/x-chdr,False,2026-06-12T15:44:00.417288+00:00
Open3D/cpp/open3d/io/rpc/Messages.h,17593,False,ascii,1.0,LF,549,.h,text/x-chdr,False,2026-06-12T15:44:00.417288+00:00
Open3D/cpp/open3d/io/rpc/RemoteFunctions.cpp,16375,False,ascii,1.0,LF,432,.cpp,text/x-c++src,False,2026-06-12T15:44:00.417288+00:00
Open3D/cpp/open3d/io/rpc/RemoteFunctions.h,9216,False,ascii,1.0,LF,214,.h,text/x-chdr,False,2026-06-12T15:44:00.417288+00:00
Open3D/cpp/open3d/io/rpc/ZMQContext.cpp,1021,False,ascii,1.0,LF,36,.cpp,text/x-c++src,False,2026-06-12T15:44:00.417288+00:00
Open3D/cpp/open3d/io/rpc/ZMQContext.h,838,False,ascii,1.0,LF,29,.h,text/x-chdr,False,2026-06-12T15:44:00.417288+00:00
Open3D/cpp/open3d/io/rpc/ZMQReceiver.cpp,7981,False,ascii,1.0,LF,220,.cpp,text/x-c++src,False,2026-06-12T15:44:00.417288+00:00
Open3D/cpp/open3d/io/rpc/ZMQReceiver.h,2397,False,ascii,1.0,LF,84,.h,text/x-chdr,False,2026-06-12T15:44:00.417288+00:00
Open3D/cpp/open3d/io/sensor/RGBDRecorder.h,1614,False,ascii,1.0,LF,43,.h,text/x-chdr,False,2026-06-12T15:44:00.417288+00:00
Open3D/cpp/open3d/io/sensor/RGBDSensor.h,1201,False,ascii,1.0,LF,38,.h,text/x-chdr,False,2026-06-12T15:44:00.417288+00:00
Open3D/cpp/open3d/io/sensor/RGBDSensorConfig.h,595,False,ascii,1.0,LF,18,.h,text/x-chdr,False,2026-06-12T15:44:00.417288+00:00
Open3D/cpp/open3d/io/sensor/azure_kinect/AzureKinectRecorder.cpp,3535,False,ascii,1.0,LF,104,.cpp,text/x-c++src,False,2026-06-12T15:44:00.421443+00:00
Open3D/cpp/open3d/io/sensor/azure_kinect/AzureKinectRecorder.h,2031,False,ascii,1.0,LF,66,.h,text/x-chdr,False,2026-06-12T15:44:00.421443+00:00
Open3D/cpp/open3d/io/sensor/azure_kinect/AzureKinectSensor.cpp,11489,False,ascii,1.0,LF,318,.cpp,text/x-c++src,False,2026-06-12T15:44:00.421443+00:00
Open3D/cpp/open3d/io/sensor/azure_kinect/AzureKinectSensor.h,1977,False,ascii,1.0,LF,63,.h,text/x-chdr,False,2026-06-12T15:44:00.421443+00:00
Open3D/cpp/open3d/io/sensor/azure_kinect/AzureKinectSensorConfig.cpp,13721,False,ascii,1.0,LF,300,.cpp,text/x-c++src,False,2026-06-12T15:44:00.421443+00:00
Open3D/cpp/open3d/io/sensor/azure_kinect/AzureKinectSensorConfig.h,1728,False,ascii,1.0,LF,51,.h,text/x-chdr,False,2026-06-12T15:44:00.421443+00:00
Open3D/cpp/open3d/io/sensor/azure_kinect/K4aPlugin.cpp,29665,False,ascii,1.0,LF,842,.cpp,text/x-c++src,False,2026-06-12T15:44:00.421443+00:00
Open3D/cpp/open3d/io/sensor/azure_kinect/K4aPlugin.h,12628,False,ascii,1.0,LF,332,.h,text/x-chdr,False,2026-06-12T15:44:00.421443+00:00
Open3D/cpp/open3d/io/sensor/azure_kinect/MKVMetadata.cpp,1378,False,ascii,1.0,LF,44,.cpp,text/x-c++src,False,2026-06-12T15:44:00.421443+00:00
Open3D/cpp/open3d/io/sensor/azure_kinect/MKVMetadata.h,1402,False,ascii,1.0,LF,49,.h,text/x-chdr,False,2026-06-12T15:44:00.421443+00:00
Open3D/cpp/open3d/io/sensor/azure_kinect/MKVReader.cpp,5761,False,ascii,1.0,LF,163,.cpp,text/x-c++src,False,2026-06-12T15:44:00.421443+00:00
Open3D/cpp/open3d/io/sensor/azure_kinect/MKVReader.h,1934,False,ascii,1.0,LF,60,.h,text/x-chdr,False,2026-06-12T15:44:00.421443+00:00
Open3D/cpp/open3d/io/sensor/azure_kinect/MKVWriter.cpp,2185,False,ascii,1.0,LF,72,.cpp,text/x-c++src,False,2026-06-12T15:44:00.421443+00:00
Open3D/cpp/open3d/io/sensor/azure_kinect/MKVWriter.h,1415,False,ascii,1.0,LF,43,.h,text/x-chdr,False,2026-06-12T15:44:00.421443+00:00
Open3D/cpp/open3d/io/sensor/azure_kinect/PluginMacros.h,10105,False,ascii,1.0,LF,216,.h,text/x-chdr,False,2026-06-12T15:44:00.421443+00:00
Open3D/cpp/open3d/ml/CMakeLists.txt,351,False,ascii,1.0,LF,14,.txt,text/plain,False,2026-06-12T15:44:00.421443+00:00
Open3D/cpp/open3d/ml/Helper.h,2779,False,ascii,1.0,LF,92,.h,text/x-chdr,False,2026-06-12T15:44:00.421443+00:00
Open3D/cpp/open3d/ml/ShapeChecking.h,22912,False,ascii,1.0,LF,675,.h,text/x-chdr,False,2026-06-12T15:44:00.421443+00:00
Open3D/cpp/open3d/ml/contrib/BallQuery.cu,1998,False,ascii,1.0,LF,61,.cu,application/cu-seeme,False,2026-06-12T15:44:00.421443+00:00
Open3D/cpp/open3d/ml/contrib/BallQuery.cuh,941,False,ascii,1.0,LF,25,.cuh,,False,2026-06-12T15:44:00.421443+00:00
Open3D/cpp/open3d/ml/contrib/CMakeLists.txt,514,False,ascii,1.0,LF,22,.txt,text/plain,False,2026-06-12T15:44:00.421443+00:00
Open3D/cpp/open3d/ml/contrib/Cloud.cpp,2932,False,ascii,1.0,LF,97,.cpp,text/x-c++src,False,2026-06-12T15:44:00.421443+00:00
Open3D/cpp/open3d/ml/contrib/Cloud.h,5446,False,ascii,1.0,LF,196,.h,text/x-chdr,False,2026-06-12T15:44:00.421443+00:00
Open3D/cpp/open3d/ml/contrib/GridSubsampling.cpp,10171,False,ascii,1.0,LF,251,.cpp,text/x-c++src,False,2026-06-12T15:44:00.421443+00:00
Open3D/cpp/open3d/ml/contrib/GridSubsampling.h,4639,False,ascii,1.0,LF,133,.h,text/x-chdr,False,2026-06-12T15:44:00.421443+00:00
Open3D/cpp/open3d/ml/contrib/InterpolatePoints.cu,4287,False,ascii,1.0,LF,134,.cu,application/cu-seeme,False,2026-06-12T15:44:00.421443+00:00
Open3D/cpp/open3d/ml/contrib/InterpolatePoints.cuh,1648,False,ascii,1.0,LF,43,.cuh,,False,2026-06-12T15:44:00.421443+00:00
Open3D/cpp/open3d/ml/contrib/IoU.cpp,1679,False,ascii,1.0,LF,50,.cpp,text/x-c++src,False,2026-06-12T15:44:00.421443+00:00
Open3D/cpp/open3d/ml/contrib/IoU.cu,3434,False,ascii,1.0,LF,100,.cu,application/cu-seeme,False,2026-06-12T15:44:00.421443+00:00
Open3D/cpp/open3d/ml/contrib/IoU.h,2265,False,ascii,1.0,LF,65,.h,text/x-chdr,False,2026-06-12T15:44:00.421443+00:00
Open3D/cpp/open3d/ml/contrib/IoUImpl.h,10521,False,ascii,1.0,LF,303,.h,text/x-chdr,False,2026-06-12T15:44:00.421443+00:00
Open3D/cpp/open3d/ml/contrib/Nms.cpp,7143,False,ascii,1.0,LF,164,.cpp,text/x-c++src,False,2026-06-12T15:44:00.421443+00:00
Open3D/cpp/open3d/ml/contrib/Nms.cu,7691,False,ascii,1.0,LF,196,.cu,application/cu-seeme,False,2026-06-12T15:44:00.425597+00:00
Open3D/cpp/open3d/ml/contrib/Nms.h,1955,False,ascii,1.0,LF,53,.h,text/x-chdr,False,2026-06-12T15:44:00.425597+00:00
Open3D/cpp/open3d/ml/contrib/PointSampling.cuh,4261,False,ascii,1.0,LF,148,.cuh,,False,2026-06-12T15:44:00.425597+00:00
Open3D/cpp/open3d/ml/contrib/RoiPoolKernel.cu,13418,False,ascii,1.0,LF,335,.cu,application/cu-seeme,False,2026-06-12T15:44:00.425597+00:00
Open3D/cpp/open3d/ml/contrib/RoiPoolKernel.h,2438,False,ascii,1.0,LF,56,.h,text/x-chdr,False,2026-06-12T15:44:00.425597+00:00
Open3D/cpp/open3d/ml/contrib/TrilinearDevoxelize.cu,7599,False,ascii,1.0,LF,180,.cu,application/cu-seeme,False,2026-06-12T15:44:00.425597+00:00
Open3D/cpp/open3d/ml/contrib/TrilinearDevoxelize.cuh,3070,False,ascii,1.0,LF,62,.cuh,,False,2026-06-12T15:44:00.425597+00:00
Open3D/cpp/open3d/ml/contrib/cuda_utils.h,2544,False,ascii,1.0,LF,62,.h,text/x-chdr,False,2026-06-12T15:44:00.425597+00:00
Open3D/cpp/open3d/ml/impl/continuous_conv/ContinuousConv.cuh,11101,False,ascii,1.0,LF,265,.cuh,,False,2026-06-12T15:44:00.425597+00:00
Open3D/cpp/open3d/ml/impl/continuous_conv/ContinuousConv.h,17151,False,ascii,1.0,LF,365,.h,text/x-chdr,False,2026-06-12T15:44:00.425597+00:00
Open3D/cpp/open3d/ml/impl/continuous_conv/ContinuousConvBackpropFilter.cuh,11023,False,ascii,1.0,LF,262,.cuh,,False,2026-06-12T15:44:00.425597+00:00
Open3D/cpp/open3d/ml/impl/continuous_conv/ContinuousConvBackpropFilter.h,17387,False,ascii,1.0,LF,371,.h,text/x-chdr,False,2026-06-12T15:44:00.425597+00:00
Open3D/cpp/open3d/ml/impl/continuous_conv/ContinuousConvCUDAKernels.cu,23222,False,ascii,1.0,LF,577,.cu,application/cu-seeme,False,2026-06-12T15:44:00.425597+00:00
Open3D/cpp/open3d/ml/impl/continuous_conv/ContinuousConvCUDAKernels.h,7230,False,ascii,1.0,LF,183,.h,text/x-chdr,False,2026-06-12T15:44:00.425597+00:00
Open3D/cpp/open3d/ml/impl/continuous_conv/ContinuousConvTranspose.cuh,6800,False,ascii,1.0,LF,181,.cuh,,False,2026-06-12T15:44:00.425597+00:00
Open3D/cpp/open3d/ml/impl/continuous_conv/ContinuousConvTranspose.h,17515,False,ascii,1.0,LF,371,.h,text/x-chdr,False,2026-06-12T15:44:00.425597+00:00
Open3D/cpp/open3d/ml/impl/continuous_conv/ContinuousConvTransposeBackpropFilter.cuh,12496,False,ascii,1.0,LF,290,.cuh,,False,2026-06-12T15:44:00.425597+00:00
Open3D/cpp/open3d/ml/impl/continuous_conv/ContinuousConvTransposeBackpropFilter.h,18680,False,ascii,1.0,LF,388,.h,text/x-chdr,False,2026-06-12T15:44:00.425597+00:00
Open3D/cpp/open3d/ml/impl/continuous_conv/ContinuousConvTypes.h,1217,False,ascii,1.0,LF,34,.h,text/x-chdr,False,2026-06-12T15:44:00.425597+00:00
Open3D/cpp/open3d/ml/impl/continuous_conv/CoordinateTransformation.cuh,13849,False,ascii,1.0,LF,378,.cuh,,False,2026-06-12T15:44:00.425597+00:00
Open3D/cpp/open3d/ml/impl/continuous_conv/CoordinateTransformation.h,16514,False,ascii,1.0,LF,407,.h,text/x-chdr,False,2026-06-12T15:44:00.425597+00:00
Open3D/cpp/open3d/ml/impl/misc/InvertNeighborsList.cuh,12422,False,ascii,1.0,LF,312,.cuh,,False,2026-06-12T15:44:00.425597+00:00
Open3D/cpp/open3d/ml/impl/misc/InvertNeighborsList.h,6202,False,ascii,1.0,LF,141,.h,text/x-chdr,False,2026-06-12T15:44:00.425597+00:00
Open3D/cpp/open3d/ml/impl/misc/MemoryAllocation.h,6764,False,ascii,1.0,LF,189,.h,text/x-chdr,False,2026-06-12T15:44:00.425597+00:00
Open3D/cpp/open3d/ml/impl/misc/NeighborSearchCommon.h,2369,False,ascii,1.0,LF,90,.h,text/x-chdr,False,2026-06-12T15:44:00.425597+00:00
Open3D/cpp/open3d/ml/impl/misc/RaggedToDense.cuh,3881,False,ascii,1.0,LF,112,.cuh,,False,2026-06-12T15:44:00.425597+00:00
Open3D/cpp/open3d/ml/impl/misc/RaggedToDense.h,3199,False,ascii,1.0,LF,84,.h,text/x-chdr,False,2026-06-12T15:44:00.425597+00:00
Open3D/cpp/open3d/ml/impl/misc/ReduceSubarraysSum.cuh,2479,False,ascii,1.0,LF,71,.cuh,,False,2026-06-12T15:44:00.425597+00:00
Open3D/cpp/open3d/ml/impl/misc/ReduceSubarraysSum.h,2147,False,ascii,1.0,LF,51,.h,text/x-chdr,False,2026-06-12T15:44:00.425597+00:00
Open3D/cpp/open3d/ml/impl/misc/VoxelPooling.h,20792,False,ascii,1.0,LF,566,.h,text/x-chdr,False,2026-06-12T15:44:00.425597+00:00
Open3D/cpp/open3d/ml/impl/misc/Voxelize.cuh,38787,False,ascii,1.0,LF,957,.cuh,,False,2026-06-12T15:44:00.429752+00:00
Open3D/cpp/open3d/ml/impl/misc/Voxelize.h,9933,False,ascii,1.0,LF,244,.h,text/x-chdr,False,2026-06-12T15:44:00.429752+00:00
Open3D/cpp/open3d/ml/impl/sparse_conv/SparseConv.cuh,9243,False,ascii,1.0,LF,223,.cuh,,False,2026-06-12T15:44:00.429752+00:00
Open3D/cpp/open3d/ml/impl/sparse_conv/SparseConv.h,8421,False,ascii,1.0,LF,195,.h,text/x-chdr,False,2026-06-12T15:44:00.429752+00:00
Open3D/cpp/open3d/ml/impl/sparse_conv/SparseConvBackpropFilter.cuh,9186,False,ascii,1.0,LF,220,.cuh,,False,2026-06-12T15:44:00.429752+00:00
Open3D/cpp/open3d/ml/impl/sparse_conv/SparseConvBackpropFilter.h,9509,False,ascii,1.0,LF,219,.h,text/x-chdr,False,2026-06-12T15:44:00.429752+00:00
Open3D/cpp/open3d/ml/impl/sparse_conv/SparseConvCUDAKernels.cu,12651,False,ascii,1.0,LF,318,.cu,application/cu-seeme,False,2026-06-12T15:44:00.429752+00:00
Open3D/cpp/open3d/ml/impl/sparse_conv/SparseConvCUDAKernels.h,4448,False,ascii,1.0,LF,108,.h,text/x-chdr,False,2026-06-12T15:44:00.429752+00:00
Open3D/cpp/open3d/ml/impl/sparse_conv/SparseConvTranspose.cuh,6517,False,ascii,1.0,LF,173,.cuh,,False,2026-06-12T15:44:00.429752+00:00
Open3D/cpp/open3d/ml/impl/sparse_conv/SparseConvTranspose.h,8592,False,ascii,1.0,LF,205,.h,text/x-chdr,False,2026-06-12T15:44:00.429752+00:00
Open3D/cpp/open3d/ml/impl/sparse_conv/SparseConvTransposeBackpropFilter.cuh,9998,False,ascii,1.0,LF,250,.cuh,,False,2026-06-12T15:44:00.429752+00:00
Open3D/cpp/open3d/ml/impl/sparse_conv/SparseConvTransposeBackpropFilter.h,9928,False,ascii,1.0,LF,236,.h,text/x-chdr,False,2026-06-12T15:44:00.429752+00:00
Open3D/cpp/open3d/ml/pytorch/CMakeLists.txt,6623,False,ascii,1.0,LF,205,.txt,text/plain,False,2026-06-12T15:44:00.429752+00:00
Open3D/cpp/open3d/ml/pytorch/TorchHelper.h,10026,False,ascii,1.0,LF,237,.h,text/x-chdr,False,2026-06-12T15:44:00.429752+00:00
Open3D/cpp/open3d/ml/pytorch/continuous_conv/ContinuousConvBackpropFilterOpKernel.cpp,3870,False,ascii,1.0,LF,74,.cpp,text/x-c++src,False,2026-06-12T15:44:00.429752+00:00
Open3D/cpp/open3d/ml/pytorch/continuous_conv/ContinuousConvBackpropFilterOpKernel.cu,5592,False,ascii,1.0,LF,111,.cu,application/cu-seeme,False,2026-06-12T15:44:00.429752+00:00
Open3D/cpp/open3d/ml/pytorch/continuous_conv/ContinuousConvBackpropFilterOpKernel.h,2291,False,ascii,1.0,LF,55,.h,text/x-chdr,False,2026-06-12T15:44:00.429752+00:00
Open3D/cpp/open3d/ml/pytorch/continuous_conv/ContinuousConvHelper.h,2166,False,ascii,1.0,LF,56,.h,text/x-chdr,False,2026-06-12T15:44:00.429752+00:00
Open3D/cpp/open3d/ml/pytorch/continuous_conv/ContinuousConvOpKernel.cpp,3761,False,ascii,1.0,LF,69,.cpp,text/x-c++src,False,2026-06-12T15:44:00.429752+00:00
Open3D/cpp/open3d/ml/pytorch/continuous_conv/ContinuousConvOpKernel.cu,5406,False,ascii,1.0,LF,105,.cu,application/cu-seeme,False,2026-06-12T15:44:00.429752+00:00
Open3D/cpp/open3d/ml/pytorch/continuous_conv/ContinuousConvOpKernel.h,2153,False,ascii,1.0,LF,53,.h,text/x-chdr,False,2026-06-12T15:44:00.429752+00:00
Open3D/cpp/open3d/ml/pytorch/continuous_conv/ContinuousConvOps.cpp,14751,False,ascii,1.0,LF,289,.cpp,text/x-c++src,False,2026-06-12T15:44:00.429752+00:00
Open3D/cpp/open3d/ml/pytorch/continuous_conv/ContinuousConvTransposeBackpropFilterOpKernel.cpp,4242,False,ascii,1.0,LF,80,.cpp,text/x-c++src,False,2026-06-12T15:44:00.429752+00:00
Open3D/cpp/open3d/ml/pytorch/continuous_conv/ContinuousConvTransposeBackpropFilterOpKernel.cu,6136,False,ascii,1.0,LF,121,.cu,application/cu-seeme,False,2026-06-12T15:44:00.429752+00:00
Open3D/cpp/open3d/ml/pytorch/continuous_conv/ContinuousConvTransposeBackpropFilterOpKernel.h,2537,False,ascii,1.0,LF,59,.h,text/x-chdr,False,2026-06-12T15:44:00.429752+00:00
Open3D/cpp/open3d/ml/pytorch/continuous_conv/ContinuousConvTransposeOpKernel.cpp,4131,False,ascii,1.0,LF,81,.cpp,text/x-c++src,False,2026-06-12T15:44:00.429752+00:00
Open3D/cpp/open3d/ml/pytorch/continuous_conv/ContinuousConvTransposeOpKernel.cu,5988,False,ascii,1.0,LF,121,.cu,application/cu-seeme,False,2026-06-12T15:44:00.429752+00:00
Open3D/cpp/open3d/ml/pytorch/continuous_conv/ContinuousConvTransposeOpKernel.h,2499,False,ascii,1.0,LF,59,.h,text/x-chdr,False,2026-06-12T15:44:00.429752+00:00
Open3D/cpp/open3d/ml/pytorch/continuous_conv/ContinuousConvTransposeOps.cpp,16288,False,ascii,1.0,LF,330,.cpp,text/x-c++src,False,2026-06-12T15:44:00.429752+00:00
Open3D/cpp/open3d/ml/pytorch/misc/BuildSpatialHashTableOpKernel.cpp,1632,False,ascii,1.0,LF,33,.cpp,text/x-c++src,False,2026-06-12T15:44:00.429752+00:00
Open3D/cpp/open3d/ml/pytorch/misc/BuildSpatialHashTableOpKernel.cu,2586,False,ascii,1.0,LF,57,.cu,application/cu-seeme,False,2026-06-12T15:44:00.429752+00:00
Open3D/cpp/open3d/ml/pytorch/misc/BuildSpatialHashTableOps.cpp,4854,False,ascii,1.0,LF,114,.cpp,text/x-c++src,False,2026-06-12T15:44:00.429752+00:00
Open3D/cpp/open3d/ml/pytorch/misc/FixedRadiusSearchOpKernel.cpp,3494,False,ascii,1.0,LF,67,.cpp,text/x-c++src,False,2026-06-12T15:44:00.429752+00:00
Open3D/cpp/open3d/ml/pytorch/misc/FixedRadiusSearchOpKernel.cu,4725,False,ascii,1.0,LF,92,.cu,application/cu-seeme,False,2026-06-12T15:44:00.433907+00:00
Open3D/cpp/open3d/ml/pytorch/misc/FixedRadiusSearchOps.cpp,7811,False,ascii,1.0,LF,180,.cpp,text/x-c++src,False,2026-06-12T15:44:00.433907+00:00
Open3D/cpp/open3d/ml/pytorch/misc/InvertNeighborsListOpKernel.cpp,2790,False,ascii,1.0,LF,63,.cpp,text/x-c++src,False,2026-06-12T15:44:00.433907+00:00
Open3D/cpp/open3d/ml/pytorch/misc/InvertNeighborsListOpKernel.cu,4112,False,ascii,1.0,LF,93,.cu,application/cu-seeme,False,2026-06-12T15:44:00.433907+00:00
Open3D/cpp/open3d/ml/pytorch/misc/InvertNeighborsListOpKernel.h,1084,False,ascii,1.0,LF,26,.h,text/x-chdr,False,2026-06-12T15:44:00.433907+00:00
Open3D/cpp/open3d/ml/pytorch/misc/InvertNeighborsListOps.cpp,3871,False,ascii,1.0,LF,90,.cpp,text/x-c++src,False,2026-06-12T15:44:00.433907+00:00
Open3D/cpp/open3d/ml/pytorch/misc/InvertNeighborsListOps.h,683,False,ascii,1.0,LF,16,.h,text/x-chdr,False,2026-06-12T15:44:00.433907+00:00
Open3D/cpp/open3d/ml/pytorch/misc/KnnSearchOpKernel.cpp,5623,False,ascii,1.0,LF,125,.cpp,text/x-c++src,False,2026-06-12T15:44:00.433907+00:00
Open3D/cpp/open3d/ml/pytorch/misc/KnnSearchOps.cpp,5090,False,ascii,1.0,LF,128,.cpp,text/x-c++src,False,2026-06-12T15:44:00.433907+00:00
Open3D/cpp/open3d/ml/pytorch/misc/NeighborSearchAllocator.h,1837,False,ascii,1.0,LF,51,.h,text/x-chdr,False,2026-06-12T15:44:00.433907+00:00
Open3D/cpp/open3d/ml/pytorch/misc/NmsOps.cpp,1957,False,ascii,1.0,LF,49,.cpp,text/x-c++src,False,2026-06-12T15:44:00.433907+00:00
Open3D/cpp/open3d/ml/pytorch/misc/RadiusSearchOpKernel.cpp,6010,False,ascii,1.0,LF,130,.cpp,text/x-c++src,False,2026-06-12T15:44:00.433907+00:00
Open3D/cpp/open3d/ml/pytorch/misc/RadiusSearchOps.cpp,5418,False,ascii,1.0,LF,132,.cpp,text/x-c++src,False,2026-06-12T15:44:00.433907+00:00
Open3D/cpp/open3d/ml/pytorch/misc/RaggedToDenseOpKernel.cpp,1758,False,ascii,1.0,LF,45,.cpp,text/x-c++src,False,2026-06-12T15:44:00.433907+00:00
Open3D/cpp/open3d/ml/pytorch/misc/RaggedToDenseOpKernel.cu,1911,False,ascii,1.0,LF,48,.cu,application/cu-seeme,False,2026-06-12T15:44:00.433907+00:00
Open3D/cpp/open3d/ml/pytorch/misc/RaggedToDenseOpKernel.h,1015,False,ascii,1.0,LF,24,.h,text/x-chdr,False,2026-06-12T15:44:00.433907+00:00
Open3D/cpp/open3d/ml/pytorch/misc/RaggedToDenseOps.cpp,3620,False,ascii,1.0,LF,92,.cpp,text/x-c++src,False,2026-06-12T15:44:00.433907+00:00
Open3D/cpp/open3d/ml/pytorch/misc/ReduceSubarraysSumOpKernel.cpp,1400,False,ascii,1.0,LF,34,.cpp,text/x-c++src,False,2026-06-12T15:44:00.433907+00:00
Open3D/cpp/open3d/ml/pytorch/misc/ReduceSubarraysSumOpKernel.cu,1620,False,ascii,1.0,LF,38,.cu,application/cu-seeme,False,2026-06-12T15:44:00.433907+00:00
Open3D/cpp/open3d/ml/pytorch/misc/ReduceSubarraysSumOpKernel.h,781,False,ascii,1.0,LF,20,.h,text/x-chdr,False,2026-06-12T15:44:00.433907+00:00
Open3D/cpp/open3d/ml/pytorch/misc/ReduceSubarraysSumOps.cpp,2008,False,ascii,1.0,LF,60,.cpp,text/x-c++src,False,2026-06-12T15:44:00.433907+00:00
Open3D/cpp/open3d/ml/pytorch/misc/ReduceSubarraysSumOps.h,553,False,ascii,1.0,LF,13,.h,text/x-chdr,False,2026-06-12T15:44:00.433907+00:00
Open3D/cpp/open3d/ml/pytorch/misc/RoiPoolOps.cpp,3504,False,ascii,1.0,LF,76,.cpp,text/x-c++src,False,2026-06-12T15:44:00.433907+00:00
Open3D/cpp/open3d/ml/pytorch/misc/VoxelPoolingOpKernel.cpp,4789,False,ascii,1.0,LF,117,.cpp,text/x-c++src,False,2026-06-12T15:44:00.433907+00:00
Open3D/cpp/open3d/ml/pytorch/misc/VoxelPoolingOps.cpp,9617,False,ascii,1.0,LF,228,.cpp,text/x-c++src,False,2026-06-12T15:44:00.433907+00:00
Open3D/cpp/open3d/ml/pytorch/misc/VoxelizeOpKernel.cpp,3289,False,ascii,1.0,LF,74,.cpp,text/x-c++src,False,2026-06-12T15:44:00.433907+00:00
Open3D/cpp/open3d/ml/pytorch/misc/VoxelizeOpKernel.cu,4647,False,ascii,1.0,LF,92,.cu,application/cu-seeme,False,2026-06-12T15:44:00.433907+00:00
Open3D/cpp/open3d/ml/pytorch/misc/VoxelizeOpKernel.h,3690,False,ascii,1.0,LF,90,.h,text/x-chdr,False,2026-06-12T15:44:00.433907+00:00
Open3D/cpp/open3d/ml/pytorch/misc/VoxelizeOps.cpp,3641,False,ascii,1.0,LF,90,.cpp,text/x-c++src,False,2026-06-12T15:44:00.433907+00:00
Open3D/cpp/open3d/ml/pytorch/pointnet/BallQueryKernel.cu,3123,False,ascii,1.0,LF,74,.cu,application/cu-seeme,False,2026-06-12T15:44:00.433907+00:00
Open3D/cpp/open3d/ml/pytorch/pointnet/BallQueryKernel.h,2160,False,ascii,1.0,LF,43,.h,text/x-chdr,False,2026-06-12T15:44:00.433907+00:00
Open3D/cpp/open3d/ml/pytorch/pointnet/BallQueryOps.cpp,2976,False,ascii,1.0,LF,68,.cpp,text/x-c++src,False,2026-06-12T15:44:00.433907+00:00
Open3D/cpp/open3d/ml/pytorch/pointnet/InterpolateKernel.cu,5081,False,ascii,1.0,LF,137,.cu,application/cu-seeme,False,2026-06-12T15:44:00.433907+00:00
Open3D/cpp/open3d/ml/pytorch/pointnet/InterpolateKernel.h,2872,False,ascii,1.0,LF,60,.h,text/x-chdr,False,2026-06-12T15:44:00.433907+00:00
Open3D/cpp/open3d/ml/pytorch/pointnet/InterpolateOps.cpp,5425,False,ascii,1.0,LF,137,.cpp,text/x-c++src,False,2026-06-12T15:44:00.433907+00:00
Open3D/cpp/open3d/ml/pytorch/pointnet/SamplingKernel.cu,4597,False,ascii,1.0,LF,114,.cu,application/cu-seeme,False,2026-06-12T15:44:00.433907+00:00
Open3D/cpp/open3d/ml/pytorch/pointnet/SamplingKernel.h,1976,False,ascii,1.0,LF,37,.h,text/x-chdr,False,2026-06-12T15:44:00.433907+00:00
Open3D/cpp/open3d/ml/pytorch/pointnet/SamplingOps.cpp,3065,False,ascii,1.0,LF,69,.cpp,text/x-c++src,False,2026-06-12T15:44:00.433907+00:00
Open3D/cpp/open3d/ml/pytorch/pvcnn/TrilinearDevoxelizeKernel.cu,3515,False,ascii,1.0,LF,89,.cu,application/cu-seeme,False,2026-06-12T15:44:00.433907+00:00
Open3D/cpp/open3d/ml/pytorch/pvcnn/TrilinearDevoxelizeKernel.h,3808,False,ascii,1.0,LF,85,.h,text/x-chdr,False,2026-06-12T15:44:00.433907+00:00
Open3D/cpp/open3d/ml/pytorch/pvcnn/TrilinearDevoxelizeOps.cpp,5951,False,ascii,1.0,LF,149,.cpp,text/x-c++src,False,2026-06-12T15:44:00.438061+00:00
Open3D/cpp/open3d/ml/pytorch/ragged_tensor/RaggedTensor.cpp,2445,False,ascii,1.0,LF,63,.cpp,text/x-c++src,False,2026-06-12T15:44:00.438061+00:00
Open3D/cpp/open3d/ml/pytorch/ragged_tensor/RaggedTensor.h,8436,False,ascii,1.0,LF,203,.h,text/x-chdr,False,2026-06-12T15:44:00.438061+00:00
Open3D/cpp/open3d/ml/pytorch/sparse_conv/SparseConvBackpropFilterOpKernel.cpp,3118,False,ascii,1.0,LF,58,.cpp,text/x-c++src,False,2026-06-12T15:44:00.438061+00:00
Open3D/cpp/open3d/ml/pytorch/sparse_conv/SparseConvBackpropFilterOpKernel.cu,4646,False,ascii,1.0,LF,93,.cu,application/cu-seeme,False,2026-06-12T15:44:00.438061+00:00
Open3D/cpp/open3d/ml/pytorch/sparse_conv/SparseConvBackpropFilterOpKernel.h,2167,False,ascii,1.0,LF,40,.h,text/x-chdr,False,2026-06-12T15:44:00.438061+00:00
Open3D/cpp/open3d/ml/pytorch/sparse_conv/SparseConvOpKernel.cpp,2722,False,ascii,1.0,LF,55,.cpp,text/x-c++src,False,2026-06-12T15:44:00.438061+00:00
Open3D/cpp/open3d/ml/pytorch/sparse_conv/SparseConvOpKernel.cu,4185,False,ascii,1.0,LF,89,.cu,application/cu-seeme,False,2026-06-12T15:44:00.438061+00:00
Open3D/cpp/open3d/ml/pytorch/sparse_conv/SparseConvOpKernel.h,1726,False,ascii,1.0,LF,38,.h,text/x-chdr,False,2026-06-12T15:44:00.438061+00:00
Open3D/cpp/open3d/ml/pytorch/sparse_conv/SparseConvOps.cpp,12826,False,ascii,1.0,LF,246,.cpp,text/x-c++src,False,2026-06-12T15:44:00.438061+00:00
Open3D/cpp/open3d/ml/pytorch/sparse_conv/SparseConvTransposeBackpropFilterOpKernel.cpp,3373,False,ascii,1.0,LF,67,.cpp,text/x-c++src,False,2026-06-12T15:44:00.438061+00:00
Open3D/cpp/open3d/ml/pytorch/sparse_conv/SparseConvTransposeBackpropFilterOpKernel.cu,5131,False,ascii,1.0,LF,106,.cu,application/cu-seeme,False,2026-06-12T15:44:00.438061+00:00
Open3D/cpp/open3d/ml/pytorch/sparse_conv/SparseConvTransposeBackpropFilterOpKernel.h,1921,False,ascii,1.0,LF,46,.h,text/x-chdr,False,2026-06-12T15:44:00.438061+00:00
Open3D/cpp/open3d/ml/pytorch/sparse_conv/SparseConvTransposeOpKernel.cpp,3333,False,ascii,1.0,LF,63,.cpp,text/x-c++src,False,2026-06-12T15:44:00.438061+00:00
Open3D/cpp/open3d/ml/pytorch/sparse_conv/SparseConvTransposeOpKernel.cu,5050,False,ascii,1.0,LF,101,.cu,application/cu-seeme,False,2026-06-12T15:44:00.438061+00:00
Open3D/cpp/open3d/ml/pytorch/sparse_conv/SparseConvTransposeOpKernel.h,2216,False,ascii,1.0,LF,42,.h,text/x-chdr,False,2026-06-12T15:44:00.438061+00:00
Open3D/cpp/open3d/ml/pytorch/sparse_conv/SparseConvTransposeOps.cpp,13853,False,ascii,1.0,LF,267,.cpp,text/x-c++src,False,2026-06-12T15:44:00.438061+00:00
Open3D/cpp/open3d/ml/tensorflow/CMakeLists.txt,6793,False,ascii,1.0,LF,207,.txt,text/plain,False,2026-06-12T15:44:00.438061+00:00
Open3D/cpp/open3d/ml/tensorflow/TensorFlowHelper.h,14617,False,ascii,1.0,LF,286,.h,text/x-chdr,False,2026-06-12T15:44:00.438061+00:00
Open3D/cpp/open3d/ml/tensorflow/continuous_conv/ContinuousConvBackpropFilterOpKernel.cpp,3945,False,ascii,1.0,LF,77,.cpp,text/x-c++src,False,2026-06-12T15:44:00.438061+00:00
Open3D/cpp/open3d/ml/tensorflow/continuous_conv/ContinuousConvBackpropFilterOpKernel.cu,6131,False,ascii,1.0,LF,125,.cu,application/cu-seeme,False,2026-06-12T15:44:00.438061+00:00
Open3D/cpp/open3d/ml/tensorflow/continuous_conv/ContinuousConvBackpropFilterOpKernel.h,9611,False,ascii,1.0,LF,210,.h,text/x-chdr,False,2026-06-12T15:44:00.438061+00:00
Open3D/cpp/open3d/ml/tensorflow/continuous_conv/ContinuousConvBackpropFilterOps.cpp,10697,False,ascii,1.0,LF,249,.cpp,text/x-c++src,False,2026-06-12T15:44:00.438061+00:00
Open3D/cpp/open3d/ml/tensorflow/continuous_conv/ContinuousConvOpKernel.cpp,3728,False,ascii,1.0,LF,73,.cpp,text/x-c++src,False,2026-06-12T15:44:00.438061+00:00
Open3D/cpp/open3d/ml/tensorflow/continuous_conv/ContinuousConvOpKernel.cu,5921,False,ascii,1.0,LF,123,.cu,application/cu-seeme,False,2026-06-12T15:44:00.438061+00:00
Open3D/cpp/open3d/ml/tensorflow/continuous_conv/ContinuousConvOpKernel.h,9042,False,ascii,1.0,LF,198,.h,text/x-chdr,False,2026-06-12T15:44:00.438061+00:00
Open3D/cpp/open3d/ml/tensorflow/continuous_conv/ContinuousConvOps.cpp,12540,False,ascii,1.0,LF,285,.cpp,text/x-c++src,False,2026-06-12T15:44:00.438061+00:00
Open3D/cpp/open3d/ml/tensorflow/continuous_conv/ContinuousConvTransposeBackpropFilterOpKernel.cpp,4300,False,ascii,1.0,LF,83,.cpp,text/x-c++src,False,2026-06-12T15:44:00.438061+00:00
Open3D/cpp/open3d/ml/tensorflow/continuous_conv/ContinuousConvTransposeBackpropFilterOpKernel.cu,6713,False,ascii,1.0,LF,135,.cu,application/cu-seeme,False,2026-06-12T15:44:00.438061+00:00
Open3D/cpp/open3d/ml/tensorflow/continuous_conv/ContinuousConvTransposeBackpropFilterOpKernel.h,10892,False,ascii,1.0,LF,235,.h,text/x-chdr,False,2026-06-12T15:44:00.438061+00:00
Open3D/cpp/open3d/ml/tensorflow/continuous_conv/ContinuousConvTransposeBackpropFilterOps.cpp,11697,False,ascii,1.0,LF,269,.cpp,text/x-c++src,False,2026-06-12T15:44:00.438061+00:00
Open3D/cpp/open3d/ml/tensorflow/continuous_conv/ContinuousConvTransposeOpKernel.cpp,4237,False,ascii,1.0,LF,82,.cpp,text/x-c++src,False,2026-06-12T15:44:00.438061+00:00
Open3D/cpp/open3d/ml/tensorflow/continuous_conv/ContinuousConvTransposeOpKernel.cu,6675,False,ascii,1.0,LF,136,.cu,application/cu-seeme,False,2026-06-12T15:44:00.438061+00:00
Open3D/cpp/open3d/ml/tensorflow/continuous_conv/ContinuousConvTransposeOpKernel.h,10438,False,ascii,1.0,LF,226,.h,text/x-chdr,False,2026-06-12T15:44:00.438061+00:00
Open3D/cpp/open3d/ml/tensorflow/continuous_conv/ContinuousConvTransposeOps.cpp,12742,False,ascii,1.0,LF,293,.cpp,text/x-c++src,False,2026-06-12T15:44:00.438061+00:00
Open3D/cpp/open3d/ml/tensorflow/misc/BuildSpatialHashTableOpKernel.cpp,2062,False,ascii,1.0,LF,47,.cpp,text/x-c++src,False,2026-06-12T15:44:00.438061+00:00
Open3D/cpp/open3d/ml/tensorflow/misc/BuildSpatialHashTableOpKernel.cu,3775,False,ascii,1.0,LF,83,.cu,application/cu-seeme,False,2026-06-12T15:44:00.438061+00:00
Open3D/cpp/open3d/ml/tensorflow/misc/BuildSpatialHashTableOpKernel.h,4709,False,ascii,1.0,LF,107,.h,text/x-chdr,False,2026-06-12T15:44:00.438061+00:00
Open3D/cpp/open3d/ml/tensorflow/misc/BuildSpatialHashTableOps.cpp,5854,False,ascii,1.0,LF,159,.cpp,text/x-c++src,False,2026-06-12T15:44:00.438061+00:00
Open3D/cpp/open3d/ml/tensorflow/misc/FixedRadiusSearchOpKernel.cpp,2890,False,ascii,1.0,LF,60,.cpp,text/x-c++src,False,2026-06-12T15:44:00.438061+00:00
Open3D/cpp/open3d/ml/tensorflow/misc/FixedRadiusSearchOpKernel.cu,4900,False,ascii,1.0,LF,100,.cu,application/cu-seeme,False,2026-06-12T15:44:00.442216+00:00
Open3D/cpp/open3d/ml/tensorflow/misc/FixedRadiusSearchOpKernel.h,5721,False,ascii,1.0,LF,145,.h,text/x-chdr,False,2026-06-12T15:44:00.442216+00:00
Open3D/cpp/open3d/ml/tensorflow/misc/FixedRadiusSearchOps.cpp,8643,False,ascii,1.0,LF,222,.cpp,text/x-c++src,False,2026-06-12T15:44:00.442216+00:00
Open3D/cpp/open3d/ml/tensorflow/misc/InvertNeighborsListOpKernel.cpp,2711,False,ascii,1.0,LF,59,.cpp,text/x-c++src,False,2026-06-12T15:44:00.442216+00:00
Open3D/cpp/open3d/ml/tensorflow/misc/InvertNeighborsListOpKernel.cu,4429,False,ascii,1.0,LF,99,.cu,application/cu-seeme,False,2026-06-12T15:44:00.442216+00:00
Open3D/cpp/open3d/ml/tensorflow/misc/InvertNeighborsListOpKernel.h,4462,False,ascii,1.0,LF,107,.h,text/x-chdr,False,2026-06-12T15:44:00.442216+00:00
Open3D/cpp/open3d/ml/tensorflow/misc/InvertNeighborsListOps.cpp,6094,False,ascii,1.0,LF,136,.cpp,text/x-c++src,False,2026-06-12T15:44:00.442216+00:00
Open3D/cpp/open3d/ml/tensorflow/misc/KnnSearchOpKernel.cpp,7841,False,ascii,1.0,LF,189,.cpp,text/x-c++src,False,2026-06-12T15:44:00.442216+00:00
Open3D/cpp/open3d/ml/tensorflow/misc/KnnSearchOpKernel.h,3876,False,ascii,1.0,LF,97,.h,text/x-chdr,False,2026-06-12T15:44:00.442216+00:00
Open3D/cpp/open3d/ml/tensorflow/misc/KnnSearchOps.cpp,7451,False,ascii,1.0,LF,182,.cpp,text/x-c++src,False,2026-06-12T15:44:00.442216+00:00
Open3D/cpp/open3d/ml/tensorflow/misc/NmsOpKernel.cpp,1699,False,ascii,1.0,LF,41,.cpp,text/x-c++src,False,2026-06-12T15:44:00.442216+00:00
Open3D/cpp/open3d/ml/tensorflow/misc/NmsOpKernel.cu,1838,False,ascii,1.0,LF,42,.cu,application/cu-seeme,False,2026-06-12T15:44:00.442216+00:00
Open3D/cpp/open3d/ml/tensorflow/misc/NmsOpKernel.h,2515,False,ascii,1.0,LF,76,.h,text/x-chdr,False,2026-06-12T15:44:00.442216+00:00
Open3D/cpp/open3d/ml/tensorflow/misc/NmsOps.cpp,3644,False,ascii,1.0,LF,87,.cpp,text/x-c++src,False,2026-06-12T15:44:00.442216+00:00
Open3D/cpp/open3d/ml/tensorflow/misc/RadiusSearchOpKernel.cpp,8189,False,ascii,1.0,LF,193,.cpp,text/x-c++src,False,2026-06-12T15:44:00.442216+00:00
Open3D/cpp/open3d/ml/tensorflow/misc/RadiusSearchOpKernel.h,3948,False,ascii,1.0,LF,99,.h,text/x-chdr,False,2026-06-12T15:44:00.442216+00:00
Open3D/cpp/open3d/ml/tensorflow/misc/RadiusSearchOps.cpp,6610,False,ascii,1.0,LF,172,.cpp,text/x-c++src,False,2026-06-12T15:44:00.442216+00:00
Open3D/cpp/open3d/ml/tensorflow/misc/ReduceSubarraysSumOpKernel.cpp,1676,False,ascii,1.0,LF,42,.cpp,text/x-c++src,False,2026-06-12T15:44:00.442216+00:00
Open3D/cpp/open3d/ml/tensorflow/misc/ReduceSubarraysSumOpKernel.cu,1847,False,ascii,1.0,LF,45,.cu,application/cu-seeme,False,2026-06-12T15:44:00.442216+00:00
Open3D/cpp/open3d/ml/tensorflow/misc/ReduceSubarraysSumOpKernel.h,2595,False,ascii,1.0,LF,69,.h,text/x-chdr,False,2026-06-12T15:44:00.442216+00:00
Open3D/cpp/open3d/ml/tensorflow/misc/ReduceSubarraysSumOps.cpp,2766,False,ascii,1.0,LF,74,.cpp,text/x-c++src,False,2026-06-12T15:44:00.442216+00:00
Open3D/cpp/open3d/ml/tensorflow/misc/VoxelPoolingGradOpKernel.cpp,2363,False,ascii,1.0,LF,51,.cpp,text/x-c++src,False,2026-06-12T15:44:00.442216+00:00
Open3D/cpp/open3d/ml/tensorflow/misc/VoxelPoolingGradOpKernel.h,5224,False,ascii,1.0,LF,137,.h,text/x-chdr,False,2026-06-12T15:44:00.442216+00:00
Open3D/cpp/open3d/ml/tensorflow/misc/VoxelPoolingOpKernel.cpp,2393,False,ascii,1.0,LF,59,.cpp,text/x-c++src,False,2026-06-12T15:44:00.442216+00:00
Open3D/cpp/open3d/ml/tensorflow/misc/VoxelPoolingOpKernel.h,4288,False,ascii,1.0,LF,120,.h,text/x-chdr,False,2026-06-12T15:44:00.442216+00:00
Open3D/cpp/open3d/ml/tensorflow/misc/VoxelPoolingOps.cpp,8478,False,ascii,1.0,LF,209,.cpp,text/x-c++src,False,2026-06-12T15:44:00.442216+00:00
Open3D/cpp/open3d/ml/tensorflow/misc/VoxelizeOpKernel.cpp,2568,False,ascii,1.0,LF,64,.cpp,text/x-c++src,False,2026-06-12T15:44:00.442216+00:00
Open3D/cpp/open3d/ml/tensorflow/misc/VoxelizeOpKernel.cu,4619,False,ascii,1.0,LF,96,.cu,application/cu-seeme,False,2026-06-12T15:44:00.442216+00:00
Open3D/cpp/open3d/ml/tensorflow/misc/VoxelizeOpKernel.h,4569,False,ascii,1.0,LF,122,.h,text/x-chdr,False,2026-06-12T15:44:00.442216+00:00
Open3D/cpp/open3d/ml/tensorflow/misc/VoxelizeOps.cpp,5992,False,ascii,1.0,LF,157,.cpp,text/x-c++src,False,2026-06-12T15:44:00.442216+00:00
Open3D/cpp/open3d/ml/tensorflow/pointnet/BallQueryOpKernel.cu,2015,False,ascii,1.0,LF,60,.cu,application/cu-seeme,False,2026-06-12T15:44:00.442216+00:00
Open3D/cpp/open3d/ml/tensorflow/pointnet/BallQueryOpKernel.h,3169,False,ascii,1.0,LF,80,.h,text/x-chdr,False,2026-06-12T15:44:00.442216+00:00
Open3D/cpp/open3d/ml/tensorflow/pointnet/BallQueryOps.cpp,1548,False,ascii,1.0,LF,37,.cpp,text/x-c++src,False,2026-06-12T15:44:00.442216+00:00
Open3D/cpp/open3d/ml/tensorflow/pointnet/InterpolateOpKernel.cu,4694,False,ascii,1.0,LF,143,.cu,application/cu-seeme,False,2026-06-12T15:44:00.442216+00:00
Open3D/cpp/open3d/ml/tensorflow/pointnet/InterpolateOpKernel.h,7716,False,ascii,1.0,LF,194,.h,text/x-chdr,False,2026-06-12T15:44:00.442216+00:00
Open3D/cpp/open3d/ml/tensorflow/pointnet/InterpolateOps.cpp,3182,False,ascii,1.0,LF,75,.cpp,text/x-c++src,False,2026-06-12T15:44:00.442216+00:00
Open3D/cpp/open3d/ml/tensorflow/pointnet/RoiPoolOpKernel.cu,2115,False,ascii,1.0,LF,57,.cu,application/cu-seeme,False,2026-06-12T15:44:00.442216+00:00
Open3D/cpp/open3d/ml/tensorflow/pointnet/RoiPoolOpKernel.h,4097,False,ascii,1.0,LF,96,.h,text/x-chdr,False,2026-06-12T15:44:00.442216+00:00
Open3D/cpp/open3d/ml/tensorflow/pointnet/RoiPoolOps.cpp,2000,False,ascii,1.0,LF,47,.cpp,text/x-c++src,False,2026-06-12T15:44:00.442216+00:00
Open3D/cpp/open3d/ml/tensorflow/pointnet/SamplingOpKernel.cu,4278,False,ascii,1.0,LF,112,.cu,application/cu-seeme,False,2026-06-12T15:44:00.442216+00:00
Open3D/cpp/open3d/ml/tensorflow/pointnet/SamplingOpKernel.h,2858,False,ascii,1.0,LF,72,.h,text/x-chdr,False,2026-06-12T15:44:00.442216+00:00
Open3D/cpp/open3d/ml/tensorflow/pointnet/SamplingOps.cpp,1484,False,ascii,1.0,LF,35,.cpp,text/x-c++src,False,2026-06-12T15:44:00.442216+00:00
Open3D/cpp/open3d/ml/tensorflow/pvcnn/TrilinearDevoxelizeKernel.cu,2973,False,ascii,1.0,LF,90,.cu,application/cu-seeme,False,2026-06-12T15:44:00.446371+00:00
Open3D/cpp/open3d/ml/tensorflow/pvcnn/TrilinearDevoxelizeKernel.h,6834,False,ascii,1.0,LF,169,.h,text/x-chdr,False,2026-06-12T15:44:00.446371+00:00
Open3D/cpp/open3d/ml/tensorflow/pvcnn/TrilinearDevoxelizeOps.cpp,7473,False,ascii,1.0,LF,188,.cpp,text/x-c++src,False,2026-06-12T15:44:00.446371+00:00
Open3D/cpp/open3d/ml/tensorflow/sparse_conv/SparseConvBackpropFilterOpKernel.cpp,3615,False,ascii,1.0,LF,71,.cpp,text/x-c++src,False,2026-06-12T15:44:00.446371+00:00
Open3D/cpp/open3d/ml/tensorflow/sparse_conv/SparseConvBackpropFilterOpKernel.cu,5589,False,ascii,1.0,LF,115,.cu,application/cu-seeme,False,2026-06-12T15:44:00.446371+00:00
Open3D/cpp/open3d/ml/tensorflow/sparse_conv/SparseConvBackpropFilterOpKernel.h,4605,False,ascii,1.0,LF,101,.h,text/x-chdr,False,2026-06-12T15:44:00.446371+00:00
Open3D/cpp/open3d/ml/tensorflow/sparse_conv/SparseConvBackpropFilterOps.cpp,5359,False,ascii,1.0,LF,125,.cpp,text/x-c++src,False,2026-06-12T15:44:00.446371+00:00
Open3D/cpp/open3d/ml/tensorflow/sparse_conv/SparseConvOpKernel.cpp,3395,False,ascii,1.0,LF,69,.cpp,text/x-c++src,False,2026-06-12T15:44:00.446371+00:00
Open3D/cpp/open3d/ml/tensorflow/sparse_conv/SparseConvOpKernel.cu,5234,False,ascii,1.0,LF,111,.cu,application/cu-seeme,False,2026-06-12T15:44:00.446371+00:00
Open3D/cpp/open3d/ml/tensorflow/sparse_conv/SparseConvOpKernel.h,4321,False,ascii,1.0,LF,98,.h,text/x-chdr,False,2026-06-12T15:44:00.446371+00:00
Open3D/cpp/open3d/ml/tensorflow/sparse_conv/SparseConvOps.cpp,7007,False,ascii,1.0,LF,175,.cpp,text/x-c++src,False,2026-06-12T15:44:00.446371+00:00
Open3D/cpp/open3d/ml/tensorflow/sparse_conv/SparseConvTransposeBackpropFilterOpKernel.cpp,3989,False,ascii,1.0,LF,77,.cpp,text/x-c++src,False,2026-06-12T15:44:00.446371+00:00
Open3D/cpp/open3d/ml/tensorflow/sparse_conv/SparseConvTransposeBackpropFilterOpKernel.cu,6252,False,ascii,1.0,LF,127,.cu,application/cu-seeme,False,2026-06-12T15:44:00.446371+00:00
Open3D/cpp/open3d/ml/tensorflow/sparse_conv/SparseConvTransposeBackpropFilterOpKernel.h,5134,False,ascii,1.0,LF,110,.h,text/x-chdr,False,2026-06-12T15:44:00.446371+00:00
Open3D/cpp/open3d/ml/tensorflow/sparse_conv/SparseConvTransposeBackpropFilterOps.cpp,5662,False,ascii,1.0,LF,127,.cpp,text/x-c++src,False,2026-06-12T15:44:00.446371+00:00
Open3D/cpp/open3d/ml/tensorflow/sparse_conv/SparseConvTransposeOpKernel.cpp,3889,False,ascii,1.0,LF,77,.cpp,text/x-c++src,False,2026-06-12T15:44:00.446371+00:00
Open3D/cpp/open3d/ml/tensorflow/sparse_conv/SparseConvTransposeOpKernel.cu,6117,False,ascii,1.0,LF,127,.cu,application/cu-seeme,False,2026-06-12T15:44:00.446371+00:00
Open3D/cpp/open3d/ml/tensorflow/sparse_conv/SparseConvTransposeOpKernel.h,4990,False,ascii,1.0,LF,107,.h,text/x-chdr,False,2026-06-12T15:44:00.446371+00:00
Open3D/cpp/open3d/ml/tensorflow/sparse_conv/SparseConvTransposeOps.cpp,6876,False,ascii,1.0,LF,154,.cpp,text/x-c++src,False,2026-06-12T15:44:00.446371+00:00
Open3D/cpp/open3d/ml/tensorflow/tf_subsampling/tf_batch_subsampling.cpp,6190,False,ascii,1.0,LF,149,.cpp,text/x-c++src,False,2026-06-12T15:44:00.446371+00:00
Open3D/cpp/open3d/ml/tensorflow/tf_subsampling/tf_subsampling.cpp,4576,False,ascii,1.0,LF,111,.cpp,text/x-c++src,False,2026-06-12T15:44:00.446371+00:00
Open3D/cpp/open3d/pipelines/CMakeLists.txt,1004,False,ascii,1.0,LF,36,.txt,text/plain,False,2026-06-12T15:44:00.446371+00:00
Open3D/cpp/open3d/pipelines/color_map/ColorMapUtils.cpp,13577,False,ascii,1.0,LF,311,.cpp,text/x-c++src,False,2026-06-12T15:44:00.446371+00:00
Open3D/cpp/open3d/pipelines/color_map/ColorMapUtils.h,2668,False,ascii,1.0,LF,66,.h,text/x-chdr,False,2026-06-12T15:44:00.446371+00:00
Open3D/cpp/open3d/pipelines/color_map/ImageWarpingField.cpp,4045,False,ascii,1.0,LF,110,.cpp,text/x-c++src,False,2026-06-12T15:44:00.446371+00:00
Open3D/cpp/open3d/pipelines/color_map/ImageWarpingField.h,1282,False,ascii,1.0,LF,39,.h,text/x-chdr,False,2026-06-12T15:44:00.446371+00:00
Open3D/cpp/open3d/pipelines/color_map/NonRigidOptimizer.cpp,17026,False,ascii,1.0,LF,402,.cpp,text/x-c++src,False,2026-06-12T15:44:00.446371+00:00
Open3D/cpp/open3d/pipelines/color_map/NonRigidOptimizer.h,4416,False,utf-8,0.8023,LF,92,.h,text/x-chdr,False,2026-06-12T15:44:00.446371+00:00
Open3D/cpp/open3d/pipelines/color_map/RigidOptimizer.cpp,10275,False,ascii,1.0,LF,234,.cpp,text/x-c++src,False,2026-06-12T15:44:00.446371+00:00
Open3D/cpp/open3d/pipelines/color_map/RigidOptimizer.h,3637,False,utf-8,0.8028,LF,78,.h,text/x-chdr,False,2026-06-12T15:44:00.446371+00:00
Open3D/cpp/open3d/pipelines/integration/MarchingCubesConst.h,20706,False,ascii,1.0,LF,328,.h,text/x-chdr,False,2026-06-12T15:44:00.446371+00:00
Open3D/cpp/open3d/pipelines/integration/ScalableTSDFVolume.cpp,22361,False,ascii,1.0,LF,442,.cpp,text/x-c++src,False,2026-06-12T15:44:00.450526+00:00
Open3D/cpp/open3d/pipelines/integration/ScalableTSDFVolume.h,3677,False,ascii,1.0,LF,99,.h,text/x-chdr,False,2026-06-12T15:44:00.450526+00:00
Open3D/cpp/open3d/pipelines/integration/TSDFVolume.h,2819,False,ascii,1.0,LF,84,.h,text/x-chdr,False,2026-06-12T15:44:00.450526+00:00
Open3D/cpp/open3d/pipelines/integration/UniformTSDFVolume.cpp,22817,False,ascii,1.0,LF,531,.cpp,text/x-c++src,False,2026-06-12T15:44:00.450526+00:00
Open3D/cpp/open3d/pipelines/integration/UniformTSDFVolume.h,3814,False,ascii,1.0,LF,104,.h,text/x-chdr,False,2026-06-12T15:44:00.450526+00:00
Open3D/cpp/open3d/pipelines/odometry/Odometry.cpp,23552,False,ascii,1.0,LF,538,.cpp,text/x-c++src,False,2026-06-12T15:44:00.450526+00:00
Open3D/cpp/open3d/pipelines/odometry/Odometry.h,2573,False,ascii,1.0,LF,68,.h,text/x-chdr,False,2026-06-12T15:44:00.450526+00:00
Open3D/cpp/open3d/pipelines/odometry/OdometryOption.h,2387,False,ascii,1.0,LF,62,.h,text/x-chdr,False,2026-06-12T15:44:00.450526+00:00
Open3D/cpp/open3d/pipelines/odometry/RGBDOdometryJacobian.cpp,5924,False,ascii,1.0,LF,147,.cpp,text/x-c++src,False,2026-06-12T15:44:00.450526+00:00
Open3D/cpp/open3d/pipelines/odometry/RGBDOdometryJacobian.h,4640,False,ascii,1.0,LF,133,.h,text/x-chdr,False,2026-06-12T15:44:00.450526+00:00
Open3D/cpp/open3d/pipelines/registration/ColoredICP.cpp,10714,False,ascii,1.0,LF,264,.cpp,text/x-c++src,False,2026-06-12T15:44:00.450526+00:00
Open3D/cpp/open3d/pipelines/registration/ColoredICP.h,3667,False,ascii,1.0,LF,98,.h,text/x-chdr,False,2026-06-12T15:44:00.450526+00:00
Open3D/cpp/open3d/pipelines/registration/CorrespondenceChecker.cpp,3224,False,ascii,1.0,LF,87,.cpp,text/x-c++src,False,2026-06-12T15:44:00.450526+00:00
Open3D/cpp/open3d/pipelines/registration/CorrespondenceChecker.h,5468,False,utf-8,0.8008,LF,148,.h,text/x-chdr,False,2026-06-12T15:44:00.450526+00:00
Open3D/cpp/open3d/pipelines/registration/FastGlobalRegistration.cpp,14327,False,ascii,1.0,LF,375,.cpp,text/x-c++src,False,2026-06-12T15:44:00.450526+00:00
Open3D/cpp/open3d/pipelines/registration/FastGlobalRegistration.h,4752,False,ascii,1.0,LF,120,.h,text/x-chdr,False,2026-06-12T15:44:00.450526+00:00
Open3D/cpp/open3d/pipelines/registration/Feature.cpp,14361,False,ascii,1.0,LF,358,.cpp,text/x-c++src,False,2026-06-12T15:44:00.450526+00:00
Open3D/cpp/open3d/pipelines/registration/Feature.h,3624,False,ascii,1.0,LF,95,.h,text/x-chdr,False,2026-06-12T15:44:00.450526+00:00
Open3D/cpp/open3d/pipelines/registration/GeneralizedICP.cpp,7788,False,ascii,1.0,LF,188,.cpp,text/x-c++src,False,2026-06-12T15:44:00.450526+00:00
Open3D/cpp/open3d/pipelines/registration/GeneralizedICP.h,3830,False,ascii,1.0,LF,98,.h,text/x-chdr,False,2026-06-12T15:44:00.450526+00:00
Open3D/cpp/open3d/pipelines/registration/GlobalOptimization.cpp,28945,False,utf-8,0.8002,LF,703,.cpp,text/x-c++src,False,2026-06-12T15:44:00.450526+00:00
Open3D/cpp/open3d/pipelines/registration/GlobalOptimization.h,1830,False,utf-8,0.8025,LF,48,.h,text/x-chdr,False,2026-06-12T15:44:00.450526+00:00
Open3D/cpp/open3d/pipelines/registration/GlobalOptimizationConvergenceCriteria.h,6408,False,ascii,1.0,LF,147,.h,text/x-chdr,False,2026-06-12T15:44:00.450526+00:00
Open3D/cpp/open3d/pipelines/registration/GlobalOptimizationMethod.h,2571,False,ascii,1.0,LF,82,.h,text/x-chdr,False,2026-06-12T15:44:00.450526+00:00
Open3D/cpp/open3d/pipelines/registration/PoseGraph.cpp,5968,False,ascii,1.0,LF,186,.cpp,text/x-c++src,False,2026-06-12T15:44:00.450526+00:00
Open3D/cpp/open3d/pipelines/registration/PoseGraph.h,3634,False,ascii,1.0,LF,115,.h,text/x-chdr,False,2026-06-12T15:44:00.450526+00:00
Open3D/cpp/open3d/pipelines/registration/Registration.cpp,13836,False,ascii,1.0,LF,350,.cpp,text/x-c++src,False,2026-06-12T15:44:00.450526+00:00
Open3D/cpp/open3d/pipelines/registration/Registration.h,9252,False,ascii,1.0,LF,228,.h,text/x-chdr,False,2026-06-12T15:44:00.450526+00:00
Open3D/cpp/open3d/pipelines/registration/RobustKernel.cpp,1549,False,ascii,1.0,LF,51,.cpp,text/x-c++src,False,2026-06-12T15:44:00.450526+00:00
Open3D/cpp/open3d/pipelines/registration/RobustKernel.h,6910,False,utf-8,0.801,LF,197,.h,text/x-chdr,False,2026-06-12T15:44:00.450526+00:00
Open3D/cpp/open3d/pipelines/registration/TransformationEstimation.cpp,5501,False,ascii,1.0,LF,137,.cpp,text/x-c++src,False,2026-06-12T15:44:00.450526+00:00
Open3D/cpp/open3d/pipelines/registration/TransformationEstimation.h,6497,False,utf-8,0.8007,LF,179,.h,text/x-chdr,False,2026-06-12T15:44:00.450526+00:00
Open3D/cpp/open3d/t/geometry/BoundingVolume.cpp,35791,False,ascii,1.0,LF,911,.cpp,text/x-c++src,False,2026-06-12T15:44:00.454680+00:00
Open3D/cpp/open3d/t/geometry/BoundingVolume.h,31459,False,utf-8,0.8001,LF,723,.h,text/x-chdr,False,2026-06-12T15:44:00.454680+00:00
Open3D/cpp/open3d/t/geometry/CMakeLists.txt,803,False,ascii,1.0,LF,36,.txt,text/plain,False,2026-06-12T15:44:00.454680+00:00
Open3D/cpp/open3d/t/geometry/DrawableGeometry.h,1498,False,ascii,1.0,LF,47,.h,text/x-chdr,False,2026-06-12T15:44:00.454680+00:00
Open3D/cpp/open3d/t/geometry/Geometry.h,3841,False,ascii,1.0,LF,128,.h,text/x-chdr,False,2026-06-12T15:44:00.454680+00:00
Open3D/cpp/open3d/t/geometry/Image.cpp,22239,False,ascii,1.0,LF,562,.cpp,text/x-c++src,False,2026-06-12T15:44:00.454680+00:00
Open3D/cpp/open3d/t/geometry/Image.h,13942,False,ascii,1.0,LF,345,.h,text/x-chdr,False,2026-06-12T15:44:00.454680+00:00
Open3D/cpp/open3d/t/geometry/LineSet.cpp,12548,False,ascii,1.0,LF,315,.cpp,text/x-c++src,False,2026-06-12T15:44:00.454680+00:00
Open3D/cpp/open3d/t/geometry/LineSet.h,18134,False,ascii,1.0,LF,433,.h,text/x-chdr,False,2026-06-12T15:44:00.454680+00:00
Open3D/cpp/open3d/t/geometry/PointCloud.cpp,65892,False,utf-8,0.8011,LF,1618,.cpp,text/x-c++src,False,2026-06-12T15:44:00.454680+00:00
Open3D/cpp/open3d/t/geometry/PointCloud.h,36307,False,utf-8,0.8002,LF,798,.h,text/x-chdr,False,2026-06-12T15:44:00.454680+00:00
Open3D/cpp/open3d/t/geometry/RGBDImage.cpp,1316,False,ascii,1.0,LF,36,.cpp,text/x-c++src,False,2026-06-12T15:44:00.454680+00:00
Open3D/cpp/open3d/t/geometry/RGBDImage.h,3856,False,ascii,1.0,LF,113,.h,text/x-chdr,False,2026-06-12T15:44:00.454680+00:00
Open3D/cpp/open3d/t/geometry/RaycastingScene.cpp,70233,False,ascii,1.0,LF,1629,.cpp,text/x-c++src,False,2026-06-12T15:44:00.454680+00:00
Open3D/cpp/open3d/t/geometry/RaycastingScene.h,14088,False,ascii,1.0,LF,265,.h,text/x-chdr,False,2026-06-12T15:44:00.454680+00:00
Open3D/cpp/open3d/t/geometry/TensorMap.cpp,5542,False,ascii,1.0,LF,184,.cpp,text/x-c++src,False,2026-06-12T15:44:00.454680+00:00
Open3D/cpp/open3d/t/geometry/TensorMap.h,8070,False,ascii,1.0,LF,218,.h,text/x-chdr,False,2026-06-12T15:44:00.454680+00:00
Open3D/cpp/open3d/t/geometry/TriangleMesh.cpp,98352,False,ascii,1.0,LF,1598,.cpp,text/x-c++src,False,2026-06-12T15:44:00.454680+00:00
Open3D/cpp/open3d/t/geometry/TriangleMesh.h,57019,False,ascii,1.0,LF,1216,.h,text/x-chdr,False,2026-06-12T15:44:00.454680+00:00
Open3D/cpp/open3d/t/geometry/TriangleMeshFactory.cpp,14522,False,ascii,1.0,LF,329,.cpp,text/x-c++src,False,2026-06-12T15:44:00.454680+00:00
Open3D/cpp/open3d/t/geometry/Utility.h,4450,False,ascii,1.0,LF,123,.h,text/x-chdr,False,2026-06-12T15:44:00.454680+00:00
Open3D/cpp/open3d/t/geometry/VoxelBlockGrid.cpp,24058,False,ascii,1.0,LF,612,.cpp,text/x-c++src,False,2026-06-12T15:44:00.454680+00:00
Open3D/cpp/open3d/t/geometry/VoxelBlockGrid.h,11515,False,ascii,1.0,LF,253,.h,text/x-chdr,False,2026-06-12T15:44:00.454680+00:00
Open3D/cpp/open3d/t/geometry/VtkUtils.cpp,25558,False,ascii,1.0,LF,621,.cpp,text/x-c++src,False,2026-06-12T15:44:00.454680+00:00
Open3D/cpp/open3d/t/geometry/VtkUtils.h,8031,False,ascii,1.0,LF,162,.h,text/x-chdr,False,2026-06-12T15:44:00.454680+00:00
Open3D/cpp/open3d/t/geometry/kernel/CMakeLists.txt,1190,False,ascii,1.0,LF,49,.txt,text/plain,False,2026-06-12T15:44:00.458835+00:00
Open3D/cpp/open3d/t/geometry/kernel/GeometryIndexer.h,13695,False,ascii,1.0,LF,365,.h,text/x-chdr,False,2026-06-12T15:44:00.458835+00:00
Open3D/cpp/open3d/t/geometry/kernel/GeometryMacros.h,28231,False,ascii,1.0,LF,478,.h,text/x-chdr,False,2026-06-12T15:44:00.458835+00:00
Open3D/cpp/open3d/t/geometry/kernel/IPPImage.cpp,17322,False,ascii,1.0,LF,388,.cpp,text/x-c++src,False,2026-06-12T15:44:00.458835+00:00
Open3D/cpp/open3d/t/geometry/kernel/IPPImage.h,3142,False,ascii,1.0,LF,98,.h,text/x-chdr,False,2026-06-12T15:44:00.458835+00:00
Open3D/cpp/open3d/t/geometry/kernel/Image.cpp,3669,False,ascii,1.0,LF,111,.cpp,text/x-c++src,False,2026-06-12T15:44:00.458835+00:00
Open3D/cpp/open3d/t/geometry/kernel/Image.h,3850,False,ascii,1.0,LF,120,.h,text/x-chdr,False,2026-06-12T15:44:00.458835+00:00
Open3D/cpp/open3d/t/geometry/kernel/ImageCPU.cpp,480,False,ascii,1.0,LF,9,.cpp,text/x-c++src,False,2026-06-12T15:44:00.458835+00:00
Open3D/cpp/open3d/t/geometry/kernel/ImageCUDA.cu,480,False,ascii,1.0,LF,9,.cu,application/cu-seeme,False,2026-06-12T15:44:00.458835+00:00
Open3D/cpp/open3d/t/geometry/kernel/ImageImpl.h,12915,False,ascii,1.0,LF,350,.h,text/x-chdr,False,2026-06-12T15:44:00.458835+00:00
Open3D/cpp/open3d/t/geometry/kernel/Metrics.cpp,3023,False,ascii,1.0,LF,70,.cpp,text/x-c++src,False,2026-06-12T15:44:00.458835+00:00
Open3D/cpp/open3d/t/geometry/kernel/Metrics.h,1063,False,ascii,1.0,LF,26,.h,text/x-chdr,False,2026-06-12T15:44:00.458835+00:00
Open3D/cpp/open3d/t/geometry/kernel/MinimumOBB.cpp,60848,False,utf-8,0.8,LF,1323,.cpp,text/x-c++src,False,2026-06-12T15:44:00.458835+00:00
Open3D/cpp/open3d/t/geometry/kernel/MinimumOBB.h,2367,False,utf-8,0.801,LF,50,.h,text/x-chdr,False,2026-06-12T15:44:00.458835+00:00
Open3D/cpp/open3d/t/geometry/kernel/MinimumOBE.cpp,11153,False,utf-8,0.801,LF,300,.cpp,text/x-c++src,False,2026-06-12T15:44:00.458835+00:00
Open3D/cpp/open3d/t/geometry/kernel/MinimumOBE.h,2263,False,ascii,1.0,LF,56,.h,text/x-chdr,False,2026-06-12T15:44:00.458835+00:00
Open3D/cpp/open3d/t/geometry/kernel/NPPImage.cpp,21050,False,ascii,1.0,LF,486,.cpp,text/x-c++src,False,2026-06-12T15:44:00.458835+00:00
Open3D/cpp/open3d/t/geometry/kernel/NPPImage.h,1781,False,ascii,1.0,LF,53,.h,text/x-chdr,False,2026-06-12T15:44:00.458835+00:00
Open3D/cpp/open3d/t/geometry/kernel/PCAPartition.cpp,5229,False,ascii,1.0,LF,143,.cpp,text/x-c++src,False,2026-06-12T15:44:00.458835+00:00
Open3D/cpp/open3d/t/geometry/kernel/PCAPartition.h,1111,False,ascii,1.0,LF,30,.h,text/x-chdr,False,2026-06-12T15:44:00.458835+00:00
Open3D/cpp/open3d/t/geometry/kernel/PointCloud.cpp,5709,False,ascii,1.0,LF,151,.cpp,text/x-c++src,False,2026-06-12T15:44:00.458835+00:00
Open3D/cpp/open3d/t/geometry/kernel/PointCloud.h,10283,False,ascii,1.0,LF,227,.h,text/x-chdr,False,2026-06-12T15:44:00.458835+00:00
Open3D/cpp/open3d/t/geometry/kernel/PointCloudCPU.cpp,3043,False,ascii,1.0,LF,87,.cpp,text/x-c++src,False,2026-06-12T15:44:00.458835+00:00
Open3D/cpp/open3d/t/geometry/kernel/PointCloudCUDA.cu,4109,False,ascii,1.0,LF,104,.cu,application/cu-seeme,False,2026-06-12T15:44:00.458835+00:00
Open3D/cpp/open3d/t/geometry/kernel/PointCloudImpl.h,48327,False,ascii,1.0,LF,1293,.h,text/x-chdr,False,2026-06-12T15:44:00.458835+00:00
Open3D/cpp/open3d/t/geometry/kernel/Transform.cpp,3809,False,ascii,1.0,LF,111,.cpp,text/x-c++src,False,2026-06-12T15:44:00.458835+00:00
Open3D/cpp/open3d/t/geometry/kernel/Transform.h,1929,False,ascii,1.0,LF,59,.h,text/x-chdr,False,2026-06-12T15:44:00.458835+00:00
Open3D/cpp/open3d/t/geometry/kernel/TransformCPU.cpp,484,False,ascii,1.0,LF,9,.cpp,text/x-c++src,False,2026-06-12T15:44:00.458835+00:00
Open3D/cpp/open3d/t/geometry/kernel/TransformCUDA.cu,484,False,ascii,1.0,LF,9,.cu,application/cu-seeme,False,2026-06-12T15:44:00.458835+00:00
Open3D/cpp/open3d/t/geometry/kernel/TransformImpl.h,6975,False,ascii,1.0,LF,174,.h,text/x-chdr,False,2026-06-12T15:44:00.458835+00:00
Open3D/cpp/open3d/t/geometry/kernel/TriangleMesh.cpp,446,False,ascii,1.0,LF,8,.cpp,text/x-c++src,False,2026-06-12T15:44:00.458835+00:00
Open3D/cpp/open3d/t/geometry/kernel/TriangleMesh.h,2315,False,ascii,1.0,LF,63,.h,text/x-chdr,False,2026-06-12T15:44:00.458835+00:00
Open3D/cpp/open3d/t/geometry/kernel/TriangleMeshCPU.cpp,9296,False,ascii,1.0,LF,191,.cpp,text/x-c++src,False,2026-06-12T15:44:00.458835+00:00
Open3D/cpp/open3d/t/geometry/kernel/TriangleMeshCUDA.cu,2625,False,ascii,1.0,LF,57,.cu,application/cu-seeme,False,2026-06-12T15:44:00.458835+00:00
Open3D/cpp/open3d/t/geometry/kernel/TriangleMeshImpl.h,6815,False,ascii,1.0,LF,160,.h,text/x-chdr,False,2026-06-12T15:44:00.462989+00:00
Open3D/cpp/open3d/t/geometry/kernel/UVUnwrapping.cpp,12605,False,ascii,1.0,LF,302,.cpp,text/x-c++src,False,2026-06-12T15:44:00.462989+00:00
Open3D/cpp/open3d/t/geometry/kernel/UVUnwrapping.h,2856,False,ascii,1.0,LF,68,.h,text/x-chdr,False,2026-06-12T15:44:00.462989+00:00
Open3D/cpp/open3d/t/geometry/kernel/VoxelBlockGrid.cpp,18011,False,ascii,1.0,LF,389,.cpp,text/x-c++src,False,2026-06-12T15:44:00.462989+00:00
Open3D/cpp/open3d/t/geometry/kernel/VoxelBlockGrid.h,14779,False,ascii,1.0,LF,341,.h,text/x-chdr,False,2026-06-12T15:44:00.462989+00:00
Open3D/cpp/open3d/t/geometry/kernel/VoxelBlockGridCPU.cpp,11320,False,ascii,1.0,LF,268,.cpp,text/x-c++src,False,2026-06-12T15:44:00.462989+00:00
Open3D/cpp/open3d/t/geometry/kernel/VoxelBlockGridCUDA.cu,14409,False,ascii,1.0,LF,309,.cu,application/cu-seeme,False,2026-06-12T15:44:00.462989+00:00
Open3D/cpp/open3d/t/geometry/kernel/VoxelBlockGridImpl.h,64571,False,ascii,1.0,LF,1694,.h,text/x-chdr,False,2026-06-12T15:44:00.462989+00:00
Open3D/cpp/open3d/t/geometry/kernel/mikktspace.c,57456,False,ascii,1.0,LF,1899,.c,text/x-csrc,False,2026-06-12T15:44:00.462989+00:00
Open3D/cpp/open3d/t/geometry/kernel/mikktspace.h,9581,False,ascii,1.0,LF,186,.h,text/x-chdr,False,2026-06-12T15:44:00.462989+00:00
Open3D/cpp/open3d/t/io/CMakeLists.txt,867,False,ascii,1.0,LF,38,.txt,text/plain,False,2026-06-12T15:44:00.462989+00:00
Open3D/cpp/open3d/t/io/HashMapIO.cpp,3320,False,ascii,1.0,LF,93,.cpp,text/x-c++src,False,2026-06-12T15:44:00.462989+00:00
Open3D/cpp/open3d/t/io/HashMapIO.h,1074,False,ascii,1.0,LF,33,.h,text/x-chdr,False,2026-06-12T15:44:00.462989+00:00
Open3D/cpp/open3d/t/io/ImageIO.cpp,10994,False,ascii,1.0,LF,291,.cpp,text/x-c++src,False,2026-06-12T15:44:00.462989+00:00
Open3D/cpp/open3d/t/io/ImageIO.h,5668,False,ascii,1.0,LF,131,.h,text/x-chdr,False,2026-06-12T15:44:00.462989+00:00
Open3D/cpp/open3d/t/io/NumpyIO.cpp,29795,False,ascii,1.0,LF,789,.cpp,text/x-c++src,False,2026-06-12T15:44:00.462989+00:00
Open3D/cpp/open3d/t/io/NumpyIO.h,1434,False,ascii,1.0,LF,45,.h,text/x-chdr,False,2026-06-12T15:44:00.462989+00:00
Open3D/cpp/open3d/t/io/PointCloudIO.cpp,8284,False,ascii,1.0,LF,207,.cpp,text/x-c++src,False,2026-06-12T15:44:00.462989+00:00
Open3D/cpp/open3d/t/io/PointCloudIO.h,4476,False,ascii,1.0,LF,100,.h,text/x-chdr,False,2026-06-12T15:44:00.462989+00:00
Open3D/cpp/open3d/t/io/TriangleMeshIO.cpp,12958,False,ascii,1.0,LF,316,.cpp,text/x-c++src,False,2026-06-12T15:44:00.462989+00:00
Open3D/cpp/open3d/t/io/TriangleMeshIO.h,4945,False,ascii,1.0,LF,99,.h,text/x-chdr,False,2026-06-12T15:44:00.462989+00:00
Open3D/cpp/open3d/t/io/file_format/FileASSIMP.cpp,41067,False,utf-8,0.8009,LF,956,.cpp,text/x-c++src,False,2026-06-12T15:44:00.462989+00:00
Open3D/cpp/open3d/t/io/file_format/FileJPG.cpp,7417,False,ascii,1.0,LF,207,.cpp,text/x-c++src,False,2026-06-12T15:44:00.462989+00:00
Open3D/cpp/open3d/t/io/file_format/FilePCD.cpp,45773,False,ascii,1.0,LF,1211,.cpp,text/x-c++src,False,2026-06-12T15:44:00.462989+00:00
Open3D/cpp/open3d/t/io/file_format/FilePLY.cpp,23799,False,ascii,1.0,LF,603,.cpp,text/x-c++src,False,2026-06-12T15:44:00.462989+00:00
Open3D/cpp/open3d/t/io/file_format/FilePNG.cpp,6855,False,ascii,1.0,LF,199,.cpp,text/x-c++src,False,2026-06-12T15:44:00.462989+00:00
Open3D/cpp/open3d/t/io/file_format/FilePTS.cpp,13212,False,ascii,1.0,LF,336,.cpp,text/x-c++src,False,2026-06-12T15:44:00.462989+00:00
Open3D/cpp/open3d/t/io/file_format/FileSPLAT.cpp,12953,False,utf-8,0.8015,LF,323,.cpp,text/x-c++src,False,2026-06-12T15:44:00.462989+00:00
Open3D/cpp/open3d/t/io/file_format/FileTXT.cpp,11683,False,ascii,1.0,LF,282,.cpp,text/x-c++src,False,2026-06-12T15:44:00.462989+00:00
Open3D/cpp/open3d/t/io/sensor/RGBDSensor.h,3739,False,ascii,1.0,LF,95,.h,text/x-chdr,False,2026-06-12T15:44:00.462989+00:00
Open3D/cpp/open3d/t/io/sensor/RGBDVideoMetadata.cpp,1680,False,ascii,1.0,LF,53,.cpp,text/x-c++src,False,2026-06-12T15:44:00.462989+00:00
Open3D/cpp/open3d/t/io/sensor/RGBDVideoMetadata.h,2162,False,ascii,1.0,LF,83,.h,text/x-chdr,False,2026-06-12T15:44:00.462989+00:00
Open3D/cpp/open3d/t/io/sensor/RGBDVideoReader.cpp,3479,False,ascii,1.0,LF,97,.cpp,text/x-c++src,False,2026-06-12T15:44:00.462989+00:00
Open3D/cpp/open3d/t/io/sensor/RGBDVideoReader.h,2659,False,ascii,1.0,LF,78,.h,text/x-chdr,False,2026-06-12T15:44:00.462989+00:00
Open3D/cpp/open3d/t/io/sensor/realsense/RSBagReader.cpp,8408,False,ascii,1.0,LF,223,.cpp,text/x-c++src,False,2026-06-12T15:44:00.467144+00:00
Open3D/cpp/open3d/t/io/sensor/realsense/RSBagReader.h,5461,False,ascii,1.0,LF,141,.h,text/x-chdr,False,2026-06-12T15:44:00.467144+00:00
Open3D/cpp/open3d/t/io/sensor/realsense/RealSensePrivate.h,893,False,ascii,1.0,LF,28,.h,text/x-chdr,False,2026-06-12T15:44:00.467144+00:00
Open3D/cpp/open3d/t/io/sensor/realsense/RealSenseSensor.cpp,12764,False,ascii,1.0,LF,299,.cpp,text/x-c++src,False,2026-06-12T15:44:00.467144+00:00
Open3D/cpp/open3d/t/io/sensor/realsense/RealSenseSensor.h,5175,False,ascii,1.0,LF,133,.h,text/x-chdr,False,2026-06-12T15:44:00.467144+00:00
Open3D/cpp/open3d/t/io/sensor/realsense/RealSenseSensorConfig.cpp,12028,False,ascii,1.0,LF,273,.cpp,text/x-c++src,False,2026-06-12T15:44:00.467144+00:00
Open3D/cpp/open3d/t/io/sensor/realsense/RealSenseSensorConfig.h,4030,False,ascii,1.0,LF,108,.h,text/x-chdr,False,2026-06-12T15:44:00.467144+00:00
Open3D/cpp/open3d/t/pipelines/CMakeLists.txt,760,False,ascii,1.0,LF,32,.txt,text/plain,False,2026-06-12T15:44:00.467144+00:00
Open3D/cpp/open3d/t/pipelines/kernel/CMakeLists.txt,1016,False,ascii,1.0,LF,34,.txt,text/plain,False,2026-06-12T15:44:00.467144+00:00
Open3D/cpp/open3d/t/pipelines/kernel/Feature.cpp,2442,False,ascii,1.0,LF,61,.cpp,text/x-c++src,False,2026-06-12T15:44:00.467144+00:00
Open3D/cpp/open3d/t/pipelines/kernel/Feature.h,2044,False,ascii,1.0,LF,55,.h,text/x-chdr,False,2026-06-12T15:44:00.467144+00:00
Open3D/cpp/open3d/t/pipelines/kernel/FeatureCPU.cpp,446,False,ascii,1.0,LF,8,.cpp,text/x-c++src,False,2026-06-12T15:44:00.467144+00:00
Open3D/cpp/open3d/t/pipelines/kernel/FeatureCUDA.cu,446,False,ascii,1.0,LF,8,.cu,application/cu-seeme,False,2026-06-12T15:44:00.467144+00:00
Open3D/cpp/open3d/t/pipelines/kernel/FeatureImpl.h,12753,False,ascii,1.0,LF,298,.h,text/x-chdr,False,2026-06-12T15:44:00.467144+00:00
Open3D/cpp/open3d/t/pipelines/kernel/FillInLinearSystem.cpp,7126,False,ascii,1.0,LF,175,.cpp,text/x-c++src,False,2026-06-12T15:44:00.467144+00:00
Open3D/cpp/open3d/t/pipelines/kernel/FillInLinearSystem.h,6699,False,ascii,1.0,LF,138,.h,text/x-chdr,False,2026-06-12T15:44:00.467144+00:00
Open3D/cpp/open3d/t/pipelines/kernel/FillInLinearSystemCPU.cpp,494,False,ascii,1.0,LF,9,.cpp,text/x-c++src,False,2026-06-12T15:44:00.467144+00:00
Open3D/cpp/open3d/t/pipelines/kernel/FillInLinearSystemCUDA.cu,494,False,ascii,1.0,LF,9,.cu,application/cu-seeme,False,2026-06-12T15:44:00.467144+00:00
Open3D/cpp/open3d/t/pipelines/kernel/FillInLinearSystemImpl.h,20479,False,ascii,1.0,LF,477,.h,text/x-chdr,False,2026-06-12T15:44:00.467144+00:00
Open3D/cpp/open3d/t/pipelines/kernel/RGBDOdometry.cpp,11361,False,ascii,1.0,LF,234,.cpp,text/x-c++src,False,2026-06-12T15:44:00.467144+00:00
Open3D/cpp/open3d/t/pipelines/kernel/RGBDOdometry.h,3646,False,ascii,1.0,LF,74,.h,text/x-chdr,False,2026-06-12T15:44:00.467144+00:00
Open3D/cpp/open3d/t/pipelines/kernel/RGBDOdometryCPU.cpp,16546,False,ascii,1.0,LF,401,.cpp,text/x-c++src,False,2026-06-12T15:44:00.467144+00:00
Open3D/cpp/open3d/t/pipelines/kernel/RGBDOdometryCUDA.cu,17964,False,ascii,1.0,LF,450,.cu,application/cu-seeme,False,2026-06-12T15:44:00.467144+00:00
Open3D/cpp/open3d/t/pipelines/kernel/RGBDOdometryImpl.h,6162,False,ascii,1.0,LF,132,.h,text/x-chdr,False,2026-06-12T15:44:00.467144+00:00
Open3D/cpp/open3d/t/pipelines/kernel/RGBDOdometryJacobianImpl.h,11905,False,ascii,1.0,LF,343,.h,text/x-chdr,False,2026-06-12T15:44:00.467144+00:00
Open3D/cpp/open3d/t/pipelines/kernel/Registration.cpp,13341,False,ascii,1.0,LF,307,.cpp,text/x-c++src,False,2026-06-12T15:44:00.467144+00:00
Open3D/cpp/open3d/t/pipelines/kernel/Registration.h,8425,False,utf-8,0.8016,LF,160,.h,text/x-chdr,False,2026-06-12T15:44:00.467144+00:00
Open3D/cpp/open3d/t/pipelines/kernel/RegistrationCPU.cpp,28997,False,ascii,1.0,LF,677,.cpp,text/x-c++src,False,2026-06-12T15:44:00.467144+00:00
Open3D/cpp/open3d/t/pipelines/kernel/RegistrationCUDA.cu,19500,False,ascii,1.0,LF,477,.cu,application/cu-seeme,False,2026-06-12T15:44:00.467144+00:00
Open3D/cpp/open3d/t/pipelines/kernel/RegistrationImpl.h,23634,False,ascii,1.0,LF,527,.h,text/x-chdr,False,2026-06-12T15:44:00.467144+00:00
Open3D/cpp/open3d/t/pipelines/kernel/TransformationConverter.cpp,6912,False,ascii,1.0,LF,186,.cpp,text/x-c++src,False,2026-06-12T15:44:00.467144+00:00
Open3D/cpp/open3d/t/pipelines/kernel/TransformationConverter.cu,2555,False,ascii,1.0,LF,73,.cu,application/cu-seeme,False,2026-06-12T15:44:00.467144+00:00
Open3D/cpp/open3d/t/pipelines/kernel/TransformationConverter.h,2275,False,ascii,1.0,LF,56,.h,text/x-chdr,False,2026-06-12T15:44:00.467144+00:00
Open3D/cpp/open3d/t/pipelines/kernel/TransformationConverterImpl.h,3442,False,ascii,1.0,LF,83,.h,text/x-chdr,False,2026-06-12T15:44:00.471299+00:00
Open3D/cpp/open3d/t/pipelines/odometry/RGBDOdometry.cpp,22267,False,ascii,1.0,LF,517,.cpp,text/x-c++src,False,2026-06-12T15:44:00.471299+00:00
Open3D/cpp/open3d/t/pipelines/odometry/RGBDOdometry.h,14890,False,ascii,1.0,LF,312,.h,text/x-chdr,False,2026-06-12T15:44:00.471299+00:00
Open3D/cpp/open3d/t/pipelines/registration/Feature.cpp,15218,False,ascii,1.0,LF,339,.cpp,text/x-c++src,False,2026-06-12T15:44:00.471299+00:00
Open3D/cpp/open3d/t/pipelines/registration/Feature.h,3075,False,ascii,1.0,LF,67,.h,text/x-chdr,False,2026-06-12T15:44:00.471299+00:00
Open3D/cpp/open3d/t/pipelines/registration/Registration.cpp,20442,False,ascii,1.0,LF,471,.cpp,text/x-c++src,False,2026-06-12T15:44:00.471299+00:00
Open3D/cpp/open3d/t/pipelines/registration/Registration.h,9285,False,ascii,1.0,LF,203,.h,text/x-chdr,False,2026-06-12T15:44:00.471299+00:00
Open3D/cpp/open3d/t/pipelines/registration/RobustKernel.h,2841,False,utf-8,0.8024,LF,80,.h,text/x-chdr,False,2026-06-12T15:44:00.471299+00:00
Open3D/cpp/open3d/t/pipelines/registration/RobustKernelImpl.h,12330,False,ascii,1.0,LF,179,.h,text/x-chdr,False,2026-06-12T15:44:00.471299+00:00
Open3D/cpp/open3d/t/pipelines/registration/TransformationEstimation.cpp,17533,False,ascii,1.0,LF,397,.cpp,text/x-c++src,False,2026-06-12T15:44:00.471299+00:00
Open3D/cpp/open3d/t/pipelines/registration/TransformationEstimation.h,20459,False,utf-8,0.8013,LF,448,.h,text/x-chdr,False,2026-06-12T15:44:00.471299+00:00
Open3D/cpp/open3d/t/pipelines/slac/ControlGrid.cpp,13061,False,ascii,1.0,LF,327,.cpp,text/x-c++src,False,2026-06-12T15:44:00.471299+00:00
Open3D/cpp/open3d/t/pipelines/slac/ControlGrid.h,5447,False,ascii,1.0,LF,132,.h,text/x-chdr,False,2026-06-12T15:44:00.471299+00:00
Open3D/cpp/open3d/t/pipelines/slac/FillInLinearSystemImpl.h,10490,False,ascii,1.0,LF,241,.h,text/x-chdr,False,2026-06-12T15:44:00.471299+00:00
Open3D/cpp/open3d/t/pipelines/slac/SLACOptimizer.cpp,17176,False,ascii,1.0,LF,419,.cpp,text/x-c++src,False,2026-06-12T15:44:00.471299+00:00
Open3D/cpp/open3d/t/pipelines/slac/SLACOptimizer.h,6877,False,ascii,1.0,LF,175,.h,text/x-chdr,False,2026-06-12T15:44:00.471299+00:00
Open3D/cpp/open3d/t/pipelines/slac/Visualization.cpp,9076,False,ascii,1.0,LF,236,.cpp,text/x-c++src,False,2026-06-12T15:44:00.471299+00:00
Open3D/cpp/open3d/t/pipelines/slac/Visualization.h,1995,False,ascii,1.0,LF,48,.h,text/x-chdr,False,2026-06-12T15:44:00.471299+00:00
Open3D/cpp/open3d/t/pipelines/slam/Frame.h,2505,False,ascii,1.0,LF,81,.h,text/x-chdr,False,2026-06-12T15:44:00.471299+00:00
Open3D/cpp/open3d/t/pipelines/slam/Model.cpp,5371,False,ascii,1.0,LF,123,.cpp,text/x-c++src,False,2026-06-12T15:44:00.471299+00:00
Open3D/cpp/open3d/t/pipelines/slam/Model.h,6166,False,ascii,1.0,LF,137,.h,text/x-chdr,False,2026-06-12T15:44:00.471299+00:00
Open3D/cpp/open3d/utility/CMakeLists.txt,702,False,ascii,1.0,LF,36,.txt,text/plain,False,2026-06-12T15:44:00.471299+00:00
Open3D/cpp/open3d/utility/CPUInfo.cpp,4575,False,ascii,1.0,LF,136,.cpp,text/x-c++src,False,2026-06-12T15:44:00.471299+00:00
Open3D/cpp/open3d/utility/CPUInfo.h,1201,False,ascii,1.0,LF,42,.h,text/x-chdr,False,2026-06-12T15:44:00.471299+00:00
Open3D/cpp/open3d/utility/CompilerInfo.cpp,1908,False,ascii,1.0,LF,64,.cpp,text/x-c++src,False,2026-06-12T15:44:00.471299+00:00
Open3D/cpp/open3d/utility/CompilerInfo.h,1140,False,ascii,1.0,LF,41,.h,text/x-chdr,False,2026-06-12T15:44:00.471299+00:00
Open3D/cpp/open3d/utility/Console.cpp,3761,False,ascii,1.0,LF,116,.cpp,text/x-c++src,False,2026-06-12T15:44:00.471299+00:00
Open3D/cpp/open3d/utility/Console.h,1617,False,ascii,1.0,LF,45,.h,text/x-chdr,False,2026-06-12T15:44:00.475453+00:00
Open3D/cpp/open3d/utility/Download.cpp,5875,False,ascii,1.0,LF,188,.cpp,text/x-c++src,False,2026-06-12T15:44:00.475453+00:00
Open3D/cpp/open3d/utility/Download.h,2107,False,ascii,1.0,LF,49,.h,text/x-chdr,False,2026-06-12T15:44:00.475453+00:00
Open3D/cpp/open3d/utility/Eigen.cpp,15919,False,ascii,1.0,LF,424,.cpp,text/x-c++src,False,2026-06-12T15:44:00.475453+00:00
Open3D/cpp/open3d/utility/Eigen.h,5915,False,ascii,1.0,LF,138,.h,text/x-chdr,False,2026-06-12T15:44:00.475453+00:00
Open3D/cpp/open3d/utility/Extract.cpp,1980,False,ascii,1.0,LF,52,.cpp,text/x-c++src,False,2026-06-12T15:44:00.475453+00:00
Open3D/cpp/open3d/utility/Extract.h,1104,False,ascii,1.0,LF,27,.h,text/x-chdr,False,2026-06-12T15:44:00.475453+00:00
Open3D/cpp/open3d/utility/ExtractZIP.cpp,6668,False,ascii,1.0,LF,211,.cpp,text/x-c++src,False,2026-06-12T15:44:00.475453+00:00
Open3D/cpp/open3d/utility/ExtractZIP.h,878,False,ascii,1.0,LF,24,.h,text/x-chdr,False,2026-06-12T15:44:00.475453+00:00
Open3D/cpp/open3d/utility/FileSystem.cpp,18624,False,ascii,1.0,LF,635,.cpp,text/x-c++src,False,2026-06-12T15:44:00.475453+00:00
Open3D/cpp/open3d/utility/FileSystem.h,5627,False,ascii,1.0,LF,168,.h,text/x-chdr,False,2026-06-12T15:44:00.475453+00:00
Open3D/cpp/open3d/utility/Helper.cpp,4077,False,ascii,1.0,LF,133,.cpp,text/x-c++src,False,2026-06-12T15:44:00.475453+00:00
Open3D/cpp/open3d/utility/Helper.h,6183,False,ascii,1.0,LF,185,.h,text/x-chdr,False,2026-06-12T15:44:00.475453+00:00
Open3D/cpp/open3d/utility/Helper.isph,1343,False,ascii,1.0,LF,38,.isph,,False,2026-06-12T15:44:00.475453+00:00
Open3D/cpp/open3d/utility/IJsonConvertible.cpp,5658,False,ascii,1.0,LF,191,.cpp,text/x-c++src,False,2026-06-12T15:44:00.475453+00:00
Open3D/cpp/open3d/utility/IJsonConvertible.h,3888,False,ascii,1.0,LF,100,.h,text/x-chdr,False,2026-06-12T15:44:00.475453+00:00
Open3D/cpp/open3d/utility/ISAInfo.cpp,2218,False,ascii,1.0,LF,84,.cpp,text/x-c++src,False,2026-06-12T15:44:00.475453+00:00
Open3D/cpp/open3d/utility/ISAInfo.h,1385,False,ascii,1.0,LF,57,.h,text/x-chdr,False,2026-06-12T15:44:00.475453+00:00
Open3D/cpp/open3d/utility/ISAInfo.ispc,648,False,ascii,1.0,LF,18,.ispc,,False,2026-06-12T15:44:00.475453+00:00
Open3D/cpp/open3d/utility/ISAInfo.isph,2966,False,ascii,1.0,LF,82,.isph,,False,2026-06-12T15:44:00.475453+00:00
Open3D/cpp/open3d/utility/Logging.cpp,4244,False,ascii,1.0,LF,141,.cpp,text/x-c++src,False,2026-06-12T15:44:00.475453+00:00
Open3D/cpp/open3d/utility/Logging.h,10188,False,ascii,1.0,LF,264,.h,text/x-chdr,False,2026-06-12T15:44:00.475453+00:00
Open3D/cpp/open3d/utility/MiniVec.h,7599,False,ascii,1.0,LF,191,.h,text/x-chdr,False,2026-06-12T15:44:00.475453+00:00
Open3D/cpp/open3d/utility/Overload.h,1343,False,ascii,1.0,LF,44,.h,text/x-chdr,False,2026-06-12T15:44:00.475453+00:00
Open3D/cpp/open3d/utility/Parallel.cpp,1703,False,ascii,1.0,LF,66,.cpp,text/x-c++src,False,2026-06-12T15:44:00.475453+00:00
Open3D/cpp/open3d/utility/Parallel.h,742,False,ascii,1.0,LF,23,.h,text/x-chdr,False,2026-06-12T15:44:00.475453+00:00
Open3D/cpp/open3d/utility/ParallelScan.h,1563,False,ascii,1.0,LF,50,.h,text/x-chdr,False,2026-06-12T15:44:00.475453+00:00
Open3D/cpp/open3d/utility/Preprocessor.h,2170,False,ascii,1.0,LF,65,.h,text/x-chdr,False,2026-06-12T15:44:00.475453+00:00
Open3D/cpp/open3d/utility/ProgressBar.cpp,2851,False,ascii,1.0,LF,90,.cpp,text/x-c++src,False,2026-06-12T15:44:00.475453+00:00
Open3D/cpp/open3d/utility/ProgressBar.h,1351,False,ascii,1.0,LF,46,.h,text/x-chdr,False,2026-06-12T15:44:00.475453+00:00
Open3D/cpp/open3d/utility/ProgressReporters.h,2301,False,ascii,1.0,LF,76,.h,text/x-chdr,False,2026-06-12T15:44:00.475453+00:00
Open3D/cpp/open3d/utility/Random.cpp,1990,False,ascii,1.0,LF,66,.cpp,text/x-c++src,False,2026-06-12T15:44:00.475453+00:00
Open3D/cpp/open3d/utility/Random.h,7083,False,ascii,1.0,LF,223,.h,text/x-chdr,False,2026-06-12T15:44:00.475453+00:00
Open3D/cpp/open3d/utility/Timer.cpp,3363,False,ascii,1.0,LF,104,.cpp,text/x-c++src,False,2026-06-12T15:44:00.475453+00:00
Open3D/cpp/open3d/utility/Timer.h,1723,False,ascii,1.0,LF,67,.h,text/x-chdr,False,2026-06-12T15:44:00.475453+00:00
Open3D/cpp/open3d/visualization/CMakeLists.txt,6264,False,ascii,1.0,LF,181,.txt,text/plain,False,2026-06-12T15:44:00.475453+00:00
Open3D/cpp/open3d/visualization/app/Viewer.cpp,1834,False,ascii,1.0,LF,58,.cpp,text/x-c++src,False,2026-06-12T15:44:00.479608+00:00
Open3D/cpp/open3d/visualization/app/Viewer.h,1142,False,ascii,1.0,LF,26,.h,text/x-chdr,False,2026-06-12T15:44:00.479608+00:00
Open3D/cpp/open3d/visualization/gui/Application.cpp,35026,False,utf-8,0.8001,LF,910,.cpp,text/x-c++src,False,2026-06-12T15:44:00.479608+00:00
Open3D/cpp/open3d/visualization/gui/Application.h,8293,False,ascii,1.0,LF,210,.h,text/x-chdr,False,2026-06-12T15:44:00.479608+00:00
Open3D/cpp/open3d/visualization/gui/BitmapWindowSystem.cpp,10619,False,ascii,1.0,LF,312,.cpp,text/x-c++src,False,2026-06-12T15:44:00.479608+00:00
Open3D/cpp/open3d/visualization/gui/BitmapWindowSystem.h,3263,False,ascii,1.0,LF,105,.h,text/x-chdr,False,2026-06-12T15:44:00.479608+00:00
Open3D/cpp/open3d/visualization/gui/Button.cpp,6250,False,ascii,1.0,LF,177,.cpp,text/x-c++src,False,2026-06-12T15:44:00.479608+00:00
Open3D/cpp/open3d/visualization/gui/Button.h,2111,False,ascii,1.0,LF,63,.h,text/x-chdr,False,2026-06-12T15:44:00.479608+00:00
Open3D/cpp/open3d/visualization/gui/CMakeLists.txt,3579,False,ascii,1.0,LF,138,.txt,text/plain,False,2026-06-12T15:44:00.479608+00:00
Open3D/cpp/open3d/visualization/gui/Checkbox.cpp,3451,False,ascii,1.0,LF,105,.cpp,text/x-c++src,False,2026-06-12T15:44:00.479608+00:00
Open3D/cpp/open3d/visualization/gui/Checkbox.h,1224,False,ascii,1.0,LF,42,.h,text/x-chdr,False,2026-06-12T15:44:00.479608+00:00
Open3D/cpp/open3d/visualization/gui/Color.cpp,2340,False,ascii,1.0,LF,69,.cpp,text/x-c++src,False,2026-06-12T15:44:00.479608+00:00
Open3D/cpp/open3d/visualization/gui/Color.h,1303,False,ascii,1.0,LF,48,.h,text/x-chdr,False,2026-06-12T15:44:00.479608+00:00
Open3D/cpp/open3d/visualization/gui/ColorEdit.cpp,2471,False,ascii,1.0,LF,83,.cpp,text/x-c++src,False,2026-06-12T15:44:00.479608+00:00
Open3D/cpp/open3d/visualization/gui/ColorEdit.h,1276,False,ascii,1.0,LF,44,.h,text/x-chdr,False,2026-06-12T15:44:00.479608+00:00
Open3D/cpp/open3d/visualization/gui/Combobox.cpp,5873,False,ascii,1.0,LF,196,.cpp,text/x-c++src,False,2026-06-12T15:44:00.479608+00:00
Open3D/cpp/open3d/visualization/gui/Combobox.h,2589,False,ascii,1.0,LF,75,.h,text/x-chdr,False,2026-06-12T15:44:00.479608+00:00
Open3D/cpp/open3d/visualization/gui/Dialog.cpp,1543,False,ascii,1.0,LF,55,.cpp,text/x-c++src,False,2026-06-12T15:44:00.479608+00:00
Open3D/cpp/open3d/visualization/gui/Dialog.h,1105,False,ascii,1.0,LF,40,.h,text/x-chdr,False,2026-06-12T15:44:00.479608+00:00
Open3D/cpp/open3d/visualization/gui/Events.cpp,6553,False,ascii,1.0,LF,190,.cpp,text/x-c++src,False,2026-06-12T15:44:00.479608+00:00
Open3D/cpp/open3d/visualization/gui/Events.h,5039,False,ascii,1.0,LF,219,.h,text/x-chdr,False,2026-06-12T15:44:00.479608+00:00
Open3D/cpp/open3d/visualization/gui/FileDialog.cpp,14216,False,ascii,1.0,LF,422,.cpp,text/x-c++src,False,2026-06-12T15:44:00.479608+00:00
Open3D/cpp/open3d/visualization/gui/FileDialog.h,1951,False,ascii,1.0,LF,63,.h,text/x-chdr,False,2026-06-12T15:44:00.479608+00:00
Open3D/cpp/open3d/visualization/gui/FileDialogNative.cpp,2197,False,ascii,1.0,LF,70,.cpp,text/x-c++src,False,2026-06-12T15:44:00.479608+00:00
Open3D/cpp/open3d/visualization/gui/Font.cpp,1396,False,ascii,1.0,LF,38,.cpp,text/x-c++src,False,2026-06-12T15:44:00.479608+00:00
Open3D/cpp/open3d/visualization/gui/Font.h,3498,False,ascii,1.0,LF,79,.h,text/x-chdr,False,2026-06-12T15:44:00.479608+00:00
Open3D/cpp/open3d/visualization/gui/GLFWWindowSystem.cpp,21154,False,ascii,1.0,LF,586,.cpp,text/x-c++src,False,2026-06-12T15:44:00.479608+00:00
Open3D/cpp/open3d/visualization/gui/GLFWWindowSystem.h,3480,False,ascii,1.0,LF,97,.h,text/x-chdr,False,2026-06-12T15:44:00.479608+00:00
Open3D/cpp/open3d/visualization/gui/Gui.cpp,2052,False,ascii,1.0,LF,63,.cpp,text/x-c++src,False,2026-06-12T15:44:00.479608+00:00
Open3D/cpp/open3d/visualization/gui/Gui.h,1775,False,ascii,1.0,LF,86,.h,text/x-chdr,False,2026-06-12T15:44:00.479608+00:00
Open3D/cpp/open3d/visualization/gui/ImageWidget.cpp,5686,False,ascii,1.0,LF,160,.cpp,text/x-c++src,False,2026-06-12T15:44:00.479608+00:00
Open3D/cpp/open3d/visualization/gui/ImageWidget.h,2757,False,ascii,1.0,LF,69,.h,text/x-chdr,False,2026-06-12T15:44:00.479608+00:00
Open3D/cpp/open3d/visualization/gui/ImguiFilamentBridge.cpp,20312,False,ascii,1.0,LF,507,.cpp,text/x-c++src,False,2026-06-12T15:44:00.479608+00:00
Open3D/cpp/open3d/visualization/gui/ImguiFilamentBridge.h,4037,False,ascii,1.0,LF,112,.h,text/x-chdr,False,2026-06-12T15:44:00.479608+00:00
Open3D/cpp/open3d/visualization/gui/Label.cpp,6210,False,ascii,1.0,LF,166,.cpp,text/x-c++src,False,2026-06-12T15:44:00.479608+00:00
Open3D/cpp/open3d/visualization/gui/Label.h,1474,False,ascii,1.0,LF,50,.h,text/x-chdr,False,2026-06-12T15:44:00.479608+00:00
Open3D/cpp/open3d/visualization/gui/Label3D.cpp,1556,False,ascii,1.0,LF,55,.cpp,text/x-c++src,False,2026-06-12T15:44:00.479608+00:00
Open3D/cpp/open3d/visualization/gui/Label3D.h,1758,False,ascii,1.0,LF,54,.h,text/x-chdr,False,2026-06-12T15:44:00.479608+00:00
Open3D/cpp/open3d/visualization/gui/Layout.cpp,24502,False,ascii,1.0,LF,679,.cpp,text/x-c++src,False,2026-06-12T15:44:00.479608+00:00
Open3D/cpp/open3d/visualization/gui/Layout.h,7730,False,ascii,1.0,LF,235,.h,text/x-chdr,False,2026-06-12T15:44:00.479608+00:00
Open3D/cpp/open3d/visualization/gui/ListView.cpp,6509,False,ascii,1.0,LF,175,.cpp,text/x-c++src,False,2026-06-12T15:44:00.479608+00:00
Open3D/cpp/open3d/visualization/gui/ListView.h,1954,False,ascii,1.0,LF,59,.h,text/x-chdr,False,2026-06-12T15:44:00.479608+00:00
Open3D/cpp/open3d/visualization/gui/Menu.cpp,3445,False,ascii,1.0,LF,111,.cpp,text/x-c++src,False,2026-06-12T15:44:00.483763+00:00
Open3D/cpp/open3d/visualization/gui/Menu.h,2687,False,ascii,1.0,LF,77,.h,text/x-chdr,False,2026-06-12T15:44:00.483763+00:00
Open3D/cpp/open3d/visualization/gui/MenuBase.h,2823,False,ascii,1.0,LF,77,.h,text/x-chdr,False,2026-06-12T15:44:00.483763+00:00
Open3D/cpp/open3d/visualization/gui/MenuImgui.cpp,10544,False,ascii,1.0,LF,302,.cpp,text/x-c++src,False,2026-06-12T15:44:00.483763+00:00
Open3D/cpp/open3d/visualization/gui/MenuImgui.h,1951,False,ascii,1.0,LF,62,.h,text/x-chdr,False,2026-06-12T15:44:00.483763+00:00
Open3D/cpp/open3d/visualization/gui/MenuMacOS.h,1951,False,ascii,1.0,LF,62,.h,text/x-chdr,False,2026-06-12T15:44:00.483763+00:00
Open3D/cpp/open3d/visualization/gui/MenuMacOS.mm,5437,False,ascii,1.0,LF,184,.mm,application/x-freemind,False,2026-06-12T15:44:00.483763+00:00
Open3D/cpp/open3d/visualization/gui/Native.h,1695,False,utf-8,0.802,LF,48,.h,text/x-chdr,False,2026-06-12T15:44:00.483763+00:00
Open3D/cpp/open3d/visualization/gui/NativeLinux.cpp,2101,False,ascii,1.0,LF,63,.cpp,text/x-c++src,False,2026-06-12T15:44:00.483763+00:00
Open3D/cpp/open3d/visualization/gui/NativeMacOS.mm,8829,False,utf-8,0.8004,LF,208,.mm,application/x-freemind,False,2026-06-12T15:44:00.483763+00:00
Open3D/cpp/open3d/visualization/gui/NativeWin32.cpp,1843,False,ascii,1.0,LF,45,.cpp,text/x-c++src,False,2026-06-12T15:44:00.483763+00:00
Open3D/cpp/open3d/visualization/gui/NumberEdit.cpp,6013,False,ascii,1.0,LF,187,.cpp,text/x-c++src,False,2026-06-12T15:44:00.483763+00:00
Open3D/cpp/open3d/visualization/gui/NumberEdit.h,1444,False,ascii,1.0,LF,52,.h,text/x-chdr,False,2026-06-12T15:44:00.483763+00:00
Open3D/cpp/open3d/visualization/gui/PickPointsInteractor.cpp,24137,False,ascii,1.0,LF,594,.cpp,text/x-c++src,False,2026-06-12T15:44:00.483763+00:00
Open3D/cpp/open3d/visualization/gui/PickPointsInteractor.h,3671,False,ascii,1.0,LF,112,.h,text/x-chdr,False,2026-06-12T15:44:00.483763+00:00
Open3D/cpp/open3d/visualization/gui/ProgressBar.cpp,2171,False,ascii,1.0,LF,63,.cpp,text/x-c++src,False,2026-06-12T15:44:00.483763+00:00
Open3D/cpp/open3d/visualization/gui/ProgressBar.h,1072,False,ascii,1.0,LF,37,.h,text/x-chdr,False,2026-06-12T15:44:00.483763+00:00
Open3D/cpp/open3d/visualization/gui/RadioButton.cpp,5035,False,ascii,1.0,LF,149,.cpp,text/x-c++src,False,2026-06-12T15:44:00.483763+00:00
Open3D/cpp/open3d/visualization/gui/RadioButton.h,1572,False,ascii,1.0,LF,50,.h,text/x-chdr,False,2026-06-12T15:44:00.483763+00:00
Open3D/cpp/open3d/visualization/gui/SceneWidget.cpp,45149,False,ascii,1.0,LF,1249,.cpp,text/x-c++src,False,2026-06-12T15:44:00.616712+00:00
Open3D/cpp/open3d/visualization/gui/SceneWidget.h,6204,False,ascii,1.0,LF,187,.h,text/x-chdr,False,2026-06-12T15:44:00.616712+00:00
Open3D/cpp/open3d/visualization/gui/Slider.cpp,3741,False,ascii,1.0,LF,117,.cpp,text/x-c++src,False,2026-06-12T15:44:00.616712+00:00
Open3D/cpp/open3d/visualization/gui/Slider.h,1841,False,ascii,1.0,LF,55,.h,text/x-chdr,False,2026-06-12T15:44:00.616712+00:00
Open3D/cpp/open3d/visualization/gui/StackedWidget.cpp,1972,False,ascii,1.0,LF,62,.cpp,text/x-c++src,False,2026-06-12T15:44:00.616712+00:00
Open3D/cpp/open3d/visualization/gui/StackedWidget.h,1333,False,ascii,1.0,LF,44,.h,text/x-chdr,False,2026-06-12T15:44:00.616712+00:00
Open3D/cpp/open3d/visualization/gui/TabControl.cpp,4103,False,ascii,1.0,LF,128,.cpp,text/x-c++src,False,2026-06-12T15:44:00.616712+00:00
Open3D/cpp/open3d/visualization/gui/TabControl.h,1243,False,ascii,1.0,LF,44,.h,text/x-chdr,False,2026-06-12T15:44:00.616712+00:00
Open3D/cpp/open3d/visualization/gui/Task.cpp,2007,False,ascii,1.0,LF,76,.cpp,text/x-c++src,False,2026-06-12T15:44:00.616712+00:00
Open3D/cpp/open3d/visualization/gui/Task.h,1147,False,ascii,1.0,LF,44,.h,text/x-chdr,False,2026-06-12T15:44:00.616712+00:00
Open3D/cpp/open3d/visualization/gui/TextEdit.cpp,4540,False,ascii,1.0,LF,140,.cpp,text/x-c++src,False,2026-06-12T15:44:00.616712+00:00
Open3D/cpp/open3d/visualization/gui/TextEdit.h,2002,False,ascii,1.0,LF,58,.h,text/x-chdr,False,2026-06-12T15:44:00.616712+00:00
Open3D/cpp/open3d/visualization/gui/Theme.cpp,555,False,ascii,1.0,LF,14,.cpp,text/x-c++src,False,2026-06-12T15:44:00.616712+00:00
Open3D/cpp/open3d/visualization/gui/Theme.h,2384,False,ascii,1.0,LF,89,.h,text/x-chdr,False,2026-06-12T15:44:00.616712+00:00
Open3D/cpp/open3d/visualization/gui/ToggleSwitch.cpp,4358,False,ascii,1.0,LF,131,.cpp,text/x-c++src,False,2026-06-12T15:44:00.616712+00:00
Open3D/cpp/open3d/visualization/gui/ToggleSwitch.h,1440,False,ascii,1.0,LF,48,.h,text/x-chdr,False,2026-06-12T15:44:00.616712+00:00
Open3D/cpp/open3d/visualization/gui/TreeView.cpp,19193,False,ascii,1.0,LF,504,.cpp,text/x-c++src,False,2026-06-12T15:44:00.616712+00:00
Open3D/cpp/open3d/visualization/gui/TreeView.h,4810,False,ascii,1.0,LF,144,.h,text/x-chdr,False,2026-06-12T15:44:00.616712+00:00
Open3D/cpp/open3d/visualization/gui/UIImage.cpp,11037,False,ascii,1.0,LF,293,.cpp,text/x-c++src,False,2026-06-12T15:44:00.616712+00:00
Open3D/cpp/open3d/visualization/gui/UIImage.h,2929,False,ascii,1.0,LF,91,.h,text/x-chdr,False,2026-06-12T15:44:00.616712+00:00
Open3D/cpp/open3d/visualization/gui/Util.cpp,8294,False,ascii,1.0,LF,238,.cpp,text/x-c++src,False,2026-06-12T15:44:00.616712+00:00
Open3D/cpp/open3d/visualization/gui/Util.h,1178,False,ascii,1.0,LF,36,.h,text/x-chdr,False,2026-06-12T15:44:00.616712+00:00
Open3D/cpp/open3d/visualization/gui/VectorEdit.cpp,3120,False,ascii,1.0,LF,101,.cpp,text/x-c++src,False,2026-06-12T15:44:00.616712+00:00
Open3D/cpp/open3d/visualization/gui/VectorEdit.h,1354,False,ascii,1.0,LF,45,.h,text/x-chdr,False,2026-06-12T15:44:00.616712+00:00
Open3D/cpp/open3d/visualization/gui/Widget.cpp,6688,False,ascii,1.0,LF,201,.cpp,text/x-c++src,False,2026-06-12T15:44:00.616712+00:00
Open3D/cpp/open3d/visualization/gui/Widget.h,4103,False,ascii,1.0,LF,132,.h,text/x-chdr,False,2026-06-12T15:44:00.616712+00:00
Open3D/cpp/open3d/visualization/gui/WidgetProxy.cpp,5313,False,ascii,1.0,LF,207,.cpp,text/x-c++src,False,2026-06-12T15:44:00.616712+00:00
Open3D/cpp/open3d/visualization/gui/WidgetProxy.h,3926,False,ascii,1.0,LF,106,.h,text/x-chdr,False,2026-06-12T15:44:00.616712+00:00
Open3D/cpp/open3d/visualization/gui/WidgetStack.cpp,1596,False,ascii,1.0,LF,51,.cpp,text/x-c++src,False,2026-06-12T15:44:00.616712+00:00
Open3D/cpp/open3d/visualization/gui/WidgetStack.h,2654,False,ascii,1.0,LF,67,.h,text/x-chdr,False,2026-06-12T15:44:00.616712+00:00
Open3D/cpp/open3d/visualization/gui/Window.cpp,50270,False,ascii,1.0,LF,1311,.cpp,text/x-c++src,False,2026-06-12T15:44:00.616712+00:00
Open3D/cpp/open3d/visualization/gui/Window.h,7299,False,ascii,1.0,LF,209,.h,text/x-chdr,False,2026-06-12T15:44:00.616712+00:00
Open3D/cpp/open3d/visualization/gui/WindowSystem.h,3476,False,ascii,1.0,LF,101,.h,text/x-chdr,False,2026-06-12T15:44:00.616712+00:00
Open3D/cpp/open3d/visualization/gui/Materials/colorMap.mat,1073,False,ascii,1.0,LF,39,.mat,,False,2026-06-12T15:44:00.483763+00:00
Open3D/cpp/open3d/visualization/gui/Materials/defaultLit.mat,3142,False,ascii,1.0,LF,65,.mat,,False,2026-06-12T15:44:00.483763+00:00
Open3D/cpp/open3d/visualization/gui/Materials/defaultLitSSR.mat,2571,False,ascii,1.0,LF,61,.mat,,False,2026-06-12T15:44:00.483763+00:00
Open3D/cpp/open3d/visualization/gui/Materials/defaultLitTransparency.mat,3285,False,ascii,1.0,LF,71,.mat,,False,2026-06-12T15:44:00.483763+00:00
Open3D/cpp/open3d/visualization/gui/Materials/defaultUnlit.mat,1238,False,ascii,1.0,LF,41,.mat,,False,2026-06-12T15:44:00.483763+00:00
Open3D/cpp/open3d/visualization/gui/Materials/defaultUnlitTransparency.mat,920,False,ascii,1.0,LF,34,.mat,,False,2026-06-12T15:44:00.483763+00:00
Open3D/cpp/open3d/visualization/gui/Materials/depth.mat,821,False,ascii,1.0,LF,32,.mat,,False,2026-06-12T15:44:00.483763+00:00
Open3D/cpp/open3d/visualization/gui/Materials/depth_value.mat,1180,False,ascii,1.0,LF,40,.mat,,False,2026-06-12T15:44:00.483763+00:00
Open3D/cpp/open3d/visualization/gui/Materials/img_blit.mat,957,False,utf-8,0.8036,LF,32,.mat,,False,2026-06-12T15:44:00.483763+00:00
Open3D/cpp/open3d/visualization/gui/Materials/infiniteGroundPlane.mat,2716,False,ascii,1.0,LF,71,.mat,,False,2026-06-12T15:44:00.483763+00:00
Open3D/cpp/open3d/visualization/gui/Materials/normals.mat,905,False,ascii,1.0,LF,39,.mat,,False,2026-06-12T15:44:00.483763+00:00
Open3D/cpp/open3d/visualization/gui/Materials/pointcloud.mat,477,False,ascii,1.0,LF,26,.mat,,False,2026-06-12T15:44:00.483763+00:00
Open3D/cpp/open3d/visualization/gui/Materials/ui_blit.mat,640,False,ascii,1.0,LF,29,.mat,,False,2026-06-12T15:44:00.483763+00:00
Open3D/cpp/open3d/visualization/gui/Materials/unlitBackground.mat,2890,False,ascii,1.0,LF,66,.mat,,False,2026-06-12T15:44:00.483763+00:00
Open3D/cpp/open3d/visualization/gui/Materials/unlitGradient.mat,2050,False,ascii,1.0,LF,48,.mat,,False,2026-06-12T15:44:00.483763+00:00
Open3D/cpp/open3d/visualization/gui/Materials/unlitLine.mat,2343,False,ascii,1.0,LF,62,.mat,,False,2026-06-12T15:44:00.483763+00:00
Open3D/cpp/open3d/visualization/gui/Materials/unlitPolygonOffset.mat,626,False,ascii,1.0,LF,27,.mat,,False,2026-06-12T15:44:00.483763+00:00
Open3D/cpp/open3d/visualization/gui/Materials/unlitSolidColor.mat,746,False,ascii,1.0,LF,28,.mat,,False,2026-06-12T15:44:00.483763+00:00
Open3D/cpp/open3d/visualization/gui/Resources/Roboto-Bold.ttf,167336,True,,0.0,N/A,0,.ttf,font/ttf,False,2026-06-12T15:44:00.487917+00:00
Open3D/cpp/open3d/visualization/gui/Resources/Roboto-BoldItalic.ttf,171508,True,,0.0,N/A,0,.ttf,font/ttf,False,2026-06-12T15:44:00.487917+00:00
Open3D/cpp/open3d/visualization/gui/Resources/Roboto-License.txt,28,False,ascii,1.0,LF,1,.txt,text/plain,False,2026-06-12T15:44:00.487917+00:00
Open3D/cpp/open3d/visualization/gui/Resources/Roboto-Medium.ttf,168644,True,,0.0,N/A,0,.ttf,font/ttf,False,2026-06-12T15:44:00.487917+00:00
Open3D/cpp/open3d/visualization/gui/Resources/Roboto-MediumItalic.ttf,173416,True,,0.0,N/A,0,.ttf,font/ttf,False,2026-06-12T15:44:00.487917+00:00
Open3D/cpp/open3d/visualization/gui/Resources/RobotoMono-Medium.ttf,86820,True,,0.0,N/A,0,.ttf,font/ttf,False,2026-06-12T15:44:00.487917+00:00
Open3D/cpp/open3d/visualization/gui/Resources/brightday_ibl.ktx,2095456,True,,0.0,N/A,0,.ktx,image/ktx,False,2026-06-12T15:44:00.496227+00:00
Open3D/cpp/open3d/visualization/gui/Resources/brightday_skybox.ktx,1572932,True,,0.0,N/A,0,.ktx,image/ktx,False,2026-06-12T15:44:00.500381+00:00
Open3D/cpp/open3d/visualization/gui/Resources/crossroads_ibl.ktx,2095456,True,,0.0,N/A,0,.ktx,image/ktx,False,2026-06-12T15:44:00.508691+00:00
Open3D/cpp/open3d/visualization/gui/Resources/crossroads_skybox.ktx,1572932,True,,0.0,N/A,0,.ktx,image/ktx,False,2026-06-12T15:44:00.512845+00:00
Open3D/cpp/open3d/visualization/gui/Resources/defaultGradient.png,454,True,,0.0,N/A,0,.png,image/png,False,2026-06-12T15:44:00.512845+00:00
Open3D/cpp/open3d/visualization/gui/Resources/defaultTexture.png,97,True,,0.0,N/A,0,.png,image/png,False,2026-06-12T15:44:00.512845+00:00
Open3D/cpp/open3d/visualization/gui/Resources/default_ibl.ktx,2095472,True,,0.0,N/A,0,.ktx,image/ktx,False,2026-06-12T15:44:00.517000+00:00
Open3D/cpp/open3d/visualization/gui/Resources/default_skybox.ktx,1572932,True,,0.0,N/A,0,.ktx,image/ktx,False,2026-06-12T15:44:00.521155+00:00
Open3D/cpp/open3d/visualization/gui/Resources/hall_ibl.ktx,2095460,True,,0.0,N/A,0,.ktx,image/ktx,False,2026-06-12T15:44:00.529464+00:00
Open3D/cpp/open3d/visualization/gui/Resources/hall_skybox.ktx,1572932,True,,0.0,N/A,0,.ktx,image/ktx,False,2026-06-12T15:44:00.533619+00:00
Open3D/cpp/open3d/visualization/gui/Resources/konzerthaus_ibl.ktx,2095468,True,,0.0,N/A,0,.ktx,image/ktx,False,2026-06-12T15:44:00.541928+00:00
Open3D/cpp/open3d/visualization/gui/Resources/konzerthaus_skybox.ktx,1572932,True,,0.0,N/A,0,.ktx,image/ktx,False,2026-06-12T15:44:00.546083+00:00
Open3D/cpp/open3d/visualization/gui/Resources/nightlights_ibl.ktx,2095444,True,,0.0,N/A,0,.ktx,image/ktx,False,2026-06-12T15:44:00.554392+00:00
Open3D/cpp/open3d/visualization/gui/Resources/nightlights_skybox.ktx,1572932,True,,0.0,N/A,0,.ktx,image/ktx,False,2026-06-12T15:44:00.558547+00:00
Open3D/cpp/open3d/visualization/gui/Resources/park2_ibl.ktx,2095460,True,,0.0,N/A,0,.ktx,image/ktx,False,2026-06-12T15:44:00.566856+00:00
Open3D/cpp/open3d/visualization/gui/Resources/park2_skybox.ktx,1572932,True,,0.0,N/A,0,.ktx,image/ktx,False,2026-06-12T15:44:00.575165+00:00
Open3D/cpp/open3d/visualization/gui/Resources/park_ibl.ktx,2095444,True,,0.0,N/A,0,.ktx,image/ktx,False,2026-06-12T15:44:00.583475+00:00
Open3D/cpp/open3d/visualization/gui/Resources/park_skybox.ktx,1572932,True,,0.0,N/A,0,.ktx,image/ktx,False,2026-06-12T15:44:00.587629+00:00
Open3D/cpp/open3d/visualization/gui/Resources/pillars_ibl.ktx,2095460,True,,0.0,N/A,0,.ktx,image/ktx,False,2026-06-12T15:44:00.595939+00:00
Open3D/cpp/open3d/visualization/gui/Resources/pillars_skybox.ktx,1572932,True,,0.0,N/A,0,.ktx,image/ktx,False,2026-06-12T15:44:00.604248+00:00
Open3D/cpp/open3d/visualization/gui/Resources/streetlamp_ibl.ktx,2095456,True,,0.0,N/A,0,.ktx,image/ktx,False,2026-06-12T15:44:00.612557+00:00
Open3D/cpp/open3d/visualization/gui/Resources/streetlamp_skybox.ktx,1572932,True,,0.0,N/A,0,.ktx,image/ktx,False,2026-06-12T15:44:00.616712+00:00
Open3D/cpp/open3d/visualization/rendering/Camera.cpp,2884,False,ascii,1.0,LF,67,.cpp,text/x-c++src,False,2026-06-12T15:44:00.616712+00:00
Open3D/cpp/open3d/visualization/rendering/Camera.h,6753,False,ascii,1.0,LF,177,.h,text/x-chdr,False,2026-06-12T15:44:00.616712+00:00
Open3D/cpp/open3d/visualization/rendering/CameraInteractorLogic.cpp,5265,False,ascii,1.0,LF,148,.cpp,text/x-c++src,False,2026-06-12T15:44:00.616712+00:00
Open3D/cpp/open3d/visualization/rendering/CameraInteractorLogic.h,1552,False,ascii,1.0,LF,51,.h,text/x-chdr,False,2026-06-12T15:44:00.616712+00:00
Open3D/cpp/open3d/visualization/rendering/CameraSphereInteractorLogic.cpp,3272,False,ascii,1.0,LF,75,.cpp,text/x-c++src,False,2026-06-12T15:44:00.616712+00:00
Open3D/cpp/open3d/visualization/rendering/CameraSphereInteractorLogic.h,987,False,ascii,1.0,LF,34,.h,text/x-chdr,False,2026-06-12T15:44:00.616712+00:00
Open3D/cpp/open3d/visualization/rendering/ColorGrading.cpp,2569,False,ascii,1.0,LF,76,.cpp,text/x-c++src,False,2026-06-12T15:44:00.616712+00:00
Open3D/cpp/open3d/visualization/rendering/ColorGrading.h,4178,False,ascii,1.0,LF,116,.h,text/x-chdr,False,2026-06-12T15:44:00.616712+00:00
Open3D/cpp/open3d/visualization/rendering/Gradient.cpp,4281,False,ascii,1.0,LF,120,.cpp,text/x-c++src,False,2026-06-12T15:44:00.616712+00:00
Open3D/cpp/open3d/visualization/rendering/Gradient.h,2398,False,ascii,1.0,LF,75,.h,text/x-chdr,False,2026-06-12T15:44:00.616712+00:00
Open3D/cpp/open3d/visualization/rendering/IBLRotationInteractorLogic.cpp,2276,False,ascii,1.0,LF,69,.cpp,text/x-c++src,False,2026-06-12T15:44:00.616712+00:00
Open3D/cpp/open3d/visualization/rendering/IBLRotationInteractorLogic.h,1264,False,ascii,1.0,LF,45,.h,text/x-chdr,False,2026-06-12T15:44:00.616712+00:00
Open3D/cpp/open3d/visualization/rendering/Light.h,1134,False,ascii,1.0,LF,37,.h,text/x-chdr,False,2026-06-12T15:44:00.616712+00:00
Open3D/cpp/open3d/visualization/rendering/LightDirectionInteractorLogic.cpp,7799,False,ascii,1.0,LF,196,.cpp,text/x-c++src,False,2026-06-12T15:44:00.616712+00:00
Open3D/cpp/open3d/visualization/rendering/LightDirectionInteractorLogic.h,1342,False,ascii,1.0,LF,51,.h,text/x-chdr,False,2026-06-12T15:44:00.616712+00:00
Open3D/cpp/open3d/visualization/rendering/Material.cpp,7191,False,ascii,1.0,LF,207,.cpp,text/x-c++src,False,2026-06-12T15:44:00.616712+00:00
Open3D/cpp/open3d/visualization/rendering/Material.h,12811,False,ascii,1.0,LF,342,.h,text/x-chdr,False,2026-06-12T15:44:00.620867+00:00
Open3D/cpp/open3d/visualization/rendering/MaterialModifier.cpp,3086,False,ascii,1.0,LF,89,.cpp,text/x-c++src,False,2026-06-12T15:44:00.620867+00:00
Open3D/cpp/open3d/visualization/rendering/MaterialModifier.h,5192,False,ascii,1.0,LF,135,.h,text/x-chdr,False,2026-06-12T15:44:00.620867+00:00
Open3D/cpp/open3d/visualization/rendering/MaterialRecord.h,4739,False,ascii,1.0,LF,119,.h,text/x-chdr,False,2026-06-12T15:44:00.620867+00:00
Open3D/cpp/open3d/visualization/rendering/MatrixInteractorLogic.cpp,8781,False,ascii,1.0,LF,219,.cpp,text/x-c++src,False,2026-06-12T15:44:00.620867+00:00
Open3D/cpp/open3d/visualization/rendering/MatrixInteractorLogic.h,3004,False,ascii,1.0,LF,86,.h,text/x-chdr,False,2026-06-12T15:44:00.620867+00:00
Open3D/cpp/open3d/visualization/rendering/Model.h,944,False,ascii,1.0,LF,30,.h,text/x-chdr,False,2026-06-12T15:44:00.620867+00:00
Open3D/cpp/open3d/visualization/rendering/ModelInteractorLogic.cpp,6294,False,ascii,1.0,LF,160,.cpp,text/x-c++src,False,2026-06-12T15:44:00.620867+00:00
Open3D/cpp/open3d/visualization/rendering/ModelInteractorLogic.h,1750,False,ascii,1.0,LF,57,.h,text/x-chdr,False,2026-06-12T15:44:00.620867+00:00
Open3D/cpp/open3d/visualization/rendering/Open3DScene.cpp,17347,False,ascii,1.0,LF,482,.cpp,text/x-c++src,False,2026-06-12T15:44:00.620867+00:00
Open3D/cpp/open3d/visualization/rendering/Open3DScene.h,5177,False,ascii,1.0,LF,151,.h,text/x-chdr,False,2026-06-12T15:44:00.620867+00:00
Open3D/cpp/open3d/visualization/rendering/RenderToBuffer.h,2037,False,ascii,1.0,LF,64,.h,text/x-chdr,False,2026-06-12T15:44:00.620867+00:00
Open3D/cpp/open3d/visualization/rendering/Renderer.cpp,6452,False,ascii,1.0,LF,152,.cpp,text/x-c++src,False,2026-06-12T15:44:00.620867+00:00
Open3D/cpp/open3d/visualization/rendering/Renderer.h,4807,False,ascii,1.0,LF,138,.h,text/x-chdr,False,2026-06-12T15:44:00.620867+00:00
Open3D/cpp/open3d/visualization/rendering/RendererHandle.cpp,1660,False,ascii,1.0,LF,46,.cpp,text/x-c++src,False,2026-06-12T15:44:00.620867+00:00
Open3D/cpp/open3d/visualization/rendering/RendererHandle.h,5511,False,ascii,1.0,LF,180,.h,text/x-chdr,False,2026-06-12T15:44:00.620867+00:00
Open3D/cpp/open3d/visualization/rendering/RendererStructs.h,1431,False,ascii,1.0,LF,56,.h,text/x-chdr,False,2026-06-12T15:44:00.620867+00:00
Open3D/cpp/open3d/visualization/rendering/RotationInteractorLogic.cpp,4640,False,ascii,1.0,LF,107,.cpp,text/x-c++src,False,2026-06-12T15:44:00.620867+00:00
Open3D/cpp/open3d/visualization/rendering/RotationInteractorLogic.h,1341,False,ascii,1.0,LF,43,.h,text/x-chdr,False,2026-06-12T15:44:00.620867+00:00
Open3D/cpp/open3d/visualization/rendering/Scene.h,9709,False,ascii,1.0,LF,205,.h,text/x-chdr,False,2026-06-12T15:44:00.620867+00:00
Open3D/cpp/open3d/visualization/rendering/View.h,2947,False,ascii,1.0,LF,94,.h,text/x-chdr,False,2026-06-12T15:44:00.620867+00:00
Open3D/cpp/open3d/visualization/rendering/filament/FilamentCamera.cpp,13518,False,ascii,1.0,LF,351,.cpp,text/x-c++src,False,2026-06-12T15:44:00.620867+00:00
Open3D/cpp/open3d/visualization/rendering/filament/FilamentCamera.h,3304,False,ascii,1.0,LF,98,.h,text/x-chdr,False,2026-06-12T15:44:00.620867+00:00
Open3D/cpp/open3d/visualization/rendering/filament/FilamentEngine.cpp,7226,False,ascii,1.0,LF,196,.cpp,text/x-c++src,False,2026-06-12T15:44:00.620867+00:00
Open3D/cpp/open3d/visualization/rendering/filament/FilamentEngine.h,2073,False,ascii,1.0,LF,69,.h,text/x-chdr,False,2026-06-12T15:44:00.620867+00:00
Open3D/cpp/open3d/visualization/rendering/filament/FilamentEntitiesMods.cpp,7513,False,ascii,1.0,LF,220,.cpp,text/x-c++src,False,2026-06-12T15:44:00.620867+00:00
Open3D/cpp/open3d/visualization/rendering/filament/FilamentEntitiesMods.h,2384,False,ascii,1.0,LF,67,.h,text/x-chdr,False,2026-06-12T15:44:00.620867+00:00
Open3D/cpp/open3d/visualization/rendering/filament/FilamentGeometryBuffersBuilder.cpp,11348,False,ascii,1.0,LF,280,.cpp,text/x-c++src,False,2026-06-12T15:44:00.620867+00:00
Open3D/cpp/open3d/visualization/rendering/filament/FilamentGeometryBuffersBuilder.h,6919,False,ascii,1.0,LF,211,.h,text/x-chdr,False,2026-06-12T15:44:00.620867+00:00
Open3D/cpp/open3d/visualization/rendering/filament/FilamentNativeInterop.h,1180,False,ascii,1.0,LF,41,.h,text/x-chdr,False,2026-06-12T15:44:00.620867+00:00
Open3D/cpp/open3d/visualization/rendering/filament/FilamentNativeInterop.mm,1864,False,ascii,1.0,LF,55,.mm,application/x-freemind,False,2026-06-12T15:44:00.620867+00:00
Open3D/cpp/open3d/visualization/rendering/filament/FilamentRenderToBuffer.cpp,18217,False,utf-8,0.8008,LF,454,.cpp,text/x-c++src,False,2026-06-12T15:44:00.620867+00:00
Open3D/cpp/open3d/visualization/rendering/filament/FilamentRenderToBuffer.h,2485,False,ascii,1.0,LF,82,.h,text/x-chdr,False,2026-06-12T15:44:00.620867+00:00
Open3D/cpp/open3d/visualization/rendering/filament/FilamentRenderer.cpp,17530,False,utf-8,0.8002,LF,484,.cpp,text/x-c++src,False,2026-06-12T15:44:00.620867+00:00
Open3D/cpp/open3d/visualization/rendering/filament/FilamentRenderer.h,6217,False,ascii,1.0,LF,158,.h,text/x-chdr,False,2026-06-12T15:44:00.620867+00:00
Open3D/cpp/open3d/visualization/rendering/filament/FilamentResourceManager.cpp,50199,False,utf-8,0.8001,LF,1251,.cpp,text/x-c++src,False,2026-06-12T15:44:00.620867+00:00
Open3D/cpp/open3d/visualization/rendering/filament/FilamentResourceManager.h,8811,False,utf-8,0.8004,LF,210,.h,text/x-chdr,False,2026-06-12T15:44:00.620867+00:00
Open3D/cpp/open3d/visualization/rendering/filament/FilamentResourceManagerApple.mm,2115,False,utf-8,0.8016,LF,53,.mm,application/x-freemind,False,2026-06-12T15:44:00.620867+00:00
Open3D/cpp/open3d/visualization/rendering/filament/FilamentScene.cpp,97722,False,utf-8,0.8003,LF,1612,.cpp,text/x-c++src,False,2026-06-12T15:44:00.625021+00:00
Open3D/cpp/open3d/visualization/rendering/filament/FilamentScene.h,17687,False,utf-8,0.8002,LF,392,.h,text/x-chdr,False,2026-06-12T15:44:00.625021+00:00
Open3D/cpp/open3d/visualization/rendering/filament/FilamentView.cpp,19075,False,ascii,1.0,LF,505,.cpp,text/x-c++src,False,2026-06-12T15:44:00.625021+00:00
Open3D/cpp/open3d/visualization/rendering/filament/FilamentView.h,3635,False,ascii,1.0,LF,112,.h,text/x-chdr,False,2026-06-12T15:44:00.625021+00:00
Open3D/cpp/open3d/visualization/rendering/filament/LineSetBuffers.cpp,25786,False,ascii,1.0,LF,648,.cpp,text/x-c++src,False,2026-06-12T15:44:00.625021+00:00
Open3D/cpp/open3d/visualization/rendering/filament/PointCloudBuffers.cpp,20254,False,ascii,1.0,LF,491,.cpp,text/x-c++src,False,2026-06-12T15:44:00.625021+00:00
Open3D/cpp/open3d/visualization/rendering/filament/TriangleMeshBuffers.cpp,33451,False,ascii,1.0,LF,829,.cpp,text/x-c++src,False,2026-06-12T15:44:00.625021+00:00
Open3D/cpp/open3d/visualization/rendering/gaussian_splat/ComputeGPU.h,17249,False,utf-8,0.801,LF,424,.h,text/x-chdr,False,2026-06-12T15:44:00.625021+00:00
Open3D/cpp/open3d/visualization/rendering/gaussian_splat/ComputeGPUMetal.mm,28276,False,utf-8,0.8004,LF,744,.mm,application/x-freemind,False,2026-06-12T15:44:00.625021+00:00
Open3D/cpp/open3d/visualization/rendering/gaussian_splat/ComputeGPUVulkan.cpp,59606,False,utf-8,0.8003,LF,1381,.cpp,text/x-c++src,False,2026-06-12T15:44:00.625021+00:00
Open3D/cpp/open3d/visualization/rendering/gaussian_splat/ComputeGPUVulkan.h,2976,False,ascii,1.0,LF,66,.h,text/x-chdr,False,2026-06-12T15:44:00.625021+00:00
Open3D/cpp/open3d/visualization/rendering/gaussian_splat/GaussianSplatDataPacking.cpp,18692,False,utf-8,0.8015,LF,445,.cpp,text/x-c++src,False,2026-06-12T15:44:00.625021+00:00
Open3D/cpp/open3d/visualization/rendering/gaussian_splat/GaussianSplatDataPacking.h,11736,False,utf-8,0.8072,LF,246,.h,text/x-chdr,False,2026-06-12T15:44:00.625021+00:00
Open3D/cpp/open3d/visualization/rendering/gaussian_splat/GaussianSplatDesign.md,26335,False,utf-8,0.8074,LF,441,.md,text/markdown,False,2026-06-12T15:44:00.625021+00:00
Open3D/cpp/open3d/visualization/rendering/gaussian_splat/GaussianSplatMetalBackend.mm,14780,False,utf-8,0.8002,LF,375,.mm,application/x-freemind,False,2026-06-12T15:44:00.625021+00:00
Open3D/cpp/open3d/visualization/rendering/gaussian_splat/GaussianSplatOpenGLContext.cpp,7113,False,ascii,1.0,LF,227,.cpp,text/x-c++src,False,2026-06-12T15:44:00.625021+00:00
Open3D/cpp/open3d/visualization/rendering/gaussian_splat/GaussianSplatOpenGLContext.h,3088,False,utf-8,0.8022,LF,85,.h,text/x-chdr,False,2026-06-12T15:44:00.625021+00:00
Open3D/cpp/open3d/visualization/rendering/gaussian_splat/GaussianSplatPassRunner.cpp,19921,False,utf-8,0.8014,LF,427,.cpp,text/x-c++src,False,2026-06-12T15:44:00.625021+00:00
Open3D/cpp/open3d/visualization/rendering/gaussian_splat/GaussianSplatPassRunner.h,2268,False,utf-8,0.803,LF,52,.h,text/x-chdr,False,2026-06-12T15:44:00.625021+00:00
Open3D/cpp/open3d/visualization/rendering/gaussian_splat/GaussianSplatRenderer.cpp,22726,False,ascii,1.0,LF,602,.cpp,text/x-c++src,False,2026-06-12T15:44:00.625021+00:00
Open3D/cpp/open3d/visualization/rendering/gaussian_splat/GaussianSplatRenderer.h,12952,False,utf-7,0.95,LF,284,.h,text/x-chdr,False,2026-06-12T15:44:00.625021+00:00
Open3D/cpp/open3d/visualization/rendering/gaussian_splat/GaussianSplatVulkanBackend.cpp,16430,False,utf-8,0.8002,LF,386,.cpp,text/x-c++src,False,2026-06-12T15:44:00.625021+00:00
Open3D/cpp/open3d/visualization/rendering/gaussian_splat/GaussianSplatVulkanBackend.h,1247,False,ascii,1.0,LF,37,.h,text/x-chdr,False,2026-06-12T15:44:00.625021+00:00
Open3D/cpp/open3d/visualization/rendering/gaussian_splat/GaussianSplatVulkanInteropContext.cpp,31256,False,utf-8,0.801,LF,806,.cpp,text/x-c++src,False,2026-06-12T15:44:00.625021+00:00
Open3D/cpp/open3d/visualization/rendering/gaussian_splat/GaussianSplatVulkanInteropContext.h,11938,False,utf-8,0.8014,LF,267,.h,text/x-chdr,False,2026-06-12T15:44:00.625021+00:00
Open3D/cpp/open3d/visualization/rendering/gaussian_splat/shaders/gaussian_composite.comp,19565,False,utf-8,0.8031,LF,421,.comp,,False,2026-06-12T15:44:00.625021+00:00
Open3D/cpp/open3d/visualization/rendering/gaussian_splat/shaders/gaussian_compute_dispatch_args.comp,5451,False,utf-8,0.8013,LF,142,.comp,,False,2026-06-12T15:44:00.629176+00:00
Open3D/cpp/open3d/visualization/rendering/gaussian_splat/shaders/gaussian_depth_merge.comp,3015,False,utf-8,0.8023,LF,72,.comp,,False,2026-06-12T15:44:00.629176+00:00
Open3D/cpp/open3d/visualization/rendering/gaussian_splat/shaders/gaussian_project.comp,22716,False,utf-8,0.8019,LF,511,.comp,,False,2026-06-12T15:44:00.629176+00:00
Open3D/cpp/open3d/visualization/rendering/gaussian_splat/shaders/gaussian_radix_sort_histograms.comp,2216,False,utf-8,0.8015,LF,66,.comp,,False,2026-06-12T15:44:00.629176+00:00
Open3D/cpp/open3d/visualization/rendering/gaussian_splat/shaders/gaussian_radix_sort_scatter.comp,6316,False,utf-8,0.8005,LF,163,.comp,,False,2026-06-12T15:44:00.629176+00:00
Open3D/cpp/open3d/visualization/shader/GeometryRenderer.cpp,15766,False,ascii,1.0,LF,433,.cpp,text/x-c++src,False,2026-06-12T15:44:00.629176+00:00
Open3D/cpp/open3d/visualization/shader/GeometryRenderer.h,8798,False,ascii,1.0,LF,278,.h,text/x-chdr,False,2026-06-12T15:44:00.629176+00:00
Open3D/cpp/open3d/visualization/shader/ImageMaskShader.cpp,7405,False,ascii,1.0,LF,185,.cpp,text/x-c++src,False,2026-06-12T15:44:00.629176+00:00
Open3D/cpp/open3d/visualization/shader/ImageMaskShader.h,2656,False,ascii,1.0,LF,78,.h,text/x-chdr,False,2026-06-12T15:44:00.629176+00:00
Open3D/cpp/open3d/visualization/shader/ImageShader.cpp,10441,False,ascii,1.0,LF,254,.cpp,text/x-c++src,False,2026-06-12T15:44:00.629176+00:00
Open3D/cpp/open3d/visualization/shader/ImageShader.h,2562,False,ascii,1.0,LF,74,.h,text/x-chdr,False,2026-06-12T15:44:00.629176+00:00
Open3D/cpp/open3d/visualization/shader/NormalShader.cpp,8631,False,ascii,1.0,LF,226,.cpp,text/x-c++src,False,2026-06-12T15:44:00.629176+00:00
Open3D/cpp/open3d/visualization/shader/NormalShader.h,3253,False,ascii,1.0,LF,92,.h,text/x-chdr,False,2026-06-12T15:44:00.629176+00:00
Open3D/cpp/open3d/visualization/shader/PhongShader.cpp,14883,False,ascii,1.0,LF,356,.cpp,text/x-c++src,False,2026-06-12T15:44:00.629176+00:00
Open3D/cpp/open3d/visualization/shader/PhongShader.h,4095,False,ascii,1.0,LF,113,.h,text/x-chdr,False,2026-06-12T15:44:00.629176+00:00
Open3D/cpp/open3d/visualization/shader/PickingShader.cpp,5421,False,ascii,1.0,LF,145,.cpp,text/x-c++src,False,2026-06-12T15:44:00.629176+00:00
Open3D/cpp/open3d/visualization/shader/PickingShader.h,2577,False,ascii,1.0,LF,75,.h,text/x-chdr,False,2026-06-12T15:44:00.629176+00:00
Open3D/cpp/open3d/visualization/shader/RGBDImageShader.cpp,11390,False,ascii,1.0,LF,278,.cpp,text/x-c++src,False,2026-06-12T15:44:00.629176+00:00
Open3D/cpp/open3d/visualization/shader/RGBDImageShader.h,2857,False,ascii,1.0,LF,85,.h,text/x-chdr,False,2026-06-12T15:44:00.629176+00:00
Open3D/cpp/open3d/visualization/shader/ShaderWrapper.cpp,5031,False,ascii,1.0,LF,156,.cpp,text/x-c++src,False,2026-06-12T15:44:00.629176+00:00
Open3D/cpp/open3d/visualization/shader/ShaderWrapper.h,3169,False,ascii,1.0,LF,95,.h,text/x-chdr,False,2026-06-12T15:44:00.629176+00:00
Open3D/cpp/open3d/visualization/shader/Simple2DShader.cpp,6252,False,ascii,1.0,LF,164,.cpp,text/x-c++src,False,2026-06-12T15:44:00.629176+00:00
Open3D/cpp/open3d/visualization/shader/Simple2DShader.h,2604,False,ascii,1.0,LF,74,.h,text/x-chdr,False,2026-06-12T15:44:00.629176+00:00
Open3D/cpp/open3d/visualization/shader/SimpleBlackShader.cpp,6939,False,ascii,1.0,LF,187,.cpp,text/x-c++src,False,2026-06-12T15:44:00.629176+00:00
Open3D/cpp/open3d/visualization/shader/SimpleBlackShader.h,3095,False,ascii,1.0,LF,88,.h,text/x-chdr,False,2026-06-12T15:44:00.629176+00:00
Open3D/cpp/open3d/visualization/shader/SimpleShader.cpp,34040,False,ascii,1.0,LF,861,.cpp,text/x-c++src,False,2026-06-12T15:44:00.629176+00:00
Open3D/cpp/open3d/visualization/shader/SimpleShader.h,8319,False,ascii,1.0,LF,214,.h,text/x-chdr,False,2026-06-12T15:44:00.629176+00:00
Open3D/cpp/open3d/visualization/shader/TexturePhongShader.cpp,14502,False,ascii,1.0,LF,360,.cpp,text/x-c++src,False,2026-06-12T15:44:00.629176+00:00
Open3D/cpp/open3d/visualization/shader/TexturePhongShader.h,3705,False,ascii,1.0,LF,108,.h,text/x-chdr,False,2026-06-12T15:44:00.629176+00:00
Open3D/cpp/open3d/visualization/shader/TextureSimpleShader.cpp,9537,False,ascii,1.0,LF,257,.cpp,text/x-c++src,False,2026-06-12T15:44:00.629176+00:00
Open3D/cpp/open3d/visualization/shader/TextureSimpleShader.h,2847,False,ascii,1.0,LF,84,.h,text/x-chdr,False,2026-06-12T15:44:00.629176+00:00
Open3D/cpp/open3d/visualization/shader/glsl/ImageFragmentShader.glsl,140,False,ascii,1.0,LF,11,.glsl,,False,2026-06-12T15:44:00.629176+00:00
Open3D/cpp/open3d/visualization/shader/glsl/ImageMaskFragmentShader.glsl,226,False,ascii,1.0,LF,14,.glsl,,False,2026-06-12T15:44:00.629176+00:00
Open3D/cpp/open3d/visualization/shader/glsl/ImageMaskVertexShader.glsl,153,False,ascii,1.0,LF,12,.glsl,,False,2026-06-12T15:44:00.629176+00:00
Open3D/cpp/open3d/visualization/shader/glsl/ImageVertexShader.glsl,196,False,ascii,1.0,LF,14,.glsl,,False,2026-06-12T15:44:00.629176+00:00
Open3D/cpp/open3d/visualization/shader/glsl/NormalFragmentShader.glsl,140,False,ascii,1.0,LF,9,.glsl,,False,2026-06-12T15:44:00.629176+00:00
Open3D/cpp/open3d/visualization/shader/glsl/NormalVertexShader.glsl,277,False,ascii,1.0,LF,16,.glsl,,False,2026-06-12T15:44:00.629176+00:00
Open3D/cpp/open3d/visualization/shader/glsl/PhongFragmentShader.glsl,2208,False,ascii,1.0,LF,57,.glsl,,False,2026-06-12T15:44:00.629176+00:00
Open3D/cpp/open3d/visualization/shader/glsl/PhongVertexShader.glsl,920,False,ascii,1.0,LF,34,.glsl,,False,2026-06-12T15:44:00.629176+00:00
Open3D/cpp/open3d/visualization/shader/glsl/PickingFragmentShader.glsl,107,False,ascii,1.0,LF,9,.glsl,,False,2026-06-12T15:44:00.629176+00:00
Open3D/cpp/open3d/visualization/shader/glsl/PickingVertexShader.glsl,442,False,ascii,1.0,LF,18,.glsl,,False,2026-06-12T15:44:00.629176+00:00
Open3D/cpp/open3d/visualization/shader/glsl/RGBDImageFragmentShader.glsl,1504,False,ascii,1.0,LF,51,.glsl,,False,2026-06-12T15:44:00.629176+00:00
Open3D/cpp/open3d/visualization/shader/glsl/ShCoeffsToColorFast.glsl,1424,False,ascii,1.0,LF,42,.glsl,,False,2026-06-12T15:44:00.629176+00:00
Open3D/cpp/open3d/visualization/shader/glsl/Simple2DFragmentShader.glsl,116,False,ascii,1.0,LF,9,.glsl,,False,2026-06-12T15:44:00.629176+00:00
Open3D/cpp/open3d/visualization/shader/glsl/Simple2DVertexShader.glsl,183,False,ascii,1.0,LF,12,.glsl,,False,2026-06-12T15:44:00.629176+00:00
Open3D/cpp/open3d/visualization/shader/glsl/SimpleBlackFragmentShader.glsl,90,False,ascii,1.0,LF,8,.glsl,,False,2026-06-12T15:44:00.629176+00:00
Open3D/cpp/open3d/visualization/shader/glsl/SimpleBlackVertexShader.glsl,124,False,ascii,1.0,LF,9,.glsl,,False,2026-06-12T15:44:00.629176+00:00
Open3D/cpp/open3d/visualization/shader/glsl/SimpleFragmentShader.glsl,116,False,ascii,1.0,LF,9,.glsl,,False,2026-06-12T15:44:00.629176+00:00
Open3D/cpp/open3d/visualization/shader/glsl/SimpleVertexShader.glsl,207,False,ascii,1.0,LF,13,.glsl,,False,2026-06-12T15:44:00.633331+00:00
Open3D/cpp/open3d/visualization/shader/glsl/TexturePhongFragmentShader.glsl,2267,False,ascii,1.0,LF,58,.glsl,,False,2026-06-12T15:44:00.633331+00:00
Open3D/cpp/open3d/visualization/shader/glsl/TexturePhongVertexShader.glsl,887,False,ascii,1.0,LF,35,.glsl,,False,2026-06-12T15:44:00.633331+00:00
Open3D/cpp/open3d/visualization/shader/glsl/TextureSimpleFragmentShader.glsl,163,False,ascii,1.0,LF,11,.glsl,,False,2026-06-12T15:44:00.633331+00:00
Open3D/cpp/open3d/visualization/shader/glsl/TextureSimpleVertexShader.glsl,195,False,ascii,1.0,LF,13,.glsl,,False,2026-06-12T15:44:00.633331+00:00
Open3D/cpp/open3d/visualization/utility/ColorMap.cpp,3856,False,ascii,1.0,LF,115,.cpp,text/x-c++src,False,2026-06-12T15:44:00.633331+00:00
Open3D/cpp/open3d/visualization/utility/ColorMap.h,2754,False,ascii,1.0,LF,100,.h,text/x-chdr,False,2026-06-12T15:44:00.633331+00:00
Open3D/cpp/open3d/visualization/utility/Draw.cpp,9824,False,ascii,1.0,LF,267,.cpp,text/x-c++src,False,2026-06-12T15:44:00.633331+00:00
Open3D/cpp/open3d/visualization/utility/Draw.h,9838,False,ascii,1.0,LF,231,.h,text/x-chdr,False,2026-06-12T15:44:00.633331+00:00
Open3D/cpp/open3d/visualization/utility/DrawGeometry.cpp,10154,False,ascii,1.0,LF,260,.cpp,text/x-c++src,False,2026-06-12T15:44:00.633331+00:00
Open3D/cpp/open3d/visualization/utility/DrawGeometry.h,6165,False,ascii,1.0,LF,152,.h,text/x-chdr,False,2026-06-12T15:44:00.633331+00:00
Open3D/cpp/open3d/visualization/utility/GLHelper.cpp,3935,False,ascii,1.0,LF,109,.cpp,text/x-c++src,False,2026-06-12T15:44:00.633331+00:00
Open3D/cpp/open3d/visualization/utility/GLHelper.h,2241,False,ascii,1.0,LF,66,.h,text/x-chdr,False,2026-06-12T15:44:00.633331+00:00
Open3D/cpp/open3d/visualization/utility/PointCloudPicker.cpp,3571,False,ascii,1.0,LF,117,.cpp,text/x-c++src,False,2026-06-12T15:44:00.633331+00:00
Open3D/cpp/open3d/visualization/utility/PointCloudPicker.h,3234,False,ascii,1.0,LF,78,.h,text/x-chdr,False,2026-06-12T15:44:00.633331+00:00
Open3D/cpp/open3d/visualization/utility/SelectionPolygon.cpp,11001,False,ascii,1.0,LF,278,.cpp,text/x-c++src,False,2026-06-12T15:44:00.633331+00:00
Open3D/cpp/open3d/visualization/utility/SelectionPolygon.h,2940,False,ascii,1.0,LF,80,.h,text/x-chdr,False,2026-06-12T15:44:00.633331+00:00
Open3D/cpp/open3d/visualization/utility/SelectionPolygonVolume.cpp,6067,False,ascii,1.0,LF,161,.cpp,text/x-c++src,False,2026-06-12T15:44:00.633331+00:00
Open3D/cpp/open3d/visualization/utility/SelectionPolygonVolume.h,2325,False,ascii,1.0,LF,72,.h,text/x-chdr,False,2026-06-12T15:44:00.633331+00:00
Open3D/cpp/open3d/visualization/visualizer/GuiSettingsModel.cpp,13675,False,ascii,1.0,LF,399,.cpp,text/x-c++src,False,2026-06-12T15:44:00.633331+00:00
Open3D/cpp/open3d/visualization/visualizer/GuiSettingsModel.h,5436,False,ascii,1.0,LF,165,.h,text/x-chdr,False,2026-06-12T15:44:00.633331+00:00
Open3D/cpp/open3d/visualization/visualizer/GuiSettingsView.cpp,19699,False,ascii,1.0,LF,470,.cpp,text/x-c++src,False,2026-06-12T15:44:00.633331+00:00
Open3D/cpp/open3d/visualization/visualizer/GuiSettingsView.h,2447,False,ascii,1.0,LF,77,.h,text/x-chdr,False,2026-06-12T15:44:00.633331+00:00
Open3D/cpp/open3d/visualization/visualizer/GuiVisualizer.cpp,58314,False,ascii,1.0,LF,1436,.cpp,text/x-c++src,False,2026-06-12T15:44:00.633331+00:00
Open3D/cpp/open3d/visualization/visualizer/GuiVisualizer.h,2378,False,ascii,1.0,LF,84,.h,text/x-chdr,False,2026-06-12T15:44:00.633331+00:00
Open3D/cpp/open3d/visualization/visualizer/GuiWidgets.cpp,1101,False,ascii,1.0,LF,29,.cpp,text/x-c++src,False,2026-06-12T15:44:00.633331+00:00
Open3D/cpp/open3d/visualization/visualizer/GuiWidgets.h,969,False,ascii,1.0,LF,33,.h,text/x-chdr,False,2026-06-12T15:44:00.633331+00:00
Open3D/cpp/open3d/visualization/visualizer/MessageProcessor.cpp,13537,False,ascii,1.0,LF,302,.cpp,text/x-c++src,False,2026-06-12T15:44:00.633331+00:00
Open3D/cpp/open3d/visualization/visualizer/MessageProcessor.h,1760,False,ascii,1.0,LF,52,.h,text/x-chdr,False,2026-06-12T15:44:00.633331+00:00
Open3D/cpp/open3d/visualization/visualizer/O3DVisualizer.cpp,106899,False,ascii,1.0,LF,1619,.cpp,text/x-c++src,False,2026-06-12T15:44:00.633331+00:00
Open3D/cpp/open3d/visualization/visualizer/O3DVisualizer.h,8017,False,ascii,1.0,LF,228,.h,text/x-chdr,False,2026-06-12T15:44:00.633331+00:00
Open3D/cpp/open3d/visualization/visualizer/O3DVisualizerSelections.cpp,6341,False,ascii,1.0,LF,203,.cpp,text/x-c++src,False,2026-06-12T15:44:00.633331+00:00
Open3D/cpp/open3d/visualization/visualizer/O3DVisualizerSelections.h,2986,False,ascii,1.0,LF,106,.h,text/x-chdr,False,2026-06-12T15:44:00.633331+00:00
Open3D/cpp/open3d/visualization/visualizer/RenderOption.cpp,10236,False,ascii,1.0,LF,269,.cpp,text/x-c++src,False,2026-06-12T15:44:00.633331+00:00
Open3D/cpp/open3d/visualization/visualizer/RenderOption.h,6820,False,ascii,1.0,LF,210,.h,text/x-chdr,False,2026-06-12T15:44:00.633331+00:00
Open3D/cpp/open3d/visualization/visualizer/RenderOptionWithEditing.cpp,2476,False,ascii,1.0,LF,61,.cpp,text/x-c++src,False,2026-06-12T15:44:00.633331+00:00
Open3D/cpp/open3d/visualization/visualizer/RenderOptionWithEditing.h,1740,False,ascii,1.0,LF,52,.h,text/x-chdr,False,2026-06-12T15:44:00.633331+00:00
Open3D/cpp/open3d/visualization/visualizer/ViewControl.cpp,15587,False,ascii,1.0,LF,408,.cpp,text/x-c++src,False,2026-06-12T15:44:00.633331+00:00
Open3D/cpp/open3d/visualization/visualizer/ViewControl.h,8735,False,ascii,1.0,LF,220,.h,text/x-chdr,False,2026-06-12T15:44:00.637485+00:00
Open3D/cpp/open3d/visualization/visualizer/ViewControlWithCustomAnimation.cpp,11382,False,ascii,1.0,LF,329,.cpp,text/x-c++src,False,2026-06-12T15:44:00.637485+00:00
Open3D/cpp/open3d/visualization/visualizer/ViewControlWithCustomAnimation.h,3245,False,ascii,1.0,LF,88,.h,text/x-chdr,False,2026-06-12T15:44:00.637485+00:00
Open3D/cpp/open3d/visualization/visualizer/ViewControlWithEditing.cpp,4900,False,ascii,1.0,LF,139,.cpp,text/x-c++src,False,2026-06-12T15:44:00.637485+00:00
Open3D/cpp/open3d/visualization/visualizer/ViewControlWithEditing.h,2263,False,ascii,1.0,LF,74,.h,text/x-chdr,False,2026-06-12T15:44:00.637485+00:00
Open3D/cpp/open3d/visualization/visualizer/ViewParameters.cpp,3274,False,ascii,1.0,LF,96,.cpp,text/x-c++src,False,2026-06-12T15:44:00.637485+00:00
Open3D/cpp/open3d/visualization/visualizer/ViewParameters.h,1576,False,ascii,1.0,LF,52,.h,text/x-chdr,False,2026-06-12T15:44:00.637485+00:00
Open3D/cpp/open3d/visualization/visualizer/ViewTrajectory.cpp,5850,False,ascii,1.0,LF,181,.cpp,text/x-c++src,False,2026-06-12T15:44:00.637485+00:00
Open3D/cpp/open3d/visualization/visualizer/ViewTrajectory.h,2528,False,ascii,1.0,LF,79,.h,text/x-chdr,False,2026-06-12T15:44:00.637485+00:00
Open3D/cpp/open3d/visualization/visualizer/Visualizer.cpp,22056,False,ascii,1.0,LF,584,.cpp,text/x-c++src,False,2026-06-12T15:44:00.637485+00:00
Open3D/cpp/open3d/visualization/visualizer/Visualizer.h,12575,False,ascii,1.0,LF,331,.h,text/x-chdr,False,2026-06-12T15:44:00.637485+00:00
Open3D/cpp/open3d/visualization/visualizer/VisualizerCallback.cpp,14767,False,ascii,1.0,LF,351,.cpp,text/x-c++src,False,2026-06-12T15:44:00.637485+00:00
Open3D/cpp/open3d/visualization/visualizer/VisualizerRender.cpp,21455,False,ascii,1.0,LF,520,.cpp,text/x-c++src,False,2026-06-12T15:44:00.637485+00:00
Open3D/cpp/open3d/visualization/visualizer/VisualizerWithCustomAnimation.cpp,12940,False,ascii,1.0,LF,300,.cpp,text/x-c++src,False,2026-06-12T15:44:00.637485+00:00
Open3D/cpp/open3d/visualization/visualizer/VisualizerWithCustomAnimation.h,2926,False,ascii,1.0,LF,70,.h,text/x-chdr,False,2026-06-12T15:44:00.637485+00:00
Open3D/cpp/open3d/visualization/visualizer/VisualizerWithEditing.cpp,31311,False,ascii,1.0,LF,698,.cpp,text/x-c++src,False,2026-06-12T15:44:00.637485+00:00
Open3D/cpp/open3d/visualization/visualizer/VisualizerWithEditing.h,3456,False,ascii,1.0,LF,93,.h,text/x-chdr,False,2026-06-12T15:44:00.637485+00:00
Open3D/cpp/open3d/visualization/visualizer/VisualizerWithKeyCallback.cpp,6597,False,ascii,1.0,LF,178,.cpp,text/x-c++src,False,2026-06-12T15:44:00.637485+00:00
Open3D/cpp/open3d/visualization/visualizer/VisualizerWithKeyCallback.h,4950,False,ascii,1.0,LF,110,.h,text/x-chdr,False,2026-06-12T15:44:00.637485+00:00
Open3D/cpp/open3d/visualization/visualizer/VisualizerWithVertexSelection.cpp,33491,False,ascii,1.0,LF,823,.cpp,text/x-c++src,False,2026-06-12T15:44:00.637485+00:00
Open3D/cpp/open3d/visualization/visualizer/VisualizerWithVertexSelection.h,4601,False,ascii,1.0,LF,118,.h,text/x-chdr,False,2026-06-12T15:44:00.637485+00:00
Open3D/cpp/open3d/visualization/webrtc_server/BitmapTrackSource.cpp,2049,False,ascii,1.0,LF,56,.cpp,text/x-c++src,False,2026-06-12T15:44:00.637485+00:00
Open3D/cpp/open3d/visualization/webrtc_server/BitmapTrackSource.h,4278,False,ascii,1.0,LF,101,.h,text/x-chdr,False,2026-06-12T15:44:00.637485+00:00
Open3D/cpp/open3d/visualization/webrtc_server/CMakeLists.txt,1222,False,ascii,1.0,LF,39,.txt,text/plain,False,2026-06-12T15:44:00.637485+00:00
Open3D/cpp/open3d/visualization/webrtc_server/HttpServerRequestHandler.cpp,4943,False,ascii,1.0,LF,138,.cpp,text/x-c++src,False,2026-06-12T15:44:00.637485+00:00
Open3D/cpp/open3d/visualization/webrtc_server/HttpServerRequestHandler.h,1550,False,ascii,1.0,LF,43,.h,text/x-chdr,False,2026-06-12T15:44:00.637485+00:00
Open3D/cpp/open3d/visualization/webrtc_server/ImageCapturer.cpp,4108,False,ascii,1.0,LF,110,.cpp,text/x-c++src,False,2026-06-12T15:44:00.637485+00:00
Open3D/cpp/open3d/visualization/webrtc_server/ImageCapturer.h,2940,False,ascii,1.0,LF,89,.h,text/x-chdr,False,2026-06-12T15:44:00.637485+00:00
Open3D/cpp/open3d/visualization/webrtc_server/PeerConnectionManager.cpp,29704,False,ascii,1.0,LF,749,.cpp,text/x-c++src,False,2026-06-12T15:44:00.637485+00:00
Open3D/cpp/open3d/visualization/webrtc_server/PeerConnectionManager.h,21041,False,ascii,1.0,LF,500,.h,text/x-chdr,False,2026-06-12T15:44:00.637485+00:00
Open3D/cpp/open3d/visualization/webrtc_server/VideoFilter.h,2635,False,ascii,1.0,LF,72,.h,text/x-chdr,False,2026-06-12T15:44:00.637485+00:00
Open3D/cpp/open3d/visualization/webrtc_server/VideoScaler.h,7339,False,ascii,1.0,LF,200,.h,text/x-chdr,False,2026-06-12T15:44:00.637485+00:00
Open3D/cpp/open3d/visualization/webrtc_server/WebRTCWindowSystem.cpp,21162,False,ascii,1.0,LF,501,.cpp,text/x-c++src,False,2026-06-12T15:44:00.637485+00:00
Open3D/cpp/open3d/visualization/webrtc_server/WebRTCWindowSystem.h,6066,False,ascii,1.0,LF,147,.h,text/x-chdr,False,2026-06-12T15:44:00.637485+00:00
Open3D/cpp/open3d/visualization/webrtc_server/html/index.html,6402,False,utf-8,0.95,LF,202,.html,text/html,False,2026-06-12T15:44:00.641640+00:00
Open3D/cpp/open3d/visualization/webrtc_server/html/nav.css,347,False,ascii,1.0,LF,23,.css,text/css,False,2026-06-12T15:44:00.641640+00:00
Open3D/cpp/open3d/visualization/webrtc_server/html/open3d_logo.ico,34494,True,,0.0,N/A,0,.ico,image/vnd.microsoft.icon,False,2026-06-12T15:44:00.641640+00:00
Open3D/cpp/open3d/visualization/webrtc_server/html/styles.css,407,False,ascii,1.0,LF,33,.css,text/css,False,2026-06-12T15:44:00.641640+00:00
Open3D/cpp/open3d/visualization/webrtc_server/html/webrtcstreamer.js,30158,False,ascii,1.0,LF,747,.js,text/javascript,False,2026-06-12T15:44:00.641640+00:00
Open3D/cpp/open3d/visualization/webrtc_server/html/libs/adapter.min.js,85652,False,ascii,1.0,LF,1,.js,text/javascript,False,2026-06-12T15:44:00.641640+00:00
Open3D/cpp/pybind/CMakeLists.txt,12075,False,ascii,1.0,LF,280,.txt,text/plain,False,2026-06-12T15:44:00.641640+00:00
Open3D/cpp/pybind/_build_config.py.in,1185,False,ascii,1.0,LF,20,.in,,False,2026-06-12T15:44:00.641640+00:00
Open3D/cpp/pybind/docstring.cpp,14870,False,ascii,1.0,LF,391,.cpp,text/x-c++src,False,2026-06-12T15:44:00.645795+00:00
Open3D/cpp/pybind/docstring.h,4727,False,ascii,1.0,LF,136,.h,text/x-chdr,False,2026-06-12T15:44:00.645795+00:00
Open3D/cpp/pybind/generate_tf_ops_wrapper.py,3025,False,ascii,1.0,LF,90,.py,text/x-python,False,2026-06-12T15:44:00.645795+00:00
Open3D/cpp/pybind/generate_torch_ops_wrapper.py,7624,False,ascii,1.0,LF,211,.py,text/x-python,False,2026-06-12T15:44:00.645795+00:00
Open3D/cpp/pybind/make_install_pip_package.cmake,573,False,ascii,1.0,LF,8,.cmake,,False,2026-06-12T15:44:00.649949+00:00
Open3D/cpp/pybind/make_python_package.cmake,6525,False,ascii,1.0,LF,141,.cmake,,False,2026-06-12T15:44:00.649949+00:00
Open3D/cpp/pybind/open3d_pybind.cpp,2675,False,ascii,1.0,LF,69,.cpp,text/x-c++src,False,2026-06-12T15:44:00.649949+00:00
Open3D/cpp/pybind/open3d_pybind.h,3292,False,ascii,1.0,LF,88,.h,text/x-chdr,False,2026-06-12T15:44:00.649949+00:00
Open3D/cpp/pybind/pybind_utils.cpp,3556,False,ascii,1.0,LF,79,.cpp,text/x-c++src,False,2026-06-12T15:44:00.649949+00:00
Open3D/cpp/pybind/pybind_utils.h,761,False,ascii,1.0,LF,25,.h,text/x-chdr,False,2026-06-12T15:44:00.649949+00:00
Open3D/cpp/pybind/camera/CMakeLists.txt,47,False,ascii,1.0,LF,3,.txt,text/plain,False,2026-06-12T15:44:00.641640+00:00
Open3D/cpp/pybind/camera/camera.cpp,8100,False,ascii,1.0,LF,153,.cpp,text/x-c++src,False,2026-06-12T15:44:00.641640+00:00
Open3D/cpp/pybind/camera/camera.h,625,False,ascii,1.0,LF,19,.h,text/x-chdr,False,2026-06-12T15:44:00.641640+00:00
Open3D/cpp/pybind/core/CMakeLists.txt,390,False,ascii,1.0,LF,22,.txt,text/plain,False,2026-06-12T15:44:00.641640+00:00
Open3D/cpp/pybind/core/blob.cpp,695,False,ascii,1.0,LF,22,.cpp,text/x-c++src,False,2026-06-12T15:44:00.641640+00:00
Open3D/cpp/pybind/core/core.cpp,2169,False,ascii,1.0,LF,58,.cpp,text/x-c++src,False,2026-06-12T15:44:00.641640+00:00
Open3D/cpp/pybind/core/core.h,1877,False,ascii,1.0,LF,44,.h,text/x-chdr,False,2026-06-12T15:44:00.641640+00:00
Open3D/cpp/pybind/core/cuda_utils.cpp,1920,False,ascii,1.0,LF,47,.cpp,text/x-c++src,False,2026-06-12T15:44:00.641640+00:00
Open3D/cpp/pybind/core/device.cpp,2750,False,ascii,1.0,LF,73,.cpp,text/x-c++src,False,2026-06-12T15:44:00.641640+00:00
Open3D/cpp/pybind/core/dtype.cpp,3294,False,ascii,1.0,LF,78,.cpp,text/x-c++src,False,2026-06-12T15:44:00.641640+00:00
Open3D/cpp/pybind/core/hashmap.cpp,12989,False,ascii,1.0,LF,302,.cpp,text/x-c++src,False,2026-06-12T15:44:00.641640+00:00
Open3D/cpp/pybind/core/kernel.cpp,939,False,ascii,1.0,LF,27,.cpp,text/x-c++src,False,2026-06-12T15:44:00.641640+00:00
Open3D/cpp/pybind/core/linalg.cpp,4960,False,ascii,1.0,LF,150,.cpp,text/x-c++src,False,2026-06-12T15:44:00.641640+00:00
Open3D/cpp/pybind/core/scalar.cpp,1567,False,ascii,1.0,LF,35,.cpp,text/x-c++src,False,2026-06-12T15:44:00.641640+00:00
Open3D/cpp/pybind/core/size_vector.cpp,2427,False,ascii,1.0,LF,55,.cpp,text/x-c++src,False,2026-06-12T15:44:00.641640+00:00
Open3D/cpp/pybind/core/sycl_utils.cpp,2037,False,ascii,1.0,LF,49,.cpp,text/x-c++src,False,2026-06-12T15:44:00.641640+00:00
Open3D/cpp/pybind/core/tensor.cpp,60577,False,utf-8,0.8002,LF,1232,.cpp,text/x-c++src,False,2026-06-12T15:44:00.641640+00:00
Open3D/cpp/pybind/core/tensor_accessor.cpp,8766,False,ascii,1.0,LF,231,.cpp,text/x-c++src,False,2026-06-12T15:44:00.641640+00:00
Open3D/cpp/pybind/core/tensor_converter.cpp,8808,False,ascii,1.0,LF,242,.cpp,text/x-c++src,False,2026-06-12T15:44:00.645795+00:00
Open3D/cpp/pybind/core/tensor_converter.h,4568,False,ascii,1.0,LF,110,.h,text/x-chdr,False,2026-06-12T15:44:00.645795+00:00
Open3D/cpp/pybind/core/tensor_function.cpp,3935,False,ascii,1.0,LF,102,.cpp,text/x-c++src,False,2026-06-12T15:44:00.645795+00:00
Open3D/cpp/pybind/core/tensor_type_caster.cpp,1248,False,ascii,1.0,LF,36,.cpp,text/x-c++src,False,2026-06-12T15:44:00.645795+00:00
Open3D/cpp/pybind/core/tensor_type_caster.h,959,False,ascii,1.0,LF,33,.h,text/x-chdr,False,2026-06-12T15:44:00.645795+00:00
Open3D/cpp/pybind/core/nns/nearest_neighbor_search.cpp,11551,False,ascii,1.0,LF,313,.cpp,text/x-c++src,False,2026-06-12T15:44:00.641640+00:00
Open3D/cpp/pybind/core/nns/nearest_neighbor_search.h,693,False,ascii,1.0,LF,22,.h,text/x-chdr,False,2026-06-12T15:44:00.641640+00:00
Open3D/cpp/pybind/data/CMakeLists.txt,48,False,ascii,1.0,LF,3,.txt,text/plain,False,2026-06-12T15:44:00.645795+00:00
Open3D/cpp/pybind/data/dataset.cpp,66820,False,ascii,1.0,LF,1241,.cpp,text/x-c++src,False,2026-06-12T15:44:00.645795+00:00
Open3D/cpp/pybind/data/dataset.h,559,False,ascii,1.0,LF,18,.h,text/x-chdr,False,2026-06-12T15:44:00.645795+00:00
Open3D/cpp/pybind/geometry/CMakeLists.txt,276,False,ascii,1.0,LF,15,.txt,text/plain,False,2026-06-12T15:44:00.645795+00:00
Open3D/cpp/pybind/geometry/boundingvolume.cpp,15525,False,ascii,1.0,LF,303,.cpp,text/x-c++src,False,2026-06-12T15:44:00.645795+00:00
Open3D/cpp/pybind/geometry/geometry.cpp,12406,False,ascii,1.0,LF,251,.cpp,text/x-c++src,False,2026-06-12T15:44:00.645795+00:00
Open3D/cpp/pybind/geometry/geometry.h,1868,False,ascii,1.0,LF,44,.h,text/x-chdr,False,2026-06-12T15:44:00.645795+00:00
Open3D/cpp/pybind/geometry/geometry_trampoline.h,2782,False,ascii,1.0,LF,76,.h,text/x-chdr,False,2026-06-12T15:44:00.645795+00:00
Open3D/cpp/pybind/geometry/halfedgetrianglemesh.cpp,7358,False,ascii,1.0,LF,140,.cpp,text/x-c++src,False,2026-06-12T15:44:00.645795+00:00
Open3D/cpp/pybind/geometry/image.cpp,15034,False,ascii,1.0,LF,284,.cpp,text/x-c++src,False,2026-06-12T15:44:00.645795+00:00
Open3D/cpp/pybind/geometry/kdtreeflann.cpp,14427,False,ascii,1.0,LF,274,.cpp,text/x-c++src,False,2026-06-12T15:44:00.645795+00:00
Open3D/cpp/pybind/geometry/keypoint.cpp,2501,False,ascii,1.0,LF,57,.cpp,text/x-c++src,False,2026-06-12T15:44:00.645795+00:00
Open3D/cpp/pybind/geometry/lineset.cpp,7851,False,ascii,1.0,LF,143,.cpp,text/x-c++src,False,2026-06-12T15:44:00.645795+00:00
Open3D/cpp/pybind/geometry/meshbase.cpp,6533,False,ascii,1.0,LF,127,.cpp,text/x-c++src,False,2026-06-12T15:44:00.645795+00:00
Open3D/cpp/pybind/geometry/octree.cpp,20245,False,ascii,1.0,LF,381,.cpp,text/x-c++src,False,2026-06-12T15:44:00.645795+00:00
Open3D/cpp/pybind/geometry/octree.h,1291,False,ascii,1.0,LF,39,.h,text/x-chdr,False,2026-06-12T15:44:00.645795+00:00
Open3D/cpp/pybind/geometry/pointcloud.cpp,23900,False,ascii,1.0,LF,440,.cpp,text/x-c++src,False,2026-06-12T15:44:00.645795+00:00
Open3D/cpp/pybind/geometry/tetramesh.cpp,5590,False,ascii,1.0,LF,105,.cpp,text/x-c++src,False,2026-06-12T15:44:00.645795+00:00
Open3D/cpp/pybind/geometry/trianglemesh.cpp,48007,False,utf-8,0.8,LF,822,.cpp,text/x-c++src,False,2026-06-12T15:44:00.645795+00:00
Open3D/cpp/pybind/geometry/voxelgrid.cpp,14275,False,ascii,1.0,LF,266,.cpp,text/x-c++src,False,2026-06-12T15:44:00.645795+00:00
Open3D/cpp/pybind/io/CMakeLists.txt,164,False,ascii,1.0,LF,11,.txt,text/plain,False,2026-06-12T15:44:00.645795+00:00
Open3D/cpp/pybind/io/class_io.cpp,24820,False,ascii,1.0,LF,540,.cpp,text/x-c++src,False,2026-06-12T15:44:00.649949+00:00
Open3D/cpp/pybind/io/io.cpp,1018,False,ascii,1.0,LF,34,.cpp,text/x-c++src,False,2026-06-12T15:44:00.649949+00:00
Open3D/cpp/pybind/io/io.h,959,False,ascii,1.0,LF,30,.h,text/x-chdr,False,2026-06-12T15:44:00.649949+00:00
Open3D/cpp/pybind/io/rpc.cpp,11977,False,ascii,1.0,LF,244,.cpp,text/x-c++src,False,2026-06-12T15:44:00.649949+00:00
Open3D/cpp/pybind/io/sensor.cpp,8551,False,ascii,1.0,LF,159,.cpp,text/x-c++src,False,2026-06-12T15:44:00.649949+00:00
Open3D/cpp/pybind/ml/CMakeLists.txt,154,False,ascii,1.0,LF,9,.txt,text/plain,False,2026-06-12T15:44:00.649949+00:00
Open3D/cpp/pybind/ml/ml.cpp,863,False,ascii,1.0,LF,27,.cpp,text/x-c++src,False,2026-06-12T15:44:00.649949+00:00
Open3D/cpp/pybind/ml/ml.h,609,False,ascii,1.0,LF,19,.h,text/x-chdr,False,2026-06-12T15:44:00.649949+00:00
Open3D/cpp/pybind/ml/contrib/contrib.cpp,978,False,ascii,1.0,LF,29,.cpp,text/x-c++src,False,2026-06-12T15:44:00.649949+00:00
Open3D/cpp/pybind/ml/contrib/contrib.h,823,False,ascii,1.0,LF,25,.h,text/x-chdr,False,2026-06-12T15:44:00.649949+00:00
Open3D/cpp/pybind/ml/contrib/contrib_subsample.cpp,15730,False,ascii,1.0,LF,359,.cpp,text/x-c++src,False,2026-06-12T15:44:00.649949+00:00
Open3D/cpp/pybind/ml/contrib/iou.cpp,5507,False,ascii,1.0,LF,134,.cpp,text/x-c++src,False,2026-06-12T15:44:00.649949+00:00
Open3D/cpp/pybind/pipelines/CMakeLists.txt,408,False,ascii,1.0,LF,22,.txt,text/plain,False,2026-06-12T15:44:00.649949+00:00
Open3D/cpp/pybind/pipelines/pipelines.cpp,1491,False,ascii,1.0,LF,36,.cpp,text/x-c++src,False,2026-06-12T15:44:00.649949+00:00
Open3D/cpp/pybind/pipelines/pipelines.h,637,False,ascii,1.0,LF,19,.h,text/x-chdr,False,2026-06-12T15:44:00.649949+00:00
Open3D/cpp/pybind/pipelines/color_map/color_map.cpp,11045,False,ascii,1.0,LF,189,.cpp,text/x-c++src,False,2026-06-12T15:44:00.649949+00:00
Open3D/cpp/pybind/pipelines/color_map/color_map.h,685,False,ascii,1.0,LF,21,.h,text/x-chdr,False,2026-06-12T15:44:00.649949+00:00
Open3D/cpp/pybind/pipelines/integration/integration.cpp,11145,False,ascii,1.0,LF,213,.cpp,text/x-c++src,False,2026-06-12T15:44:00.649949+00:00
Open3D/cpp/pybind/pipelines/integration/integration.h,693,False,ascii,1.0,LF,21,.h,text/x-chdr,False,2026-06-12T15:44:00.649949+00:00
Open3D/cpp/pybind/pipelines/odometry/odometry.cpp,11382,False,ascii,1.0,LF,236,.cpp,text/x-c++src,False,2026-06-12T15:44:00.649949+00:00
Open3D/cpp/pybind/pipelines/odometry/odometry.h,681,False,ascii,1.0,LF,21,.h,text/x-chdr,False,2026-06-12T15:44:00.649949+00:00
Open3D/cpp/pybind/pipelines/registration/feature.cpp,4866,False,ascii,1.0,LF,98,.cpp,text/x-c++src,False,2026-06-12T15:44:00.649949+00:00
Open3D/cpp/pybind/pipelines/registration/global_optimization.cpp,20156,False,ascii,1.0,LF,370,.cpp,text/x-c++src,False,2026-06-12T15:44:00.649949+00:00
Open3D/cpp/pybind/pipelines/registration/registration.cpp,40295,False,ascii,1.0,LF,768,.cpp,text/x-c++src,False,2026-06-12T15:44:00.649949+00:00
Open3D/cpp/pybind/pipelines/registration/registration.h,1105,False,ascii,1.0,LF,28,.h,text/x-chdr,False,2026-06-12T15:44:00.649949+00:00
Open3D/cpp/pybind/pipelines/registration/robust_kernels.cpp,12166,False,ascii,1.0,LF,328,.cpp,text/x-c++src,False,2026-06-12T15:44:00.649949+00:00
Open3D/cpp/pybind/t/CMakeLists.txt,42,False,ascii,1.0,LF,3,.txt,text/plain,False,2026-06-12T15:44:00.654104+00:00
Open3D/cpp/pybind/t/t.cpp,1099,False,ascii,1.0,LF,32,.cpp,text/x-c++src,False,2026-06-12T15:44:00.658259+00:00
Open3D/cpp/pybind/t/t.h,605,False,ascii,1.0,LF,19,.h,text/x-chdr,False,2026-06-12T15:44:00.658259+00:00
Open3D/cpp/pybind/t/geometry/CMakeLists.txt,235,False,ascii,1.0,LF,12,.txt,text/plain,False,2026-06-12T15:44:00.654104+00:00
Open3D/cpp/pybind/t/geometry/boundingvolume.cpp,30752,False,utf-8,0.8001,LF,596,.cpp,text/x-c++src,False,2026-06-12T15:44:00.654104+00:00
Open3D/cpp/pybind/t/geometry/drawablegeometry.cpp,1484,False,ascii,1.0,LF,36,.cpp,text/x-c++src,False,2026-06-12T15:44:00.654104+00:00
Open3D/cpp/pybind/t/geometry/geometry.cpp,6253,False,ascii,1.0,LF,138,.cpp,text/x-c++src,False,2026-06-12T15:44:00.654104+00:00
Open3D/cpp/pybind/t/geometry/geometry.h,2300,False,ascii,1.0,LF,63,.h,text/x-chdr,False,2026-06-12T15:44:00.654104+00:00
Open3D/cpp/pybind/t/geometry/image.cpp,19033,False,ascii,1.0,LF,372,.cpp,text/x-c++src,False,2026-06-12T15:44:00.654104+00:00
Open3D/cpp/pybind/t/geometry/lineset.cpp,15817,False,ascii,1.0,LF,357,.cpp,text/x-c++src,False,2026-06-12T15:44:00.654104+00:00
Open3D/cpp/pybind/t/geometry/pointcloud.cpp,39578,False,utf-8,0.8001,LF,844,.cpp,text/x-c++src,False,2026-06-12T15:44:00.654104+00:00
Open3D/cpp/pybind/t/geometry/raycasting_scene.cpp,17835,False,ascii,1.0,LF,455,.cpp,text/x-c++src,False,2026-06-12T15:44:00.654104+00:00
Open3D/cpp/pybind/t/geometry/tensormap.cpp,8502,False,ascii,1.0,LF,218,.cpp,text/x-c++src,False,2026-06-12T15:44:00.654104+00:00
Open3D/cpp/pybind/t/geometry/trianglemesh.cpp,58056,False,ascii,1.0,LF,1308,.cpp,text/x-c++src,False,2026-06-12T15:44:00.654104+00:00
Open3D/cpp/pybind/t/geometry/voxel_block_grid.cpp,11109,False,ascii,1.0,LF,220,.cpp,text/x-c++src,False,2026-06-12T15:44:00.654104+00:00
Open3D/cpp/pybind/t/io/CMakeLists.txt,75,False,ascii,1.0,LF,5,.txt,text/plain,False,2026-06-12T15:44:00.654104+00:00
Open3D/cpp/pybind/t/io/class_io.cpp,15910,False,ascii,1.0,LF,350,.cpp,text/x-c++src,False,2026-06-12T15:44:00.654104+00:00
Open3D/cpp/pybind/t/io/io.cpp,974,False,ascii,1.0,LF,30,.cpp,text/x-c++src,False,2026-06-12T15:44:00.654104+00:00
Open3D/cpp/pybind/t/io/io.h,836,False,ascii,1.0,LF,26,.h,text/x-chdr,False,2026-06-12T15:44:00.654104+00:00
Open3D/cpp/pybind/t/io/sensor.cpp,18137,False,ascii,1.0,LF,356,.cpp,text/x-c++src,False,2026-06-12T15:44:00.654104+00:00
Open3D/cpp/pybind/t/pipelines/CMakeLists.txt,342,False,ascii,1.0,LF,21,.txt,text/plain,False,2026-06-12T15:44:00.654104+00:00
Open3D/cpp/pybind/t/pipelines/pipelines.cpp,1520,False,ascii,1.0,LF,38,.cpp,text/x-c++src,False,2026-06-12T15:44:00.654104+00:00
Open3D/cpp/pybind/t/pipelines/pipelines.h,669,False,ascii,1.0,LF,21,.h,text/x-chdr,False,2026-06-12T15:44:00.654104+00:00
Open3D/cpp/pybind/t/pipelines/odometry/odometry.cpp,15162,False,ascii,1.0,LF,288,.cpp,text/x-c++src,False,2026-06-12T15:44:00.654104+00:00
Open3D/cpp/pybind/t/pipelines/odometry/odometry.h,713,False,ascii,1.0,LF,23,.h,text/x-chdr,False,2026-06-12T15:44:00.654104+00:00
Open3D/cpp/pybind/t/pipelines/registration/feature.cpp,4926,False,ascii,1.0,LF,117,.cpp,text/x-c++src,False,2026-06-12T15:44:00.654104+00:00
Open3D/cpp/pybind/t/pipelines/registration/registration.cpp,26997,False,utf-8,0.8005,LF,491,.cpp,text/x-c++src,False,2026-06-12T15:44:00.654104+00:00
Open3D/cpp/pybind/t/pipelines/registration/registration.h,925,False,ascii,1.0,LF,26,.h,text/x-chdr,False,2026-06-12T15:44:00.654104+00:00
Open3D/cpp/pybind/t/pipelines/registration/robust_kernel.cpp,6086,False,ascii,1.0,LF,141,.cpp,text/x-c++src,False,2026-06-12T15:44:00.654104+00:00
Open3D/cpp/pybind/t/pipelines/slac/slac.cpp,14461,False,ascii,1.0,LF,273,.cpp,text/x-c++src,False,2026-06-12T15:44:00.654104+00:00
Open3D/cpp/pybind/t/pipelines/slac/slac.h,697,False,ascii,1.0,LF,23,.h,text/x-chdr,False,2026-06-12T15:44:00.654104+00:00
Open3D/cpp/pybind/t/pipelines/slam/slam.cpp,8487,False,ascii,1.0,LF,163,.cpp,text/x-c++src,False,2026-06-12T15:44:00.658259+00:00
Open3D/cpp/pybind/t/pipelines/slam/slam.h,697,False,ascii,1.0,LF,23,.h,text/x-chdr,False,2026-06-12T15:44:00.658259+00:00
Open3D/cpp/pybind/utility/CMakeLists.txt,93,False,ascii,1.0,LF,6,.txt,text/plain,False,2026-06-12T15:44:00.658259+00:00
Open3D/cpp/pybind/utility/eigen.cpp,20454,False,ascii,1.0,LF,469,.cpp,text/x-c++src,False,2026-06-12T15:44:00.658259+00:00
Open3D/cpp/pybind/utility/logging.cpp,2829,False,ascii,1.0,LF,68,.cpp,text/x-c++src,False,2026-06-12T15:44:00.658259+00:00
Open3D/cpp/pybind/utility/random.cpp,924,False,ascii,1.0,LF,28,.cpp,text/x-c++src,False,2026-06-12T15:44:00.658259+00:00
Open3D/cpp/pybind/utility/utility.cpp,1016,False,ascii,1.0,LF,29,.cpp,text/x-c++src,False,2026-06-12T15:44:00.658259+00:00
Open3D/cpp/pybind/utility/utility.h,876,False,ascii,1.0,LF,27,.h,text/x-chdr,False,2026-06-12T15:44:00.658259+00:00
Open3D/cpp/pybind/visualization/CMakeLists.txt,607,False,ascii,1.0,LF,33,.txt,text/plain,False,2026-06-12T15:44:00.658259+00:00
Open3D/cpp/pybind/visualization/o3dvisualizer.cpp,24726,False,ascii,1.0,LF,455,.cpp,text/x-c++src,False,2026-06-12T15:44:00.658259+00:00
Open3D/cpp/pybind/visualization/renderoption.cpp,6343,False,ascii,1.0,LF,124,.cpp,text/x-c++src,False,2026-06-12T15:44:00.658259+00:00
Open3D/cpp/pybind/visualization/utility.cpp,13555,False,ascii,1.0,LF,256,.cpp,text/x-c++src,False,2026-06-12T15:44:00.658259+00:00
Open3D/cpp/pybind/visualization/viewcontrol.cpp,7413,False,ascii,1.0,LF,132,.cpp,text/x-c++src,False,2026-06-12T15:44:00.658259+00:00
Open3D/cpp/pybind/visualization/visualization.cpp,2406,False,ascii,1.0,LF,61,.cpp,text/x-c++src,False,2026-06-12T15:44:00.658259+00:00
Open3D/cpp/pybind/visualization/visualization.h,2737,False,ascii,1.0,LF,71,.h,text/x-chdr,False,2026-06-12T15:44:00.658259+00:00
Open3D/cpp/pybind/visualization/visualization_trampoline.h,2739,False,ascii,1.0,LF,70,.h,text/x-chdr,False,2026-06-12T15:44:00.658259+00:00
Open3D/cpp/pybind/visualization/visualizer.cpp,20409,False,ascii,1.0,LF,365,.cpp,text/x-c++src,False,2026-06-12T15:44:00.658259+00:00
Open3D/cpp/pybind/visualization/app/viewer.cpp,1644,False,ascii,1.0,LF,44,.cpp,text/x-c++src,False,2026-06-12T15:44:00.658259+00:00
Open3D/cpp/pybind/visualization/app/viewer.h,669,False,ascii,1.0,LF,21,.h,text/x-chdr,False,2026-06-12T15:44:00.658259+00:00
Open3D/cpp/pybind/visualization/gui/events.cpp,13404,False,ascii,1.0,LF,284,.cpp,text/x-c++src,False,2026-06-12T15:44:00.658259+00:00
Open3D/cpp/pybind/visualization/gui/gui.cpp,105911,False,ascii,1.0,LF,1275,.cpp,text/x-c++src,False,2026-06-12T15:44:00.658259+00:00
Open3D/cpp/pybind/visualization/gui/gui.h,1243,False,ascii,1.0,LF,41,.h,text/x-chdr,False,2026-06-12T15:44:00.658259+00:00
Open3D/cpp/pybind/visualization/rendering/material.cpp,3064,False,ascii,1.0,LF,70,.cpp,text/x-c++src,False,2026-06-12T15:44:00.658259+00:00
Open3D/cpp/pybind/visualization/rendering/material.h,691,False,ascii,1.0,LF,21,.h,text/x-chdr,False,2026-06-12T15:44:00.658259+00:00
Open3D/cpp/pybind/visualization/rendering/rendering.cpp,43874,False,ascii,1.0,LF,783,.cpp,text/x-c++src,False,2026-06-12T15:44:00.658259+00:00
Open3D/cpp/pybind/visualization/rendering/rendering.h,693,False,ascii,1.0,LF,21,.h,text/x-chdr,False,2026-06-12T15:44:00.658259+00:00
Open3D/cpp/pybind/visualization/webrtc_server/webrtc_window_system.cpp,4489,False,ascii,1.0,LF,102,.cpp,text/x-c++src,False,2026-06-12T15:44:00.658259+00:00
Open3D/cpp/pybind/visualization/webrtc_server/webrtc_window_system.h,709,False,ascii,1.0,LF,21,.h,text/x-chdr,False,2026-06-12T15:44:00.662413+00:00
Open3D/cpp/tests/CMakeLists.txt,2098,False,ascii,1.0,LF,74,.txt,text/plain,False,2026-06-12T15:44:00.662413+00:00
Open3D/cpp/tests/Main.cpp,1522,False,ascii,1.0,LF,52,.cpp,text/x-c++src,False,2026-06-12T15:44:00.662413+00:00
Open3D/cpp/tests/Tests.cpp,726,False,ascii,1.0,LF,21,.cpp,text/x-c++src,False,2026-06-12T15:44:00.662413+00:00
Open3D/cpp/tests/Tests.h,2130,False,ascii,1.0,LF,51,.h,text/x-chdr,False,2026-06-12T15:44:00.662413+00:00
Open3D/cpp/tests/camera/CMakeLists.txt,126,False,ascii,1.0,LF,5,.txt,text/plain,False,2026-06-12T15:44:00.662413+00:00
Open3D/cpp/tests/camera/PinholeCameraIntrinsic.cpp,6077,False,ascii,1.0,LF,239,.cpp,text/x-c++src,False,2026-06-12T15:44:00.662413+00:00
Open3D/cpp/tests/camera/PinholeCameraParameters.cpp,594,False,ascii,1.0,LF,18,.cpp,text/x-c++src,False,2026-06-12T15:44:00.662413+00:00
Open3D/cpp/tests/camera/PinholeCameraTrajectory.cpp,2028,False,ascii,1.0,LF,61,.cpp,text/x-c++src,False,2026-06-12T15:44:00.662413+00:00
Open3D/cpp/tests/core/Blob.cpp,1536,False,ascii,1.0,LF,49,.cpp,text/x-c++src,False,2026-06-12T15:44:00.662413+00:00
Open3D/cpp/tests/core/CMakeLists.txt,973,False,ascii,1.0,LF,47,.txt,text/plain,False,2026-06-12T15:44:00.662413+00:00
Open3D/cpp/tests/core/CUDAUtils.cpp,3882,False,ascii,1.0,LF,125,.cpp,text/x-c++src,False,2026-06-12T15:44:00.662413+00:00
Open3D/cpp/tests/core/CoreTest.cpp,6210,False,ascii,1.0,LF,173,.cpp,text/x-c++src,False,2026-06-12T15:44:00.662413+00:00
Open3D/cpp/tests/core/CoreTest.h,2292,False,ascii,1.0,LF,71,.h,text/x-chdr,False,2026-06-12T15:44:00.662413+00:00
Open3D/cpp/tests/core/Device.cpp,1466,False,ascii,1.0,LF,47,.cpp,text/x-c++src,False,2026-06-12T15:44:00.662413+00:00
Open3D/cpp/tests/core/EigenConverter.cpp,3704,False,ascii,1.0,LF,90,.cpp,text/x-c++src,False,2026-06-12T15:44:00.662413+00:00
Open3D/cpp/tests/core/FixedRadiusIndex.cpp,19751,False,ascii,1.0,LF,441,.cpp,text/x-c++src,False,2026-06-12T15:44:00.662413+00:00
Open3D/cpp/tests/core/HashMap.cpp,21093,False,ascii,1.0,LF,587,.cpp,text/x-c++src,False,2026-06-12T15:44:00.662413+00:00
Open3D/cpp/tests/core/Indexer.cpp,11680,False,ascii,1.0,LF,260,.cpp,text/x-c++src,False,2026-06-12T15:44:00.662413+00:00
Open3D/cpp/tests/core/Indexer.ispc,2003,False,ascii,1.0,LF,46,.ispc,,False,2026-06-12T15:44:00.662413+00:00
Open3D/cpp/tests/core/KnnIndex.cpp,15367,False,ascii,1.0,LF,335,.cpp,text/x-c++src,False,2026-06-12T15:44:00.662413+00:00
Open3D/cpp/tests/core/Linalg.cpp,24286,False,ascii,1.0,LF,569,.cpp,text/x-c++src,False,2026-06-12T15:44:00.662413+00:00
Open3D/cpp/tests/core/MemoryManager.cpp,18057,False,ascii,1.0,LF,544,.cpp,text/x-c++src,False,2026-06-12T15:44:00.662413+00:00
Open3D/cpp/tests/core/NanoFlannIndex.cpp,8109,False,ascii,1.0,LF,190,.cpp,text/x-c++src,False,2026-06-12T15:44:00.662413+00:00
Open3D/cpp/tests/core/NearestNeighborSearch.cpp,16552,False,ascii,1.0,LF,380,.cpp,text/x-c++src,False,2026-06-12T15:44:00.662413+00:00
Open3D/cpp/tests/core/ParallelFor.cpp,19787,False,ascii,1.0,LF,625,.cpp,text/x-c++src,False,2026-06-12T15:44:00.662413+00:00
Open3D/cpp/tests/core/ParallelFor.cu,1714,False,ascii,1.0,LF,49,.cu,application/cu-seeme,False,2026-06-12T15:44:00.662413+00:00
Open3D/cpp/tests/core/ParallelFor.ispc,15462,False,ascii,1.0,LF,333,.ispc,,False,2026-06-12T15:44:00.662413+00:00
Open3D/cpp/tests/core/ParallelForSYCL.cpp,2197,False,ascii,1.0,LF,65,.cpp,text/x-c++src,False,2026-06-12T15:44:00.662413+00:00
Open3D/cpp/tests/core/SYCLUtils.cpp,2308,False,ascii,1.0,LF,72,.cpp,text/x-c++src,False,2026-06-12T15:44:00.662413+00:00
Open3D/cpp/tests/core/Scalar.cpp,3914,False,ascii,1.0,LF,105,.cpp,text/x-c++src,False,2026-06-12T15:44:00.662413+00:00
Open3D/cpp/tests/core/ShapeUtil.cpp,9678,False,ascii,1.0,LF,199,.cpp,text/x-c++src,False,2026-06-12T15:44:00.662413+00:00
Open3D/cpp/tests/core/SizeVector.cpp,1026,False,ascii,1.0,LF,29,.cpp,text/x-c++src,False,2026-06-12T15:44:00.662413+00:00
Open3D/cpp/tests/core/Tensor.cpp,148751,False,ascii,1.0,LF,1604,.cpp,text/x-c++src,False,2026-06-12T15:44:00.666568+00:00
Open3D/cpp/tests/core/TensorCheck.cpp,8679,False,ascii,1.0,LF,204,.cpp,text/x-c++src,False,2026-06-12T15:44:00.666568+00:00
Open3D/cpp/tests/core/TensorFunction.cpp,13182,False,ascii,1.0,LF,326,.cpp,text/x-c++src,False,2026-06-12T15:44:00.666568+00:00
Open3D/cpp/tests/core/TensorList.cpp,16249,False,ascii,1.0,LF,426,.cpp,text/x-c++src,False,2026-06-12T15:44:00.666568+00:00
Open3D/cpp/tests/core/TensorObject.cpp,10708,False,ascii,1.0,LF,285,.cpp,text/x-c++src,False,2026-06-12T15:44:00.666568+00:00
Open3D/cpp/tests/data/CMakeLists.txt,47,False,ascii,1.0,LF,3,.txt,text/plain,False,2026-06-12T15:44:00.666568+00:00
Open3D/cpp/tests/data/Dataset.cpp,52385,False,ascii,1.0,LF,1175,.cpp,text/x-c++src,False,2026-06-12T15:44:00.666568+00:00
Open3D/cpp/tests/geometry/AccumulatedPoint.cpp,607,False,ascii,1.0,LF,16,.cpp,text/x-c++src,False,2026-06-12T15:44:00.666568+00:00
Open3D/cpp/tests/geometry/AxisAlignedBoundingBox.cpp,9820,False,ascii,1.0,LF,276,.cpp,text/x-c++src,False,2026-06-12T15:44:00.666568+00:00
Open3D/cpp/tests/geometry/CMakeLists.txt,339,False,ascii,1.0,LF,17,.txt,text/plain,False,2026-06-12T15:44:00.666568+00:00
Open3D/cpp/tests/geometry/EstimateNormals.cpp,641,False,ascii,1.0,LF,18,.cpp,text/x-c++src,False,2026-06-12T15:44:00.666568+00:00
Open3D/cpp/tests/geometry/HalfEdgeTriangleMesh.cpp,20801,False,ascii,1.0,LF,489,.cpp,text/x-c++src,False,2026-06-12T15:44:00.666568+00:00
Open3D/cpp/tests/geometry/Image.cpp,40457,False,ascii,1.0,LF,1157,.cpp,text/x-c++src,False,2026-06-12T15:44:00.666568+00:00
Open3D/cpp/tests/geometry/IntersectionTest.cpp,2606,False,ascii,1.0,LF,71,.cpp,text/x-c++src,False,2026-06-12T15:44:00.666568+00:00
Open3D/cpp/tests/geometry/KDTreeFlann.cpp,4190,False,ascii,1.0,LF,129,.cpp,text/x-c++src,False,2026-06-12T15:44:00.666568+00:00
Open3D/cpp/tests/geometry/Line3D.cpp,31652,False,ascii,1.0,LF,822,.cpp,text/x-c++src,False,2026-06-12T15:44:00.666568+00:00
Open3D/cpp/tests/geometry/LineSet.cpp,13886,False,ascii,1.0,LF,463,.cpp,text/x-c++src,False,2026-06-12T15:44:00.666568+00:00
Open3D/cpp/tests/geometry/Octree.cpp,16042,False,ascii,1.0,LF,410,.cpp,text/x-c++src,False,2026-06-12T15:44:00.666568+00:00
Open3D/cpp/tests/geometry/PointCloud.cpp,58915,False,ascii,1.0,LF,1542,.cpp,text/x-c++src,False,2026-06-12T15:44:00.666568+00:00
Open3D/cpp/tests/geometry/RGBDImage.cpp,12466,False,ascii,1.0,LF,306,.cpp,text/x-c++src,False,2026-06-12T15:44:00.666568+00:00
Open3D/cpp/tests/geometry/TetraMesh.cpp,23771,False,ascii,1.0,LF,695,.cpp,text/x-c++src,False,2026-06-12T15:44:00.666568+00:00
Open3D/cpp/tests/geometry/TriangleMesh.cpp,123349,False,ascii,1.0,LF,1572,.cpp,text/x-c++src,False,2026-06-12T15:44:00.666568+00:00
Open3D/cpp/tests/geometry/VoxelGrid.cpp,8787,False,ascii,1.0,LF,216,.cpp,text/x-c++src,False,2026-06-12T15:44:00.666568+00:00
Open3D/cpp/tests/io/CMakeLists.txt,837,False,ascii,1.0,LF,38,.txt,text/plain,False,2026-06-12T15:44:00.666568+00:00
Open3D/cpp/tests/io/FeatureIO.cpp,762,False,ascii,1.0,LF,22,.cpp,text/x-c++src,False,2026-06-12T15:44:00.666568+00:00
Open3D/cpp/tests/io/FileFormatIO.cpp,6562,False,ascii,1.0,LF,201,.cpp,text/x-c++src,False,2026-06-12T15:44:00.666568+00:00
Open3D/cpp/tests/io/IJsonConvertibleIO.cpp,1037,False,ascii,1.0,LF,34,.cpp,text/x-c++src,False,2026-06-12T15:44:00.666568+00:00
Open3D/cpp/tests/io/ImageIO.cpp,940,False,ascii,1.0,LF,28,.cpp,text/x-c++src,False,2026-06-12T15:44:00.666568+00:00
Open3D/cpp/tests/io/OctreeIO.cpp,3151,False,ascii,1.0,LF,90,.cpp,text/x-c++src,False,2026-06-12T15:44:00.666568+00:00
Open3D/cpp/tests/io/PinholeCameraTrajectoryIO.cpp,1018,False,ascii,1.0,LF,35,.cpp,text/x-c++src,False,2026-06-12T15:44:00.666568+00:00
Open3D/cpp/tests/io/PointCloudIO.cpp,18940,False,ascii,1.0,LF,483,.cpp,text/x-c++src,False,2026-06-12T15:44:00.666568+00:00
Open3D/cpp/tests/io/PoseGraphIO.cpp,710,False,ascii,1.0,LF,20,.cpp,text/x-c++src,False,2026-06-12T15:44:00.666568+00:00
Open3D/cpp/tests/io/TriangleMeshIO.cpp,1716,False,ascii,1.0,LF,53,.cpp,text/x-c++src,False,2026-06-12T15:44:00.666568+00:00
Open3D/cpp/tests/io/VoxelGridIO.cpp,2420,False,ascii,1.0,LF,57,.cpp,text/x-c++src,False,2026-06-12T15:44:00.666568+00:00
Open3D/cpp/tests/io/file_format/FileBIN.cpp,776,False,ascii,1.0,LF,22,.cpp,text/x-c++src,False,2026-06-12T15:44:00.670723+00:00
Open3D/cpp/tests/io/file_format/FileGLTF.cpp,2096,False,ascii,1.0,LF,56,.cpp,text/x-c++src,False,2026-06-12T15:44:00.670723+00:00
Open3D/cpp/tests/io/file_format/FileJPG.cpp,631,False,ascii,1.0,LF,18,.cpp,text/x-c++src,False,2026-06-12T15:44:00.670723+00:00
Open3D/cpp/tests/io/file_format/FileJSON.cpp,995,False,ascii,1.0,LF,30,.cpp,text/x-c++src,False,2026-06-12T15:44:00.670723+00:00
Open3D/cpp/tests/io/file_format/FileLOG.cpp,737,False,ascii,1.0,LF,20,.cpp,text/x-c++src,False,2026-06-12T15:44:00.670723+00:00
Open3D/cpp/tests/io/file_format/FilePCD.cpp,1463,False,ascii,1.0,LF,44,.cpp,text/x-c++src,False,2026-06-12T15:44:00.670723+00:00
Open3D/cpp/tests/io/file_format/FilePLY.cpp,1181,False,ascii,1.0,LF,34,.cpp,text/x-c++src,False,2026-06-12T15:44:00.670723+00:00
Open3D/cpp/tests/io/file_format/FilePNG.cpp,699,False,ascii,1.0,LF,20,.cpp,text/x-c++src,False,2026-06-12T15:44:00.670723+00:00
Open3D/cpp/tests/io/file_format/FilePTS.cpp,838,False,ascii,1.0,LF,24,.cpp,text/x-c++src,False,2026-06-12T15:44:00.670723+00:00
Open3D/cpp/tests/io/file_format/FileSTL.cpp,1252,False,ascii,1.0,LF,36,.cpp,text/x-c++src,False,2026-06-12T15:44:00.670723+00:00
Open3D/cpp/tests/io/file_format/FileXYZ.cpp,794,False,ascii,1.0,LF,22,.cpp,text/x-c++src,False,2026-06-12T15:44:00.670723+00:00
Open3D/cpp/tests/io/file_format/FileXYZN.cpp,645,False,ascii,1.0,LF,18,.cpp,text/x-c++src,False,2026-06-12T15:44:00.670723+00:00
Open3D/cpp/tests/io/file_format/FileXYZRGB.cpp,653,False,ascii,1.0,LF,18,.cpp,text/x-c++src,False,2026-06-12T15:44:00.670723+00:00
Open3D/cpp/tests/io/rpc/RemoteFunctions.cpp,7378,False,ascii,1.0,LF,228,.cpp,text/x-c++src,False,2026-06-12T15:44:00.670723+00:00
Open3D/cpp/tests/io/sensor/AzureKinect/AzureKinectSensorConfig.cpp,3395,False,ascii,1.0,LF,90,.cpp,text/x-c++src,False,2026-06-12T15:44:00.670723+00:00
Open3D/cpp/tests/ml/CMakeLists.txt,53,False,ascii,1.0,LF,3,.txt,text/plain,False,2026-06-12T15:44:00.670723+00:00
Open3D/cpp/tests/ml/ShapeChecking.cpp,3510,False,ascii,1.0,LF,104,.cpp,text/x-c++src,False,2026-06-12T15:44:00.670723+00:00
Open3D/cpp/tests/pipelines/CMakeLists.txt,690,False,ascii,1.0,LF,23,.txt,text/plain,False,2026-06-12T15:44:00.670723+00:00
Open3D/cpp/tests/pipelines/integration/ScalableTSDFVolume.cpp,1434,False,ascii,1.0,LF,40,.cpp,text/x-c++src,False,2026-06-12T15:44:00.670723+00:00
Open3D/cpp/tests/pipelines/integration/UniformTSDFVolume.cpp,6368,False,ascii,1.0,LF,175,.cpp,text/x-c++src,False,2026-06-12T15:44:00.670723+00:00
Open3D/cpp/tests/pipelines/odometry/Odometry.cpp,793,False,ascii,1.0,LF,24,.cpp,text/x-c++src,False,2026-06-12T15:44:00.670723+00:00
Open3D/cpp/tests/pipelines/odometry/OdometryOption.cpp,700,False,ascii,1.0,LF,20,.cpp,text/x-c++src,False,2026-06-12T15:44:00.670723+00:00
Open3D/cpp/tests/pipelines/odometry/OdometryTools.cpp,4421,False,ascii,1.0,LF,114,.cpp,text/x-c++src,False,2026-06-12T15:44:00.670723+00:00
Open3D/cpp/tests/pipelines/odometry/OdometryTools.h,1954,False,ascii,1.0,LF,47,.h,text/x-chdr,False,2026-06-12T15:44:00.670723+00:00
Open3D/cpp/tests/pipelines/odometry/RGBDOdometryJacobianFromColorTerm.cpp,3773,False,ascii,1.0,LF,93,.cpp,text/x-c++src,False,2026-06-12T15:44:00.670723+00:00
Open3D/cpp/tests/pipelines/odometry/RGBDOdometryJacobianFromHybridTerm.cpp,4881,False,ascii,1.0,LF,114,.cpp,text/x-c++src,False,2026-06-12T15:44:00.670723+00:00
Open3D/cpp/tests/pipelines/registration/CorrespondenceChecker.cpp,1094,False,ascii,1.0,LF,34,.cpp,text/x-c++src,False,2026-06-12T15:44:00.670723+00:00
Open3D/cpp/tests/pipelines/registration/FastGlobalRegistration.cpp,819,False,ascii,1.0,LF,24,.cpp,text/x-c++src,False,2026-06-12T15:44:00.670723+00:00
Open3D/cpp/tests/pipelines/registration/Feature.cpp,800,False,ascii,1.0,LF,24,.cpp,text/x-c++src,False,2026-06-12T15:44:00.670723+00:00
Open3D/cpp/tests/pipelines/registration/GeneralizedICP.cpp,869,False,ascii,1.0,LF,21,.cpp,text/x-c++src,False,2026-06-12T15:44:00.670723+00:00
Open3D/cpp/tests/pipelines/registration/GlobalOptimization.cpp,1026,False,ascii,1.0,LF,34,.cpp,text/x-c++src,False,2026-06-12T15:44:00.670723+00:00
Open3D/cpp/tests/pipelines/registration/GlobalOptimizationConvergenceCriteria.cpp,887,False,ascii,1.0,LF,30,.cpp,text/x-c++src,False,2026-06-12T15:44:00.670723+00:00
Open3D/cpp/tests/pipelines/registration/PoseGraph.cpp,949,False,ascii,1.0,LF,28,.cpp,text/x-c++src,False,2026-06-12T15:44:00.674877+00:00
Open3D/cpp/tests/pipelines/registration/Registration.cpp,1437,False,ascii,1.0,LF,46,.cpp,text/x-c++src,False,2026-06-12T15:44:00.674877+00:00
Open3D/cpp/tests/pipelines/registration/TransformationEstimation.cpp,1206,False,ascii,1.0,LF,38,.cpp,text/x-c++src,False,2026-06-12T15:44:00.674877+00:00
Open3D/cpp/tests/t/geometry/AxisAlignedBoundingBox.cpp,13088,False,ascii,1.0,LF,339,.cpp,text/x-c++src,False,2026-06-12T15:44:00.674877+00:00
Open3D/cpp/tests/t/geometry/CMakeLists.txt,252,False,ascii,1.0,LF,12,.txt,text/plain,False,2026-06-12T15:44:00.674877+00:00
Open3D/cpp/tests/t/geometry/Image.cpp,34591,False,ascii,1.0,LF,921,.cpp,text/x-c++src,False,2026-06-12T15:44:00.674877+00:00
Open3D/cpp/tests/t/geometry/LineSet.cpp,16401,False,ascii,1.0,LF,411,.cpp,text/x-c++src,False,2026-06-12T15:44:00.674877+00:00
Open3D/cpp/tests/t/geometry/OrientedBoundingBox.cpp,16314,False,ascii,1.0,LF,381,.cpp,text/x-c++src,False,2026-06-12T15:44:00.674877+00:00
Open3D/cpp/tests/t/geometry/OrientedBoundingEllipsoid.cpp,3301,False,utf-8,0.8021,LF,79,.cpp,text/x-c++src,False,2026-06-12T15:44:00.674877+00:00
Open3D/cpp/tests/t/geometry/PointCloud.cpp,62002,False,utf-8,0.8006,LF,1420,.cpp,text/x-c++src,False,2026-06-12T15:44:00.674877+00:00
Open3D/cpp/tests/t/geometry/TensorMap.cpp,3931,False,ascii,1.0,LF,111,.cpp,text/x-c++src,False,2026-06-12T15:44:00.674877+00:00
Open3D/cpp/tests/t/geometry/TriangleMesh.cpp,82016,False,ascii,1.0,LF,1388,.cpp,text/x-c++src,False,2026-06-12T15:44:00.674877+00:00
Open3D/cpp/tests/t/geometry/VoxelBlockGrid.cpp,19660,False,ascii,1.0,LF,462,.cpp,text/x-c++src,False,2026-06-12T15:44:00.674877+00:00
Open3D/cpp/tests/t/geometry/VtkUtils.cpp,4878,False,ascii,1.0,LF,147,.cpp,text/x-c++src,False,2026-06-12T15:44:00.674877+00:00
Open3D/cpp/tests/t/io/CMakeLists.txt,107,False,ascii,1.0,LF,6,.txt,text/plain,False,2026-06-12T15:44:00.674877+00:00
Open3D/cpp/tests/t/io/ImageIO.cpp,9870,False,ascii,1.0,LF,238,.cpp,text/x-c++src,False,2026-06-12T15:44:00.674877+00:00
Open3D/cpp/tests/t/io/NumpyIO.cpp,5505,False,ascii,1.0,LF,161,.cpp,text/x-c++src,False,2026-06-12T15:44:00.674877+00:00
Open3D/cpp/tests/t/io/PointCloudIO.cpp,28156,False,ascii,1.0,LF,674,.cpp,text/x-c++src,False,2026-06-12T15:44:00.674877+00:00
Open3D/cpp/tests/t/io/TriangleMeshIO.cpp,11063,False,utf-8,0.8002,LF,244,.cpp,text/x-c++src,False,2026-06-12T15:44:00.674877+00:00
Open3D/cpp/tests/t/pipelines/CMakeLists.txt,341,False,ascii,1.0,LF,18,.txt,text/plain,False,2026-06-12T15:44:00.674877+00:00
Open3D/cpp/tests/t/pipelines/TransformationConverter.cpp,1979,False,ascii,1.0,LF,50,.cpp,text/x-c++src,False,2026-06-12T15:44:00.674877+00:00
Open3D/cpp/tests/t/pipelines/odometry/RGBDOdometry.cpp,13129,False,ascii,1.0,LF,308,.cpp,text/x-c++src,False,2026-06-12T15:44:00.674877+00:00
Open3D/cpp/tests/t/pipelines/registration/Feature.cpp,7328,False,ascii,1.0,LF,168,.cpp,text/x-c++src,False,2026-06-12T15:44:00.674877+00:00
Open3D/cpp/tests/t/pipelines/registration/Registration.cpp,22474,False,ascii,1.0,LF,522,.cpp,text/x-c++src,False,2026-06-12T15:44:00.674877+00:00
Open3D/cpp/tests/t/pipelines/registration/TransformationEstimation.cpp,7941,False,ascii,1.0,LF,175,.cpp,text/x-c++src,False,2026-06-12T15:44:00.679032+00:00
Open3D/cpp/tests/t/pipelines/slac/ControlGrid.cpp,2712,False,ascii,1.0,LF,81,.cpp,text/x-c++src,False,2026-06-12T15:44:00.679032+00:00
Open3D/cpp/tests/t/pipelines/slac/SLAC.cpp,11855,False,ascii,1.0,LF,277,.cpp,text/x-c++src,False,2026-06-12T15:44:00.679032+00:00
Open3D/cpp/tests/test_utility/CMakeLists.txt,85,False,ascii,1.0,LF,6,.txt,text/plain,False,2026-06-12T15:44:00.679032+00:00
Open3D/cpp/tests/test_utility/Compare.cpp,3474,False,ascii,1.0,LF,96,.cpp,text/x-c++src,False,2026-06-12T15:44:00.679032+00:00
Open3D/cpp/tests/test_utility/Compare.h,6372,False,ascii,1.0,LF,169,.h,text/x-chdr,False,2026-06-12T15:44:00.679032+00:00
Open3D/cpp/tests/test_utility/Print.h,4402,False,ascii,1.0,LF,154,.h,text/x-chdr,False,2026-06-12T15:44:00.679032+00:00
Open3D/cpp/tests/test_utility/Rand.cpp,10695,False,ascii,1.0,LF,298,.cpp,text/x-c++src,False,2026-06-12T15:44:00.679032+00:00
Open3D/cpp/tests/test_utility/Rand.h,3888,False,ascii,1.0,LF,134,.h,text/x-chdr,False,2026-06-12T15:44:00.679032+00:00
Open3D/cpp/tests/test_utility/Raw.cpp,8205,False,ascii,1.0,LF,155,.cpp,text/x-c++src,False,2026-06-12T15:44:00.679032+00:00
Open3D/cpp/tests/test_utility/Raw.h,1633,False,ascii,1.0,LF,78,.h,text/x-chdr,False,2026-06-12T15:44:00.679032+00:00
Open3D/cpp/tests/test_utility/Sort.cpp,2644,False,ascii,1.0,LF,92,.cpp,text/x-c++src,False,2026-06-12T15:44:00.679032+00:00
Open3D/cpp/tests/test_utility/Sort.h,4230,False,ascii,1.0,LF,121,.h,text/x-chdr,False,2026-06-12T15:44:00.679032+00:00
Open3D/cpp/tests/utility/CMakeLists.txt,330,False,ascii,1.0,LF,20,.txt,text/plain,False,2026-06-12T15:44:00.679032+00:00
Open3D/cpp/tests/utility/Download.cpp,1828,False,ascii,1.0,LF,49,.cpp,text/x-c++src,False,2026-06-12T15:44:00.679032+00:00
Open3D/cpp/tests/utility/Eigen.cpp,8900,False,ascii,1.0,LF,276,.cpp,text/x-c++src,False,2026-06-12T15:44:00.679032+00:00
Open3D/cpp/tests/utility/Extract.cpp,2010,False,ascii,1.0,LF,50,.cpp,text/x-c++src,False,2026-06-12T15:44:00.679032+00:00
Open3D/cpp/tests/utility/FileSystem.cpp,18066,False,ascii,1.0,LF,545,.cpp,text/x-c++src,False,2026-06-12T15:44:00.679032+00:00
Open3D/cpp/tests/utility/Helper.cpp,2017,False,ascii,1.0,LF,70,.cpp,text/x-c++src,False,2026-06-12T15:44:00.679032+00:00
Open3D/cpp/tests/utility/Helper.ispc,642,False,ascii,1.0,LF,17,.ispc,,False,2026-06-12T15:44:00.679032+00:00
Open3D/cpp/tests/utility/IJsonConvertible.cpp,6441,False,ascii,1.0,LF,195,.cpp,text/x-c++src,False,2026-06-12T15:44:00.679032+00:00
Open3D/cpp/tests/utility/ISAInfo.cpp,726,False,ascii,1.0,LF,22,.cpp,text/x-c++src,False,2026-06-12T15:44:00.679032+00:00
Open3D/cpp/tests/utility/Logging.cpp,764,False,ascii,1.0,LF,25,.cpp,text/x-c++src,False,2026-06-12T15:44:00.679032+00:00
Open3D/cpp/tests/utility/Preprocessor.cpp,2437,False,ascii,1.0,LF,80,.cpp,text/x-c++src,False,2026-06-12T15:44:00.679032+00:00
Open3D/cpp/tests/utility/ProgressBar.cpp,1489,False,ascii,1.0,LF,45,.cpp,text/x-c++src,False,2026-06-12T15:44:00.679032+00:00
Open3D/cpp/tests/utility/Random.cpp,1782,False,ascii,1.0,LF,52,.cpp,text/x-c++src,False,2026-06-12T15:44:00.679032+00:00
Open3D/cpp/tests/utility/Timer.cpp,1117,False,ascii,1.0,LF,36,.cpp,text/x-c++src,False,2026-06-12T15:44:00.679032+00:00
Open3D/cpp/tests/visualization/CMakeLists.txt,101,False,ascii,1.0,LF,5,.txt,text/plain,False,2026-06-12T15:44:00.679032+00:00
Open3D/cpp/tests/visualization/rendering/MaterialModifier.cpp,1264,False,ascii,1.0,LF,37,.cpp,text/x-c++src,False,2026-06-12T15:44:00.679032+00:00
Open3D/cpp/tests/visualization/rendering/testdata/GaussianSplatRender_RenderToImage.png,115,True,,0.0,N/A,0,.png,image/png,False,2026-06-12T15:44:00.679032+00:00
Open3D/cpp/tools/CMakeLists.txt,1203,False,ascii,1.0,LF,34,.txt,text/plain,False,2026-06-12T15:44:00.679032+00:00
Open3D/cpp/tools/ConvertPointCloud.cpp,9610,False,ascii,1.0,LF,204,.cpp,text/x-c++src,False,2026-06-12T15:44:00.679032+00:00
Open3D/cpp/tools/GLInfo.cpp,4084,False,ascii,1.0,LF,106,.cpp,text/x-c++src,False,2026-06-12T15:44:00.683187+00:00
Open3D/cpp/tools/ManuallyCropGeometry.cpp,2952,False,ascii,1.0,LF,69,.cpp,text/x-c++src,False,2026-06-12T15:44:00.683187+00:00
Open3D/cpp/tools/MergeMesh.cpp,2393,False,ascii,1.0,LF,59,.cpp,text/x-c++src,False,2026-06-12T15:44:00.683187+00:00
Open3D/cpp/tools/ViewGeometry.cpp,9891,False,ascii,1.0,LF,218,.cpp,text/x-c++src,False,2026-06-12T15:44:00.683187+00:00
Open3D/cpp/tools/ManuallyAlignPointCloud/AlignmentSession.cpp,2691,False,ascii,1.0,LF,72,.cpp,text/x-c++src,False,2026-06-12T15:44:00.683187+00:00
Open3D/cpp/tools/ManuallyAlignPointCloud/AlignmentSession.h,1244,False,ascii,1.0,LF,32,.h,text/x-chdr,False,2026-06-12T15:44:00.683187+00:00
Open3D/cpp/tools/ManuallyAlignPointCloud/ManuallyAlignPointCloud.cpp,10558,False,ascii,1.0,LF,224,.cpp,text/x-c++src,False,2026-06-12T15:44:00.683187+00:00
Open3D/cpp/tools/ManuallyAlignPointCloud/VisualizerForAlignment.cpp,16115,False,ascii,1.0,LF,354,.cpp,text/x-c++src,False,2026-06-12T15:44:00.683187+00:00
Open3D/cpp/tools/ManuallyAlignPointCloud/VisualizerForAlignment.h,2739,False,ascii,1.0,LF,65,.h,text/x-chdr,False,2026-06-12T15:44:00.683187+00:00
Open3D/docker/Dockerfile.ci,9675,False,ascii,1.0,LF,225,.ci,,False,2026-06-12T15:44:00.683187+00:00
Open3D/docker/Dockerfile.docs,2864,False,ascii,1.0,LF,88,.docs,,False,2026-06-12T15:44:00.683187+00:00
Open3D/docker/Dockerfile.openblas,3824,False,ascii,1.0,LF,113,.openblas,,False,2026-06-12T15:44:00.683187+00:00
Open3D/docker/Dockerfile.wheel,6122,False,ascii,1.0,LF,155,.wheel,,False,2026-06-12T15:44:00.683187+00:00
Open3D/docker/README.md,4487,False,ascii,1.0,LF,148,.md,text/markdown,False,2026-06-12T15:44:00.683187+00:00
Open3D/docker/docker_build.sh,20546,False,ascii,1.0,LF,607,.sh,text/x-sh,False,2026-06-12T15:44:00.683187+00:00
Open3D/docker/docker_test.sh,12628,False,ascii,1.0,LF,375,.sh,text/x-sh,False,2026-06-12T15:44:00.683187+00:00
Open3D/docs/CMakeLists.txt,335,False,ascii,1.0,LF,6,.txt,text/plain,False,2026-06-12T15:44:00.683187+00:00
Open3D/docs/Doxyfile.in,119138,False,ascii,1.0,LF,1498,.in,,False,2026-06-12T15:44:00.683187+00:00
Open3D/docs/arm.rst,7917,False,ascii,1.0,LF,190,.rst,text/prs.fallenstein.rst,False,2026-06-12T15:44:00.753816+00:00
Open3D/docs/builddocs.rst,3252,False,ascii,1.0,LF,118,.rst,text/prs.fallenstein.rst,False,2026-06-12T15:44:00.753816+00:00
Open3D/docs/compilation.rst,13202,False,ascii,1.0,LF,442,.rst,text/prs.fallenstein.rst,False,2026-06-12T15:44:00.753816+00:00
Open3D/docs/conf.py,9517,False,ascii,1.0,LF,300,.py,text/x-python,False,2026-06-12T15:44:00.753816+00:00
Open3D/docs/cpp_api.rst,320,False,ascii,1.0,LF,10,.rst,text/prs.fallenstein.rst,False,2026-06-12T15:44:00.753816+00:00
Open3D/docs/cpp_project.rst,1756,False,ascii,1.0,LF,42,.rst,text/prs.fallenstein.rst,False,2026-06-12T15:44:00.753816+00:00
Open3D/docs/docker.in.rst,7395,False,ascii,1.0,LF,178,.rst,text/prs.fallenstein.rst,False,2026-06-12T15:44:00.753816+00:00
Open3D/docs/documented_modules.txt,1323,False,ascii,1.0,LF,58,.txt,text/plain,False,2026-06-12T15:44:00.753816+00:00
Open3D/docs/getting_started.in.rst,12369,False,utf-8,0.8471,LF,270,.rst,text/prs.fallenstein.rst,False,2026-06-12T15:44:00.753816+00:00
Open3D/docs/index.rst,1920,False,ascii,1.0,LF,88,.rst,text/prs.fallenstein.rst,False,2026-06-12T15:44:00.757971+00:00
Open3D/docs/introduction.rst,104,False,ascii,1.0,LF,7,.rst,text/prs.fallenstein.rst,False,2026-06-12T15:44:00.757971+00:00
Open3D/docs/make.bat,651,False,ascii,1.0,CRLF,28,.bat,application/x-msdos-program,False,2026-06-12T15:44:00.766280+00:00
Open3D/docs/make_docs.py,27054,False,ascii,1.0,LF,715,.py,text/x-python,False,2026-06-12T15:44:00.766280+00:00
Open3D/docs/open3d_ml.rst,437,False,ascii,1.0,LF,14,.rst,text/prs.fallenstein.rst,False,2026-06-12T15:44:00.766280+00:00
Open3D/docs/poux_book.rst,2661,False,ascii,1.0,LF,58,.rst,text/prs.fallenstein.rst,False,2026-06-12T15:44:00.766280+00:00
Open3D/docs/release.md,2086,False,ascii,1.0,LF,42,.md,text/markdown,False,2026-06-12T15:44:00.766280+00:00
Open3D/docs/requirements.txt,232,False,ascii,1.0,LF,13,.txt,text/plain,False,2026-06-12T15:44:00.766280+00:00
Open3D/docs/sycl.rst,5889,False,ascii,1.0,LF,140,.rst,text/prs.fallenstein.rst,False,2026-06-12T15:44:00.766280+00:00
Open3D/docs/versions.js,3602,False,ascii,1.0,LF,81,.js,text/javascript,False,2026-06-12T15:44:00.774589+00:00
Open3D/docs/_static/google_analytics_header.html,2375,False,utf-8,0.95,LF,64,.html,text/html,False,2026-06-12T15:44:00.691496+00:00
Open3D/docs/_static/open3d_logo.ico,34494,True,,0.0,N/A,0,.ico,image/vnd.microsoft.icon,False,2026-06-12T15:44:00.691496+00:00
Open3D/docs/_static/open3d_logo_horizontal.png,46900,True,,0.0,N/A,0,.png,image/png,False,2026-06-12T15:44:00.691496+00:00
Open3D/docs/_static/open3d_viewer.png,530613,True,,0.0,N/A,0,.png,image/png,False,2026-06-12T15:44:00.695651+00:00
Open3D/docs/_static/contribute/example_python_docstring.webp,80578,True,,0.0,N/A,0,.webp,image/webp,False,2026-06-12T15:44:00.683187+00:00
Open3D/docs/_static/css/furo_overrides.css,1374,False,ascii,1.0,LF,55,.css,text/css,False,2026-06-12T15:44:00.683187+00:00
Open3D/docs/_static/docker/Dockerfile,1124,False,ascii,1.0,LF,64,,,False,2026-06-12T15:44:00.683187+00:00
Open3D/docs/_static/geometry/uvmaps/uv1.png,48020,True,,0.0,N/A,0,.png,image/png,False,2026-06-12T15:44:00.683187+00:00
Open3D/docs/_static/geometry/uvmaps/uv10.png,252768,True,,0.0,N/A,0,.png,image/png,False,2026-06-12T15:44:00.687341+00:00
Open3D/docs/_static/geometry/uvmaps/uv11.png,8343,True,,0.0,N/A,0,.png,image/png,False,2026-06-12T15:44:00.687341+00:00
Open3D/docs/_static/geometry/uvmaps/uv12.png,37623,True,,0.0,N/A,0,.png,image/png,False,2026-06-12T15:44:00.687341+00:00
Open3D/docs/_static/geometry/uvmaps/uv13.png,234578,True,,0.0,N/A,0,.png,image/png,False,2026-06-12T15:44:00.687341+00:00
Open3D/docs/_static/geometry/uvmaps/uv14.png,13689,True,,0.0,N/A,0,.png,image/png,False,2026-06-12T15:44:00.687341+00:00
Open3D/docs/_static/geometry/uvmaps/uv15.png,41548,True,,0.0,N/A,0,.png,image/png,False,2026-06-12T15:44:00.687341+00:00
Open3D/docs/_static/geometry/uvmaps/uv16.png,256939,True,,0.0,N/A,0,.png,image/png,False,2026-06-12T15:44:00.687341+00:00
Open3D/docs/_static/geometry/uvmaps/uv17.png,21574,True,,0.0,N/A,0,.png,image/png,False,2026-06-12T15:44:00.687341+00:00
Open3D/docs/_static/geometry/uvmaps/uv18.png,46864,True,,0.0,N/A,0,.png,image/png,False,2026-06-12T15:44:00.687341+00:00
Open3D/docs/_static/geometry/uvmaps/uv19.png,304681,True,,0.0,N/A,0,.png,image/png,False,2026-06-12T15:44:00.687341+00:00
Open3D/docs/_static/geometry/uvmaps/uv2.png,13580,True,,0.0,N/A,0,.png,image/png,False,2026-06-12T15:44:00.687341+00:00
Open3D/docs/_static/geometry/uvmaps/uv20.png,18859,True,,0.0,N/A,0,.png,image/png,False,2026-06-12T15:44:00.687341+00:00
Open3D/docs/_static/geometry/uvmaps/uv21.png,44878,True,,0.0,N/A,0,.png,image/png,False,2026-06-12T15:44:00.687341+00:00
Open3D/docs/_static/geometry/uvmaps/uv22.png,378873,True,,0.0,N/A,0,.png,image/png,False,2026-06-12T15:44:00.687341+00:00
Open3D/docs/_static/geometry/uvmaps/uv23.png,28767,True,,0.0,N/A,0,.png,image/png,False,2026-06-12T15:44:00.687341+00:00
Open3D/docs/_static/geometry/uvmaps/uv24.png,41084,True,,0.0,N/A,0,.png,image/png,False,2026-06-12T15:44:00.691496+00:00
Open3D/docs/_static/geometry/uvmaps/uv25.png,319207,True,,0.0,N/A,0,.png,image/png,False,2026-06-12T15:44:00.691496+00:00
Open3D/docs/_static/geometry/uvmaps/uv3.png,36114,True,,0.0,N/A,0,.png,image/png,False,2026-06-12T15:44:00.691496+00:00
Open3D/docs/_static/geometry/uvmaps/uv4.png,410801,True,,0.0,N/A,0,.png,image/png,False,2026-06-12T15:44:00.691496+00:00
Open3D/docs/_static/geometry/uvmaps/uv5.png,13580,True,,0.0,N/A,0,.png,image/png,False,2026-06-12T15:44:00.691496+00:00
Open3D/docs/_static/geometry/uvmaps/uv6.png,32111,True,,0.0,N/A,0,.png,image/png,False,2026-06-12T15:44:00.691496+00:00
Open3D/docs/_static/geometry/uvmaps/uv7.png,649621,True,,0.0,N/A,0,.png,image/png,False,2026-06-12T15:44:00.691496+00:00
Open3D/docs/_static/geometry/uvmaps/uv8.png,9088,True,,0.0,N/A,0,.png,image/png,False,2026-06-12T15:44:00.691496+00:00
Open3D/docs/_static/geometry/uvmaps/uv9.png,39425,True,,0.0,N/A,0,.png,image/png,False,2026-06-12T15:44:00.691496+00:00
Open3D/docs/_static/reconstruction_system/capture_your_own_dataset/recorder.png,310080,True,,0.0,N/A,0,.png,image/png,False,2026-06-12T15:44:00.695651+00:00
Open3D/docs/_static/reconstruction_system/integrate_scene/scene.png,449160,True,,0.0,N/A,0,.png,image/png,False,2026-06-12T15:44:00.695651+00:00
Open3D/docs/_static/reconstruction_system/make_fragments/fragment_0.png,92672,True,,0.0,N/A,0,.png,image/png,False,2026-06-12T15:44:00.695651+00:00
Open3D/docs/_static/reconstruction_system/make_fragments/fragment_1.png,87125,True,,0.0,N/A,0,.png,image/png,False,2026-06-12T15:44:00.699805+00:00
Open3D/docs/_static/reconstruction_system/make_fragments/fragment_2.png,90648,True,,0.0,N/A,0,.png,image/png,False,2026-06-12T15:44:00.699805+00:00
Open3D/docs/_static/reconstruction_system/make_fragments/fragment_3.png,113767,True,,0.0,N/A,0,.png,image/png,False,2026-06-12T15:44:00.699805+00:00
Open3D/docs/_static/visualization/webrtc_visualizer.gif,3074433,True,,0.0,N/A,0,.gif,image/gif,False,2026-06-12T15:44:00.753816+00:00
Open3D/docs/_static/visualization/customized_visualization/custom.png,677393,True,,0.0,N/A,0,.png,image/png,False,2026-06-12T15:44:00.699805+00:00
Open3D/docs/_static/visualization/customized_visualization/depth_small.gif,2413467,True,,0.0,N/A,0,.gif,image/gif,False,2026-06-12T15:44:00.712269+00:00
Open3D/docs/_static/visualization/customized_visualization/fov_5.png,74361,True,,0.0,N/A,0,.png,image/png,False,2026-06-12T15:44:00.712269+00:00
Open3D/docs/_static/visualization/customized_visualization/fov_90.png,75992,True,,0.0,N/A,0,.png,image/png,False,2026-06-12T15:44:00.712269+00:00
Open3D/docs/_static/visualization/customized_visualization/image_small.gif,2758896,True,,0.0,N/A,0,.gif,image/gif,False,2026-06-12T15:44:00.724733+00:00
Open3D/docs/_static/visualization/customized_visualization/key_k.png,710158,True,,0.0,N/A,0,.png,image/png,False,2026-06-12T15:44:00.724733+00:00
Open3D/docs/_static/visualization/customized_visualization/normal.png,897657,True,,0.0,N/A,0,.png,image/png,False,2026-06-12T15:44:00.724733+00:00
Open3D/docs/_static/visualization/customized_visualization/rotate_small.gif,1033869,True,,0.0,N/A,0,.gif,image/gif,False,2026-06-12T15:44:00.728888+00:00
Open3D/docs/_static/visualization/interactive_visualization/crop_freeview.png,56352,True,,0.0,N/A,0,.png,image/png,False,2026-06-12T15:44:00.728888+00:00
Open3D/docs/_static/visualization/interactive_visualization/crop_lock.png,49778,True,,0.0,N/A,0,.png,image/png,False,2026-06-12T15:44:00.728888+00:00
Open3D/docs/_static/visualization/interactive_visualization/crop_result.png,22296,True,,0.0,N/A,0,.png,image/png,False,2026-06-12T15:44:00.728888+00:00
Open3D/docs/_static/visualization/interactive_visualization/crop_save.png,20033,True,,0.0,N/A,0,.png,image/png,False,2026-06-12T15:44:00.728888+00:00
Open3D/docs/_static/visualization/interactive_visualization/crop_selection.png,49600,True,,0.0,N/A,0,.png,image/png,False,2026-06-12T15:44:00.728888+00:00
Open3D/docs/_static/visualization/interactive_visualization/manual_icp_alignment.png,185812,True,,0.0,N/A,0,.png,image/png,False,2026-06-12T15:44:00.728888+00:00
Open3D/docs/_static/visualization/interactive_visualization/manual_icp_initial.png,132088,True,,0.0,N/A,0,.png,image/png,False,2026-06-12T15:44:00.728888+00:00
Open3D/docs/_static/visualization/interactive_visualization/manual_icp_source.png,151189,True,,0.0,N/A,0,.png,image/png,False,2026-06-12T15:44:00.733043+00:00
Open3D/docs/_static/visualization/interactive_visualization/manual_icp_target.png,144114,True,,0.0,N/A,0,.png,image/png,False,2026-06-12T15:44:00.733043+00:00
Open3D/docs/_static/visualization/non_blocking_visualization/visualize_icp_iteration.gif,3019062,True,,0.0,N/A,0,.gif,image/gif,False,2026-06-12T15:44:00.745507+00:00
Open3D/docs/_static/visualization/visualization/badview.png,49582,True,,0.0,N/A,0,.png,image/png,False,2026-06-12T15:44:00.745507+00:00
Open3D/docs/_static/visualization/visualization/color.png,143319,True,,0.0,N/A,0,.png,image/png,False,2026-06-12T15:44:00.745507+00:00
Open3D/docs/_static/visualization/visualization/colormap_hot.png,125960,True,,0.0,N/A,0,.png,image/png,False,2026-06-12T15:44:00.745507+00:00
Open3D/docs/_static/visualization/visualization/colormap_jet.png,137323,True,,0.0,N/A,0,.png,image/png,False,2026-06-12T15:44:00.745507+00:00
Open3D/docs/_static/visualization/visualization/lineset.png,25540,True,,0.0,N/A,0,.png,image/png,False,2026-06-12T15:44:00.745507+00:00
Open3D/docs/_static/visualization/visualization/newview.png,164471,True,,0.0,N/A,0,.png,image/png,False,2026-06-12T15:44:00.745507+00:00
Open3D/docs/_static/visualization/visualization/premitive.png,37603,True,,0.0,N/A,0,.png,image/png,False,2026-06-12T15:44:00.745507+00:00
Open3D/docs/_templates/sidebar/variant-selector.html,929,False,ascii,1.0,LF,21,.html,text/html,False,2026-06-12T15:44:00.753816+00:00
Open3D/docs/contribute/contribute.rst,2170,False,utf-8,0.8032,LF,45,.rst,text/prs.fallenstein.rst,False,2026-06-12T15:44:00.753816+00:00
Open3D/docs/contribute/contribution_recipes.rst,16594,False,utf-8,0.8031,LF,266,.rst,text/prs.fallenstein.rst,False,2026-06-12T15:44:00.753816+00:00
Open3D/docs/contribute/example_python_docstring.rst,2635,False,ascii,1.0,LF,87,.rst,text/prs.fallenstein.rst,False,2026-06-12T15:44:00.753816+00:00
Open3D/docs/contribute/styleguide.rst,1844,False,ascii,1.0,LF,65,.rst,text/prs.fallenstein.rst,False,2026-06-12T15:44:00.753816+00:00
Open3D/docs/jupyter/jupyter_run_all.py,1966,False,ascii,1.0,LF,57,.py,text/x-python,False,2026-06-12T15:44:00.762125+00:00
Open3D/docs/jupyter/jupyter_strip_output.py,1485,False,ascii,1.0,LF,43,.py,text/x-python,False,2026-06-12T15:44:00.762125+00:00
Open3D/docs/jupyter/open3d_tutorial.py,4455,False,ascii,1.0,LF,156,.py,text/x-python,False,2026-06-12T15:44:00.762125+00:00
Open3D/docs/jupyter/core/hashmap.ipynb,27516,False,ascii,1.0,LF,754,.ipynb,,False,2026-06-12T15:44:00.757971+00:00
Open3D/docs/jupyter/core/tensor.ipynb,39252,False,ascii,1.0,LF,1245,.ipynb,,False,2026-06-12T15:44:00.757971+00:00
Open3D/docs/jupyter/geometry/distance_queries.ipynb,11900,False,ascii,1.0,LF,387,.ipynb,,False,2026-06-12T15:44:00.757971+00:00
Open3D/docs/jupyter/geometry/file_io.ipynb,8227,False,utf-8,0.8004,LF,213,.ipynb,,False,2026-06-12T15:44:00.757971+00:00
Open3D/docs/jupyter/geometry/half_edge_mesh.ipynb,3759,False,ascii,1.0,LF,125,.ipynb,,False,2026-06-12T15:44:00.757971+00:00
Open3D/docs/jupyter/geometry/iss_keypoint_detector.ipynb,6015,False,ascii,1.0,LF,151,.ipynb,,False,2026-06-12T15:44:00.762125+00:00
Open3D/docs/jupyter/geometry/kdtree.ipynb,4968,False,ascii,1.0,LF,160,.ipynb,,False,2026-06-12T15:44:00.762125+00:00
Open3D/docs/jupyter/geometry/mesh.ipynb,27141,False,utf-8,0.8001,LF,685,.ipynb,,False,2026-06-12T15:44:00.762125+00:00
Open3D/docs/jupyter/geometry/mesh_deformation.ipynb,4644,False,ascii,1.0,LF,119,.ipynb,,False,2026-06-12T15:44:00.762125+00:00
Open3D/docs/jupyter/geometry/octree.ipynb,7325,False,ascii,1.0,LF,195,.ipynb,,False,2026-06-12T15:44:00.762125+00:00
Open3D/docs/jupyter/geometry/pointcloud.ipynb,23953,False,ascii,1.0,LF,535,.ipynb,,False,2026-06-12T15:44:00.762125+00:00
Open3D/docs/jupyter/geometry/pointcloud_outlier_removal.ipynb,6351,False,ascii,1.0,LF,181,.ipynb,,False,2026-06-12T15:44:00.762125+00:00
Open3D/docs/jupyter/geometry/python_interface.ipynb,3295,False,ascii,1.0,LF,141,.ipynb,,False,2026-06-12T15:44:00.762125+00:00
Open3D/docs/jupyter/geometry/ray_casting.ipynb,8886,False,ascii,1.0,LF,330,.ipynb,,False,2026-06-12T15:44:00.762125+00:00
Open3D/docs/jupyter/geometry/rgbd_image.ipynb,11734,False,ascii,1.0,LF,326,.ipynb,,False,2026-06-12T15:44:00.762125+00:00
Open3D/docs/jupyter/geometry/surface_reconstruction.ipynb,12706,False,ascii,1.0,LF,303,.ipynb,,False,2026-06-12T15:44:00.762125+00:00
Open3D/docs/jupyter/geometry/transformation.ipynb,7641,False,ascii,1.0,LF,222,.ipynb,,False,2026-06-12T15:44:00.762125+00:00
Open3D/docs/jupyter/geometry/voxelization.ipynb,11630,False,ascii,1.0,LF,308,.ipynb,,False,2026-06-12T15:44:00.762125+00:00
Open3D/docs/jupyter/geometry/working_with_numpy.ipynb,3763,False,ascii,1.0,LF,121,.ipynb,,False,2026-06-12T15:44:00.762125+00:00
Open3D/docs/jupyter/geometry/images/distance_field_animation.gif,1284719,True,,0.0,N/A,0,.gif,image/gif,False,2026-06-12T15:44:00.762125+00:00
Open3D/docs/jupyter/pipelines/color_map_optimization.ipynb,8062,False,ascii,1.0,LF,215,.ipynb,,False,2026-06-12T15:44:00.762125+00:00
Open3D/docs/jupyter/pipelines/colored_pointcloud_registration.ipynb,9418,False,ascii,1.0,LF,212,.ipynb,,False,2026-06-12T15:44:00.762125+00:00
Open3D/docs/jupyter/pipelines/global_registration.ipynb,15625,False,ascii,1.0,LF,381,.ipynb,,False,2026-06-12T15:44:00.762125+00:00
Open3D/docs/jupyter/pipelines/icp_registration.ipynb,10421,False,ascii,1.0,LF,261,.ipynb,,False,2026-06-12T15:44:00.762125+00:00
Open3D/docs/jupyter/pipelines/multiway_registration.ipynb,14081,False,ascii,1.0,LF,283,.ipynb,,False,2026-06-12T15:44:00.762125+00:00
Open3D/docs/jupyter/pipelines/rgbd_integration.ipynb,6812,False,ascii,1.0,LF,189,.ipynb,,False,2026-06-12T15:44:00.762125+00:00
Open3D/docs/jupyter/pipelines/rgbd_odometry.ipynb,7953,False,ascii,1.0,LF,205,.ipynb,,False,2026-06-12T15:44:00.762125+00:00
Open3D/docs/jupyter/pipelines/robust_kernels.ipynb,13006,False,ascii,1.0,LF,320,.ipynb,,False,2026-06-12T15:44:00.762125+00:00
Open3D/docs/jupyter/t_geometry/pointcloud.ipynb,32513,False,ascii,1.0,LF,824,.ipynb,,False,2026-06-12T15:44:00.762125+00:00
Open3D/docs/jupyter/t_pipelines/t_icp_registration.ipynb,45679,False,ascii,1.0,LF,1288,.ipynb,,False,2026-06-12T15:44:00.766280+00:00
Open3D/docs/jupyter/t_pipelines/t_robust_kernel.ipynb,15052,False,ascii,1.0,LF,404,.ipynb,,False,2026-06-12T15:44:00.766280+00:00
Open3D/docs/jupyter/visualization/draw_plotly.ipynb,4296,False,ascii,1.0,LF,161,.ipynb,,False,2026-06-12T15:44:00.766280+00:00
Open3D/docs/jupyter/visualization/gaussian_splatting.ipynb,534991,False,utf-8,0.8025,LF,515,.ipynb,,False,2026-06-12T15:44:00.766280+00:00
Open3D/docs/jupyter/visualization/jupyter_visualization.ipynb,1244,False,ascii,1.0,LF,59,.ipynb,,False,2026-06-12T15:44:00.766280+00:00
Open3D/docs/jupyter/visualization/visualization.ipynb,9774,False,ascii,1.0,LF,251,.ipynb,,False,2026-06-12T15:44:00.766280+00:00
Open3D/docs/python_api_in/open3d.io.rpc.rst,906,False,ascii,1.0,LF,38,.rst,text/prs.fallenstein.rst,False,2026-06-12T15:44:00.766280+00:00
Open3D/docs/python_api_in/open3d.ml.tf.layers.rst,688,False,ascii,1.0,LF,30,.rst,text/prs.fallenstein.rst,False,2026-06-12T15:44:00.766280+00:00
Open3D/docs/python_api_in/open3d.ml.tf.ops.rst,1370,False,ascii,1.0,LF,43,.rst,text/prs.fallenstein.rst,False,2026-06-12T15:44:00.766280+00:00
Open3D/docs/python_api_in/open3d.ml.torch.layers.rst,720,False,ascii,1.0,LF,29,.rst,text/prs.fallenstein.rst,False,2026-06-12T15:44:00.766280+00:00
Open3D/docs/python_api_in/open3d.ml.torch.ops.rst,1055,False,ascii,1.0,LF,37,.rst,text/prs.fallenstein.rst,False,2026-06-12T15:44:00.766280+00:00
Open3D/docs/python_api_in/open3d.visualization.rst,2897,False,ascii,1.0,LF,83,.rst,text/prs.fallenstein.rst,False,2026-06-12T15:44:00.766280+00:00
Open3D/docs/python_api_in/open3d.visualization.tensorboard_plugin.summary.rst,305,False,ascii,1.0,LF,15,.rst,text/prs.fallenstein.rst,False,2026-06-12T15:44:00.766280+00:00
Open3D/docs/tutorial/reference.rst,3857,False,utf-8,0.8021,LF,33,.rst,text/prs.fallenstein.rst,False,2026-06-12T15:44:00.770435+00:00
Open3D/docs/tutorial/core/index.rst,59,False,ascii,1.0,LF,8,.rst,text/prs.fallenstein.rst,False,2026-06-12T15:44:00.770435+00:00
Open3D/docs/tutorial/data/index.rst,34643,False,ascii,1.0,LF,1045,.rst,text/prs.fallenstein.rst,False,2026-06-12T15:44:00.770435+00:00
Open3D/docs/tutorial/geometry/index.rst,439,False,ascii,1.0,LF,31,.rst,text/prs.fallenstein.rst,False,2026-06-12T15:44:00.770435+00:00
Open3D/docs/tutorial/geometry/uvmaps.rst,5394,False,ascii,1.0,LF,199,.rst,text/prs.fallenstein.rst,False,2026-06-12T15:44:00.770435+00:00
Open3D/docs/tutorial/pipelines/index.rst,247,False,ascii,1.0,LF,14,.rst,text/prs.fallenstein.rst,False,2026-06-12T15:44:00.770435+00:00
Open3D/docs/tutorial/reconstruction_system/capture_your_own_dataset.rst,2701,False,utf-8,0.8363,LF,79,.rst,text/prs.fallenstein.rst,False,2026-06-12T15:44:00.770435+00:00
Open3D/docs/tutorial/reconstruction_system/index.rst,478,False,ascii,1.0,LF,17,.rst,text/prs.fallenstein.rst,False,2026-06-12T15:44:00.770435+00:00
Open3D/docs/tutorial/reconstruction_system/integrate_scene.rst,2225,False,ascii,1.0,LF,55,.rst,text/prs.fallenstein.rst,False,2026-06-12T15:44:00.770435+00:00
Open3D/docs/tutorial/reconstruction_system/make_fragments.rst,6812,False,ascii,1.0,LF,166,.rst,text/prs.fallenstein.rst,False,2026-06-12T15:44:00.770435+00:00
Open3D/docs/tutorial/reconstruction_system/refine_registration.rst,3558,False,ascii,1.0,LF,87,.rst,text/prs.fallenstein.rst,False,2026-06-12T15:44:00.770435+00:00
Open3D/docs/tutorial/reconstruction_system/register_fragments.rst,5311,False,ascii,1.0,LF,129,.rst,text/prs.fallenstein.rst,False,2026-06-12T15:44:00.770435+00:00
Open3D/docs/tutorial/reconstruction_system/system_overview.rst,5033,False,ascii,1.0,LF,120,.rst,text/prs.fallenstein.rst,False,2026-06-12T15:44:00.770435+00:00
Open3D/docs/tutorial/sensor/azure_kinect.rst,6351,False,ascii,1.0,LF,172,.rst,text/prs.fallenstein.rst,False,2026-06-12T15:44:00.770435+00:00
Open3D/docs/tutorial/sensor/index.rst,60,False,ascii,1.0,LF,7,.rst,text/prs.fallenstein.rst,False,2026-06-12T15:44:00.770435+00:00
Open3D/docs/tutorial/sensor/realsense.rst,10287,False,ascii,1.0,LF,264,.rst,text/prs.fallenstein.rst,False,2026-06-12T15:44:00.770435+00:00
Open3D/docs/tutorial/t_geometry/index.rst,88,False,ascii,1.0,LF,8,.rst,text/prs.fallenstein.rst,False,2026-06-12T15:44:00.770435+00:00
Open3D/docs/tutorial/t_pipelines/index.rst,116,False,ascii,1.0,LF,10,.rst,text/prs.fallenstein.rst,False,2026-06-12T15:44:00.770435+00:00
Open3D/docs/tutorial/t_reconstruction_system/customized_integration.rst,2456,False,ascii,1.0,LF,49,.rst,text/prs.fallenstein.rst,False,2026-06-12T15:44:00.770435+00:00
Open3D/docs/tutorial/t_reconstruction_system/dense_slam.rst,3821,False,ascii,1.0,LF,51,.rst,text/prs.fallenstein.rst,False,2026-06-12T15:44:00.770435+00:00
Open3D/docs/tutorial/t_reconstruction_system/index.rst,3866,False,ascii,1.0,LF,98,.rst,text/prs.fallenstein.rst,False,2026-06-12T15:44:00.770435+00:00
Open3D/docs/tutorial/t_reconstruction_system/integration.rst,3704,False,ascii,1.0,LF,76,.rst,text/prs.fallenstein.rst,False,2026-06-12T15:44:00.770435+00:00
Open3D/docs/tutorial/t_reconstruction_system/ray_casting.rst,1866,False,ascii,1.0,LF,38,.rst,text/prs.fallenstein.rst,False,2026-06-12T15:44:00.770435+00:00
Open3D/docs/tutorial/t_reconstruction_system/voxel_block_grid.rst,2373,False,ascii,1.0,LF,34,.rst,text/prs.fallenstein.rst,False,2026-06-12T15:44:00.770435+00:00
Open3D/docs/tutorial/visualization/cpu_rendering.rst,4045,False,ascii,1.0,LF,104,.rst,text/prs.fallenstein.rst,False,2026-06-12T15:44:00.770435+00:00
Open3D/docs/tutorial/visualization/customized_visualization.rst,9642,False,ascii,1.0,LF,180,.rst,text/prs.fallenstein.rst,False,2026-06-12T15:44:00.770435+00:00
Open3D/docs/tutorial/visualization/headless_rendering.rst,6669,False,ascii,1.0,LF,189,.rst,text/prs.fallenstein.rst,False,2026-06-12T15:44:00.770435+00:00
Open3D/docs/tutorial/visualization/index.rst,273,False,ascii,1.0,LF,15,.rst,text/prs.fallenstein.rst,False,2026-06-12T15:44:00.770435+00:00
Open3D/docs/tutorial/visualization/interactive_visualization.rst,5993,False,ascii,1.0,LF,133,.rst,text/prs.fallenstein.rst,False,2026-06-12T15:44:00.770435+00:00
Open3D/docs/tutorial/visualization/non_blocking_visualization.rst,3898,False,ascii,1.0,LF,89,.rst,text/prs.fallenstein.rst,False,2026-06-12T15:44:00.770435+00:00
Open3D/docs/tutorial/visualization/tensorboard_plugin.rst,91,False,ascii,1.0,LF,4,.rst,text/prs.fallenstein.rst,False,2026-06-12T15:44:00.770435+00:00
Open3D/docs/tutorial/visualization/web_visualizer.rst,11395,False,ascii,1.0,LF,286,.rst,text/prs.fallenstein.rst,False,2026-06-12T15:44:00.774589+00:00
Open3D/examples/CMakeLists.txt,22,False,ascii,1.0,LF,1,.txt,text/plain,False,2026-06-12T15:44:00.774589+00:00
Open3D/examples/cmake/open3d-cmake-external-project/CMakeLists.txt,2290,False,ascii,1.0,LF,55,.txt,text/plain,False,2026-06-12T15:44:00.774589+00:00
Open3D/examples/cmake/open3d-cmake-external-project/Draw.cpp,907,False,ascii,1.0,LF,26,.cpp,text/x-c++src,False,2026-06-12T15:44:00.774589+00:00
Open3D/examples/cmake/open3d-cmake-external-project/README.md,1548,False,ascii,1.0,LF,56,.md,text/markdown,False,2026-06-12T15:44:00.774589+00:00
Open3D/examples/cmake/open3d-cmake-find-package/CMakeLists.txt,1758,False,ascii,1.0,LF,41,.txt,text/plain,False,2026-06-12T15:44:00.774589+00:00
Open3D/examples/cmake/open3d-cmake-find-package/Draw.cpp,907,False,ascii,1.0,LF,26,.cpp,text/x-c++src,False,2026-06-12T15:44:00.774589+00:00
Open3D/examples/cmake/open3d-cmake-find-package/README.md,2220,False,ascii,1.0,LF,75,.md,text/markdown,False,2026-06-12T15:44:00.774589+00:00
Open3D/examples/cpp/AzureKinectMKVReader.cpp,6457,False,ascii,1.0,LF,186,.cpp,text/x-c++src,False,2026-06-12T15:44:00.774589+00:00
Open3D/examples/cpp/AzureKinectRecord.cpp,5728,False,ascii,1.0,LF,159,.cpp,text/x-c++src,False,2026-06-12T15:44:00.774589+00:00
Open3D/examples/cpp/AzureKinectViewer.cpp,3739,False,ascii,1.0,LF,113,.cpp,text/x-c++src,False,2026-06-12T15:44:00.774589+00:00
Open3D/examples/cpp/CMakeLists.txt,4455,False,ascii,1.0,LF,123,.txt,text/plain,False,2026-06-12T15:44:00.774589+00:00
Open3D/examples/cpp/CameraPoseTrajectory.cpp,2447,False,ascii,1.0,LF,69,.cpp,text/x-c++src,False,2026-06-12T15:44:00.774589+00:00
Open3D/examples/cpp/ColorMapOptimization.cpp,3296,False,ascii,1.0,LF,78,.cpp,text/x-c++src,False,2026-06-12T15:44:00.774589+00:00
Open3D/examples/cpp/DepthCapture.cpp,4925,False,ascii,1.0,LF,128,.cpp,text/x-c++src,False,2026-06-12T15:44:00.774589+00:00
Open3D/examples/cpp/Draw.cpp,11346,False,ascii,1.0,LF,255,.cpp,text/x-c++src,False,2026-06-12T15:44:00.774589+00:00
Open3D/examples/cpp/DrawWebRTC.cpp,4886,False,ascii,1.0,LF,120,.cpp,text/x-c++src,False,2026-06-12T15:44:00.774589+00:00
Open3D/examples/cpp/EvaluatePCDMatch.cpp,7211,False,ascii,1.0,LF,166,.cpp,text/x-c++src,False,2026-06-12T15:44:00.774589+00:00
Open3D/examples/cpp/FileDialog.cpp,1418,False,ascii,1.0,LF,43,.cpp,text/x-c++src,False,2026-06-12T15:44:00.774589+00:00
Open3D/examples/cpp/FileSystem.cpp,2887,False,ascii,1.0,LF,77,.cpp,text/x-c++src,False,2026-06-12T15:44:00.774589+00:00
Open3D/examples/cpp/Flann.cpp,3431,False,ascii,1.0,LF,97,.cpp,text/x-c++src,False,2026-06-12T15:44:00.774589+00:00
Open3D/examples/cpp/GaussianSplat.cpp,4314,False,ascii,1.0,LF,112,.cpp,text/x-c++src,False,2026-06-12T15:44:00.774589+00:00
Open3D/examples/cpp/GeneralizedICP.cpp,3497,False,ascii,1.0,LF,98,.cpp,text/x-c++src,False,2026-06-12T15:44:00.774589+00:00
Open3D/examples/cpp/ISSKeypoints.cpp,2809,False,ascii,1.0,LF,82,.cpp,text/x-c++src,False,2026-06-12T15:44:00.774589+00:00
Open3D/examples/cpp/Image.cpp,6440,False,ascii,1.0,LF,147,.cpp,text/x-c++src,False,2026-06-12T15:44:00.774589+00:00
Open3D/examples/cpp/IntegrateRGBD.cpp,6158,False,ascii,1.0,LF,127,.cpp,text/x-c++src,False,2026-06-12T15:44:00.774589+00:00
Open3D/examples/cpp/LineSet.cpp,3954,False,ascii,1.0,LF,91,.cpp,text/x-c++src,False,2026-06-12T15:44:00.774589+00:00
Open3D/examples/cpp/Log.cpp,1747,False,ascii,1.0,LF,43,.cpp,text/x-c++src,False,2026-06-12T15:44:00.774589+00:00
Open3D/examples/cpp/MultipleWindows.cpp,6252,False,ascii,1.0,LF,161,.cpp,text/x-c++src,False,2026-06-12T15:44:00.774589+00:00
Open3D/examples/cpp/Octree.cpp,3438,False,ascii,1.0,LF,95,.cpp,text/x-c++src,False,2026-06-12T15:44:00.774589+00:00
Open3D/examples/cpp/OdometryRGBD.cpp,4916,False,ascii,1.0,LF,110,.cpp,text/x-c++src,False,2026-06-12T15:44:00.774589+00:00
Open3D/examples/cpp/OfflineSLAM.cpp,9549,False,ascii,1.0,LF,210,.cpp,text/x-c++src,False,2026-06-12T15:44:00.774589+00:00
Open3D/examples/cpp/OffscreenRendering.cpp,2675,False,ascii,1.0,LF,64,.cpp,text/x-c++src,False,2026-06-12T15:44:00.774589+00:00
Open3D/examples/cpp/OnlineSLAMRGBD.cpp,7553,False,ascii,1.0,LF,196,.cpp,text/x-c++src,False,2026-06-12T15:44:00.774589+00:00
Open3D/examples/cpp/OnlineSLAMRealSense.cpp,5371,False,ascii,1.0,LF,152,.cpp,text/x-c++src,False,2026-06-12T15:44:00.778744+00:00
Open3D/examples/cpp/OnlineSLAMUtil.h,32762,False,ascii,1.0,LF,756,.h,text/x-chdr,False,2026-06-12T15:44:00.778744+00:00
Open3D/examples/cpp/OpenMP.cpp,9927,False,ascii,1.0,LF,328,.cpp,text/x-c++src,False,2026-06-12T15:44:00.778744+00:00
Open3D/examples/cpp/PCDFileFormat.cpp,1816,False,ascii,1.0,LF,51,.cpp,text/x-c++src,False,2026-06-12T15:44:00.778744+00:00
Open3D/examples/cpp/PlanarPatchDetection.cpp,4062,False,ascii,1.0,LF,101,.cpp,text/x-c++src,False,2026-06-12T15:44:00.778744+00:00
Open3D/examples/cpp/PointCloud.cpp,7199,False,ascii,1.0,LF,199,.cpp,text/x-c++src,False,2026-06-12T15:44:00.778744+00:00
Open3D/examples/cpp/PoseGraph.cpp,3314,False,ascii,1.0,LF,78,.cpp,text/x-c++src,False,2026-06-12T15:44:00.778744+00:00
Open3D/examples/cpp/ProgramOptions.cpp,2097,False,ascii,1.0,LF,58,.cpp,text/x-c++src,False,2026-06-12T15:44:00.778744+00:00
Open3D/examples/cpp/RGBDOdometry.cpp,3143,False,ascii,1.0,LF,78,.cpp,text/x-c++src,False,2026-06-12T15:44:00.778744+00:00
Open3D/examples/cpp/RealSenseBagReader.cpp,8697,False,ascii,1.0,LF,234,.cpp,text/x-c++src,False,2026-06-12T15:44:00.778744+00:00
Open3D/examples/cpp/RealSenseRecorder.cpp,6892,False,ascii,1.0,LF,183,.cpp,text/x-c++src,False,2026-06-12T15:44:00.778744+00:00
Open3D/examples/cpp/RegistrationColoredICP.cpp,3489,False,ascii,1.0,LF,98,.cpp,text/x-c++src,False,2026-06-12T15:44:00.778744+00:00
Open3D/examples/cpp/RegistrationDopplerICP.cpp,7509,False,ascii,1.0,LF,190,.cpp,text/x-c++src,False,2026-06-12T15:44:00.778744+00:00
Open3D/examples/cpp/RegistrationFGR.cpp,4255,False,ascii,1.0,LF,103,.cpp,text/x-c++src,False,2026-06-12T15:44:00.778744+00:00
Open3D/examples/cpp/RegistrationRANSAC.cpp,8486,False,ascii,1.0,LF,199,.cpp,text/x-c++src,False,2026-06-12T15:44:00.778744+00:00
Open3D/examples/cpp/SLAC.cpp,6100,False,ascii,1.0,LF,146,.cpp,text/x-c++src,False,2026-06-12T15:44:00.778744+00:00
Open3D/examples/cpp/SLACIntegrate.cpp,8401,False,ascii,1.0,LF,193,.cpp,text/x-c++src,False,2026-06-12T15:44:00.778744+00:00
Open3D/examples/cpp/SYCLDemo.cpp,494,False,ascii,1.0,LF,13,.cpp,text/x-c++src,False,2026-06-12T15:44:00.778744+00:00
Open3D/examples/cpp/TICP.cpp,10736,False,ascii,1.0,LF,271,.cpp,text/x-c++src,False,2026-06-12T15:44:00.778744+00:00
Open3D/examples/cpp/TICPSequential.cpp,31530,False,ascii,1.0,LF,713,.cpp,text/x-c++src,False,2026-06-12T15:44:00.778744+00:00
Open3D/examples/cpp/TIntegrateRGBD.cpp,8634,False,ascii,1.0,LF,210,.cpp,text/x-c++src,False,2026-06-12T15:44:00.778744+00:00
Open3D/examples/cpp/TOdometryRGBD.cpp,5993,False,ascii,1.0,LF,139,.cpp,text/x-c++src,False,2026-06-12T15:44:00.778744+00:00
Open3D/examples/cpp/TriangleMesh.cpp,8975,False,ascii,1.0,LF,202,.cpp,text/x-c++src,False,2026-06-12T15:44:00.778744+00:00
Open3D/examples/cpp/TrimMeshBasedOnPointCloud.cpp,5243,False,ascii,1.0,LF,127,.cpp,text/x-c++src,False,2026-06-12T15:44:00.778744+00:00
Open3D/examples/cpp/ViewDistances.cpp,3860,False,ascii,1.0,LF,92,.cpp,text/x-c++src,False,2026-06-12T15:44:00.778744+00:00
Open3D/examples/cpp/ViewPCDMatch.cpp,5353,False,ascii,1.0,LF,134,.cpp,text/x-c++src,False,2026-06-12T15:44:00.778744+00:00
Open3D/examples/cpp/Visualizer.cpp,9037,False,ascii,1.0,LF,221,.cpp,text/x-c++src,False,2026-06-12T15:44:00.778744+00:00
Open3D/examples/cpp/Voxelization.cpp,1862,False,ascii,1.0,LF,53,.cpp,text/x-c++src,False,2026-06-12T15:44:00.778744+00:00
Open3D/examples/cpp/iterative_build_examples.cmake,771,False,ascii,1.0,LF,17,.cmake,,False,2026-06-12T15:44:00.778744+00:00
Open3D/examples/cpp/registration_example_util/TICPSequentialConfigKitti.txt,1565,False,ascii,1.0,LF,48,.txt,text/plain,False,2026-06-12T15:44:00.778744+00:00
Open3D/examples/cpp/registration_example_util/TICPSequentialConfigLyft.txt,1333,False,ascii,1.0,LF,45,.txt,text/plain,False,2026-06-12T15:44:00.778744+00:00
Open3D/examples/cpp/registration_example_util/download_kitti.py,8351,False,ascii,1.0,LF,235,.py,text/x-python,False,2026-06-12T15:44:00.778744+00:00
Open3D/examples/python/__init__.py,0,False,unknown,0.0,LF,0,.py,text/x-python,False,2026-06-12T15:44:00.778744+00:00
Open3D/examples/python/open3d_example.py,10798,False,ascii,1.0,LF,351,.py,text/x-python,False,2026-06-12T15:44:00.787053+00:00
Open3D/examples/python/benchmark/__init__.py,0,False,unknown,0.0,LF,0,.py,text/x-python,False,2026-06-12T15:44:00.778744+00:00
Open3D/examples/python/benchmark/benchmark_fgr.py,3411,False,ascii,1.0,LF,84,.py,text/x-python,False,2026-06-12T15:44:00.778744+00:00
Open3D/examples/python/benchmark/benchmark_nns.py,9164,False,ascii,1.0,LF,264,.py,text/x-python,False,2026-06-12T15:44:00.778744+00:00
Open3D/examples/python/benchmark/benchmark_pre.py,1647,False,ascii,1.0,LF,47,.py,text/x-python,False,2026-06-12T15:44:00.778744+00:00
Open3D/examples/python/benchmark/benchmark_ransac.py,3410,False,ascii,1.0,LF,84,.py,text/x-python,False,2026-06-12T15:44:00.778744+00:00
Open3D/examples/python/benchmark/benchmark_tsdf.py,2310,False,ascii,1.0,LF,66,.py,text/x-python,False,2026-06-12T15:44:00.778744+00:00
Open3D/examples/python/benchmark/benchmark_utils.py,3936,False,ascii,1.0,LF,136,.py,text/x-python,False,2026-06-12T15:44:00.782899+00:00
Open3D/examples/python/camera/camera_trajectory.py,1902,False,ascii,1.0,LF,44,.py,text/x-python,False,2026-06-12T15:44:00.782899+00:00
Open3D/examples/python/geometry/__init__.py,0,False,unknown,0.0,LF,0,.py,text/x-python,False,2026-06-12T15:44:00.782899+00:00
Open3D/examples/python/geometry/image_processing.py,2515,False,ascii,1.0,LF,69,.py,text/x-python,False,2026-06-12T15:44:00.782899+00:00
Open3D/examples/python/geometry/kd_tree_feature_matching.py,2136,False,ascii,1.0,LF,49,.py,text/x-python,False,2026-06-12T15:44:00.782899+00:00
Open3D/examples/python/geometry/kd_tree_search.py,1598,False,ascii,1.0,LF,47,.py,text/x-python,False,2026-06-12T15:44:00.782899+00:00
Open3D/examples/python/geometry/octree_find_leaf.py,1198,False,ascii,1.0,LF,27,.py,text/x-python,False,2026-06-12T15:44:00.782899+00:00
Open3D/examples/python/geometry/octree_from_voxel_grid.py,1288,False,ascii,1.0,LF,29,.py,text/x-python,False,2026-06-12T15:44:00.782899+00:00
Open3D/examples/python/geometry/octree_point_cloud.py,1144,False,ascii,1.0,LF,27,.py,text/x-python,False,2026-06-12T15:44:00.782899+00:00
Open3D/examples/python/geometry/octree_traversal.py,2404,False,ascii,1.0,LF,57,.py,text/x-python,False,2026-06-12T15:44:00.782899+00:00
Open3D/examples/python/geometry/point_cloud_bounding_box.py,1118,False,ascii,1.0,LF,24,.py,text/x-python,False,2026-06-12T15:44:00.782899+00:00
Open3D/examples/python/geometry/point_cloud_convex_hull.py,871,False,ascii,1.0,LF,21,.py,text/x-python,False,2026-06-12T15:44:00.782899+00:00
Open3D/examples/python/geometry/point_cloud_crop.py,1142,False,ascii,1.0,LF,24,.py,text/x-python,False,2026-06-12T15:44:00.782899+00:00
Open3D/examples/python/geometry/point_cloud_dbscan_clustering.py,1222,False,ascii,1.0,LF,28,.py,text/x-python,False,2026-06-12T15:44:00.782899+00:00
Open3D/examples/python/geometry/point_cloud_distance.py,1090,False,ascii,1.0,LF,26,.py,text/x-python,False,2026-06-12T15:44:00.782899+00:00
Open3D/examples/python/geometry/point_cloud_farthest_point_sampling.py,806,False,ascii,1.0,LF,19,.py,text/x-python,False,2026-06-12T15:44:00.782899+00:00
Open3D/examples/python/geometry/point_cloud_hidden_point_removal.py,1251,False,ascii,1.0,LF,31,.py,text/x-python,False,2026-06-12T15:44:00.782899+00:00
Open3D/examples/python/geometry/point_cloud_iss_keypoint_detector.py,1049,False,ascii,1.0,LF,26,.py,text/x-python,False,2026-06-12T15:44:00.782899+00:00
Open3D/examples/python/geometry/point_cloud_normal_estimation.py,1074,False,ascii,1.0,LF,28,.py,text/x-python,False,2026-06-12T15:44:00.782899+00:00
Open3D/examples/python/geometry/point_cloud_outlier_removal_radius.py,1439,False,ascii,1.0,LF,37,.py,text/x-python,False,2026-06-12T15:44:00.782899+00:00
Open3D/examples/python/geometry/point_cloud_outlier_removal_statistical.py,1510,False,ascii,1.0,LF,38,.py,text/x-python,False,2026-06-12T15:44:00.782899+00:00
Open3D/examples/python/geometry/point_cloud_paint.py,897,False,ascii,1.0,LF,20,.py,text/x-python,False,2026-06-12T15:44:00.782899+00:00
Open3D/examples/python/geometry/point_cloud_plane_segmentation.py,1263,False,ascii,1.0,LF,25,.py,text/x-python,False,2026-06-12T15:44:00.782899+00:00
Open3D/examples/python/geometry/point_cloud_to_depth.py,1474,False,ascii,1.0,LF,32,.py,text/x-python,False,2026-06-12T15:44:00.782899+00:00
Open3D/examples/python/geometry/point_cloud_to_rgbd.py,1640,False,ascii,1.0,LF,36,.py,text/x-python,False,2026-06-12T15:44:00.782899+00:00
Open3D/examples/python/geometry/point_cloud_transformation.py,2904,False,ascii,1.0,LF,94,.py,text/x-python,False,2026-06-12T15:44:00.782899+00:00
Open3D/examples/python/geometry/point_cloud_voxel_downsampling.py,942,False,ascii,1.0,LF,20,.py,text/x-python,False,2026-06-12T15:44:00.782899+00:00
Open3D/examples/python/geometry/point_cloud_with_numpy.py,1583,False,ascii,1.0,LF,37,.py,text/x-python,False,2026-06-12T15:44:00.782899+00:00
Open3D/examples/python/geometry/ray_casting_closest_geometry.py,2279,False,ascii,1.0,LF,55,.py,text/x-python,False,2026-06-12T15:44:00.782899+00:00
Open3D/examples/python/geometry/ray_casting_sdf.py,1751,False,ascii,1.0,LF,47,.py,text/x-python,False,2026-06-12T15:44:00.782899+00:00
Open3D/examples/python/geometry/ray_casting_to_image.py,1624,False,ascii,1.0,LF,42,.py,text/x-python,False,2026-06-12T15:44:00.782899+00:00
Open3D/examples/python/geometry/rgbd_datasets.py,3884,False,ascii,1.0,LF,105,.py,text/x-python,False,2026-06-12T15:44:00.782899+00:00
Open3D/examples/python/geometry/triangle_mesh_connected_components.py,1952,False,ascii,1.0,LF,49,.py,text/x-python,False,2026-06-12T15:44:00.782899+00:00
Open3D/examples/python/geometry/triangle_mesh_cropping.py,1203,False,ascii,1.0,LF,28,.py,text/x-python,False,2026-06-12T15:44:00.782899+00:00
Open3D/examples/python/geometry/triangle_mesh_deformation.py,3176,False,ascii,1.0,LF,88,.py,text/x-python,False,2026-06-12T15:44:00.782899+00:00
Open3D/examples/python/geometry/triangle_mesh_filtering_average.py,3336,False,ascii,1.0,LF,85,.py,text/x-python,False,2026-06-12T15:44:00.782899+00:00
Open3D/examples/python/geometry/triangle_mesh_from_point_cloud_alpha_shapes.py,1066,False,ascii,1.0,LF,25,.py,text/x-python,False,2026-06-12T15:44:00.782899+00:00
Open3D/examples/python/geometry/triangle_mesh_from_point_cloud_ball_pivoting.py,1018,False,ascii,1.0,LF,24,.py,text/x-python,False,2026-06-12T15:44:00.782899+00:00
Open3D/examples/python/geometry/triangle_mesh_from_point_cloud_poisson.py,964,False,ascii,1.0,LF,23,.py,text/x-python,False,2026-06-12T15:44:00.782899+00:00
Open3D/examples/python/geometry/triangle_mesh_normal_estimation.py,980,False,ascii,1.0,LF,23,.py,text/x-python,False,2026-06-12T15:44:00.782899+00:00
Open3D/examples/python/geometry/triangle_mesh_project_to_albedo.py,8574,False,ascii,1.0,LF,203,.py,text/x-python,False,2026-06-12T15:44:00.782899+00:00
Open3D/examples/python/geometry/triangle_mesh_properties.py,3311,False,ascii,1.0,LF,77,.py,text/x-python,False,2026-06-12T15:44:00.782899+00:00
Open3D/examples/python/geometry/triangle_mesh_sampling.py,998,False,ascii,1.0,LF,24,.py,text/x-python,False,2026-06-12T15:44:00.782899+00:00
Open3D/examples/python/geometry/triangle_mesh_simplification_decimation.py,1106,False,ascii,1.0,LF,26,.py,text/x-python,False,2026-06-12T15:44:00.782899+00:00
Open3D/examples/python/geometry/triangle_mesh_simplification_vertex_clustering.py,1374,False,ascii,1.0,LF,30,.py,text/x-python,False,2026-06-12T15:44:00.782899+00:00
Open3D/examples/python/geometry/triangle_mesh_subdivision.py,922,False,ascii,1.0,LF,20,.py,text/x-python,False,2026-06-12T15:44:00.782899+00:00
Open3D/examples/python/geometry/triangle_mesh_transformation.py,2591,False,ascii,1.0,LF,86,.py,text/x-python,False,2026-06-12T15:44:00.787053+00:00
Open3D/examples/python/geometry/triangle_mesh_with_numpy.py,1757,False,ascii,1.0,LF,43,.py,text/x-python,False,2026-06-12T15:44:00.787053+00:00
Open3D/examples/python/geometry/voxel_grid_carving.py,3667,False,ascii,1.0,LF,110,.py,text/x-python,False,2026-06-12T15:44:00.787053+00:00
Open3D/examples/python/geometry/voxel_grid_from_point_cloud.py,1200,False,ascii,1.0,LF,28,.py,text/x-python,False,2026-06-12T15:44:00.787053+00:00
Open3D/examples/python/geometry/voxel_grid_from_triangle_mesh.py,964,False,ascii,1.0,LF,25,.py,text/x-python,False,2026-06-12T15:44:00.787053+00:00
Open3D/examples/python/io/image_io.py,714,False,ascii,1.0,LF,16,.py,text/x-python,False,2026-06-12T15:44:00.787053+00:00
Open3D/examples/python/io/model_io.py,1963,False,ascii,1.0,LF,62,.py,text/x-python,False,2026-06-12T15:44:00.787053+00:00
Open3D/examples/python/io/point_cloud_io.py,753,False,ascii,1.0,LF,17,.py,text/x-python,False,2026-06-12T15:44:00.787053+00:00
Open3D/examples/python/io/realsense_io.py,5818,False,ascii,1.0,LF,162,.py,text/x-python,False,2026-06-12T15:44:00.787053+00:00
Open3D/examples/python/io/triangle_mesh_io.py,725,False,ascii,1.0,LF,16,.py,text/x-python,False,2026-06-12T15:44:00.787053+00:00
Open3D/examples/python/pipelines/__init__.py,0,False,unknown,0.0,LF,0,.py,text/x-python,False,2026-06-12T15:44:00.787053+00:00
Open3D/examples/python/pipelines/colored_icp_registration.py,2682,False,ascii,1.0,LF,63,.py,text/x-python,False,2026-06-12T15:44:00.787053+00:00
Open3D/examples/python/pipelines/doppler_icp_registration.py,8344,False,ascii,1.0,LF,235,.py,text/x-python,False,2026-06-12T15:44:00.787053+00:00
Open3D/examples/python/pipelines/icp_registration.py,2496,False,ascii,1.0,LF,61,.py,text/x-python,False,2026-06-12T15:44:00.787053+00:00
Open3D/examples/python/pipelines/multiway_registration.py,4967,False,ascii,1.0,LF,105,.py,text/x-python,False,2026-06-12T15:44:00.787053+00:00
Open3D/examples/python/pipelines/pose_graph_optimization.py,2037,False,ascii,1.0,LF,54,.py,text/x-python,False,2026-06-12T15:44:00.787053+00:00
Open3D/examples/python/pipelines/registration_fgr.py,3325,False,ascii,1.0,LF,84,.py,text/x-python,False,2026-06-12T15:44:00.787053+00:00
Open3D/examples/python/pipelines/registration_ransac.py,5680,False,ascii,1.0,LF,149,.py,text/x-python,False,2026-06-12T15:44:00.787053+00:00
Open3D/examples/python/pipelines/rgbd_integration_uniform.py,2178,False,ascii,1.0,LF,58,.py,text/x-python,False,2026-06-12T15:44:00.787053+00:00
Open3D/examples/python/pipelines/rgbd_odometry.py,2691,False,ascii,1.0,LF,57,.py,text/x-python,False,2026-06-12T15:44:00.787053+00:00
Open3D/examples/python/pipelines/robust_icp.py,2457,False,ascii,1.0,LF,62,.py,text/x-python,False,2026-06-12T15:44:00.787053+00:00
Open3D/examples/python/reconstruction_system/__init__.py,0,False,unknown,0.0,LF,0,.py,text/x-python,False,2026-06-12T15:44:00.787053+00:00
Open3D/examples/python/reconstruction_system/color_map_optimization_for_reconstruction_system.py,6241,False,ascii,1.0,LF,168,.py,text/x-python,False,2026-06-12T15:44:00.787053+00:00
Open3D/examples/python/reconstruction_system/data_loader.py,2463,False,ascii,1.0,LF,77,.py,text/x-python,False,2026-06-12T15:44:00.787053+00:00
Open3D/examples/python/reconstruction_system/initialize_config.py,5835,False,ascii,1.0,LF,132,.py,text/x-python,False,2026-06-12T15:44:00.791208+00:00
Open3D/examples/python/reconstruction_system/integrate_scene.py,3091,False,ascii,1.0,LF,74,.py,text/x-python,False,2026-06-12T15:44:00.791208+00:00
Open3D/examples/python/reconstruction_system/make_fragments.py,8901,False,ascii,1.0,LF,191,.py,text/x-python,False,2026-06-12T15:44:00.791208+00:00
Open3D/examples/python/reconstruction_system/opencv_pose_estimation.py,9541,False,ascii,1.0,LF,258,.py,text/x-python,False,2026-06-12T15:44:00.791208+00:00
Open3D/examples/python/reconstruction_system/optimize_posegraph.py,3140,False,ascii,1.0,LF,63,.py,text/x-python,False,2026-06-12T15:44:00.791208+00:00
Open3D/examples/python/reconstruction_system/refine_registration.py,10463,False,ascii,1.0,LF,234,.py,text/x-python,False,2026-06-12T15:44:00.791208+00:00
Open3D/examples/python/reconstruction_system/register_fragments.py,9050,False,ascii,1.0,LF,203,.py,text/x-python,False,2026-06-12T15:44:00.791208+00:00
Open3D/examples/python/reconstruction_system/run_system.py,5438,False,ascii,1.0,LF,149,.py,text/x-python,False,2026-06-12T15:44:00.791208+00:00
Open3D/examples/python/reconstruction_system/slac.py,4174,False,ascii,1.0,LF,102,.py,text/x-python,False,2026-06-12T15:44:00.791208+00:00
Open3D/examples/python/reconstruction_system/slac_integrate.py,5176,False,ascii,1.0,LF,120,.py,text/x-python,False,2026-06-12T15:44:00.791208+00:00
Open3D/examples/python/reconstruction_system/config/realsense.json,436,False,ascii,1.0,LF,14,.json,application/json,False,2026-06-12T15:44:00.787053+00:00
Open3D/examples/python/reconstruction_system/config/tutorial.json,495,False,ascii,1.0,LF,14,.json,application/json,False,2026-06-12T15:44:00.787053+00:00
Open3D/examples/python/reconstruction_system/debug/__init__.py,0,False,unknown,0.0,LF,0,.py,text/x-python,False,2026-06-12T15:44:00.787053+00:00
Open3D/examples/python/reconstruction_system/debug/pairwise_pc_alignment.py,1491,False,ascii,1.0,LF,36,.py,text/x-python,False,2026-06-12T15:44:00.787053+00:00
Open3D/examples/python/reconstruction_system/debug/pairwise_rgbd_alignment.py,2850,False,ascii,1.0,LF,69,.py,text/x-python,False,2026-06-12T15:44:00.787053+00:00
Open3D/examples/python/reconstruction_system/debug/visualize_alignment.py,4846,False,ascii,1.0,LF,107,.py,text/x-python,False,2026-06-12T15:44:00.787053+00:00
Open3D/examples/python/reconstruction_system/debug/visualize_fragments.py,1983,False,ascii,1.0,LF,50,.py,text/x-python,False,2026-06-12T15:44:00.787053+00:00
Open3D/examples/python/reconstruction_system/debug/visualize_pointcloud.py,4374,False,ascii,1.0,LF,97,.py,text/x-python,False,2026-06-12T15:44:00.787053+00:00
Open3D/examples/python/reconstruction_system/debug/visualize_scene.py,2629,False,ascii,1.0,LF,79,.py,text/x-python,False,2026-06-12T15:44:00.791208+00:00
Open3D/examples/python/reconstruction_system/sensors/__init__.py,0,False,unknown,0.0,LF,0,.py,text/x-python,False,2026-06-12T15:44:00.791208+00:00
Open3D/examples/python/reconstruction_system/sensors/azure_kinect_mkv_reader.py,4716,False,ascii,1.0,LF,138,.py,text/x-python,False,2026-06-12T15:44:00.791208+00:00
Open3D/examples/python/reconstruction_system/sensors/azure_kinect_recorder.py,4466,False,ascii,1.0,LF,127,.py,text/x-python,False,2026-06-12T15:44:00.791208+00:00
Open3D/examples/python/reconstruction_system/sensors/azure_kinect_viewer.py,2813,False,ascii,1.0,LF,81,.py,text/x-python,False,2026-06-12T15:44:00.791208+00:00
Open3D/examples/python/reconstruction_system/sensors/default_config.json,413,False,ascii,1.0,LF,11,.json,application/json,False,2026-06-12T15:44:00.791208+00:00
Open3D/examples/python/reconstruction_system/sensors/realsense_helper.py,1889,False,ascii,1.0,LF,44,.py,text/x-python,False,2026-06-12T15:44:00.791208+00:00
Open3D/examples/python/reconstruction_system/sensors/realsense_pcd_visualizer.py,4771,False,ascii,1.0,LF,141,.py,text/x-python,False,2026-06-12T15:44:00.791208+00:00
Open3D/examples/python/reconstruction_system/sensors/realsense_recorder.py,7534,False,ascii,1.0,LF,210,.py,text/x-python,False,2026-06-12T15:44:00.791208+00:00
Open3D/examples/python/t_reconstruction_system/common.py,8354,False,ascii,1.0,LF,239,.py,text/x-python,False,2026-06-12T15:44:00.791208+00:00
Open3D/examples/python/t_reconstruction_system/config.py,7942,False,ascii,1.0,LF,176,.py,text/x-python,False,2026-06-12T15:44:00.791208+00:00
Open3D/examples/python/t_reconstruction_system/default_config.yml,636,False,ascii,1.0,LF,28,.yml,application/yaml,False,2026-06-12T15:44:00.791208+00:00
Open3D/examples/python/t_reconstruction_system/default_intrinsics.json,125,False,ascii,1.0,LF,16,.json,application/json,False,2026-06-12T15:44:00.791208+00:00
Open3D/examples/python/t_reconstruction_system/dense_slam.py,4793,False,ascii,1.0,LF,113,.py,text/x-python,False,2026-06-12T15:44:00.791208+00:00
Open3D/examples/python/t_reconstruction_system/dense_slam_gui.py,19135,False,ascii,1.0,LF,471,.py,text/x-python,False,2026-06-12T15:44:00.791208+00:00
Open3D/examples/python/t_reconstruction_system/integrate.py,4410,False,ascii,1.0,LF,110,.py,text/x-python,False,2026-06-12T15:44:00.791208+00:00
Open3D/examples/python/t_reconstruction_system/integrate_custom.py,6894,False,ascii,1.0,LF,192,.py,text/x-python,False,2026-06-12T15:44:00.791208+00:00
Open3D/examples/python/t_reconstruction_system/pose_graph_optim.py,5507,False,ascii,1.0,LF,144,.py,text/x-python,False,2026-06-12T15:44:00.791208+00:00
Open3D/examples/python/t_reconstruction_system/ray_casting.py,4640,False,ascii,1.0,LF,111,.py,text/x-python,False,2026-06-12T15:44:00.791208+00:00
Open3D/examples/python/t_reconstruction_system/rgbd_odometry.py,7951,False,ascii,1.0,LF,197,.py,text/x-python,False,2026-06-12T15:44:00.791208+00:00
Open3D/examples/python/t_reconstruction_system/run_system.py,4823,False,ascii,1.0,LF,119,.py,text/x-python,False,2026-06-12T15:44:00.791208+00:00
Open3D/examples/python/t_reconstruction_system/split_fragments.py,2817,False,ascii,1.0,LF,77,.py,text/x-python,False,2026-06-12T15:44:00.791208+00:00
Open3D/examples/python/utility/__init__.py,0,False,unknown,0.0,LF,0,.py,text/x-python,False,2026-06-12T15:44:00.791208+00:00
Open3D/examples/python/utility/vector.py,2389,False,ascii,1.0,LF,78,.py,text/x-python,False,2026-06-12T15:44:00.791208+00:00
Open3D/examples/python/visualization/__init__.py,0,False,unknown,0.0,LF,0,.py,text/x-python,False,2026-06-12T15:44:00.791208+00:00
Open3D/examples/python/visualization/add_geometry.py,5520,False,ascii,1.0,LF,134,.py,text/x-python,False,2026-06-12T15:44:00.791208+00:00
Open3D/examples/python/visualization/all_widgets.py,19455,False,ascii,1.0,LF,471,.py,text/x-python,False,2026-06-12T15:44:00.791208+00:00
Open3D/examples/python/visualization/customized_visualization.py,6883,False,ascii,1.0,LF,176,.py,text/x-python,False,2026-06-12T15:44:00.791208+00:00
Open3D/examples/python/visualization/customized_visualization_key_action.py,2766,False,ascii,1.0,LF,85,.py,text/x-python,False,2026-06-12T15:44:00.791208+00:00
Open3D/examples/python/visualization/demo_scene.py,6679,False,ascii,1.0,LF,152,.py,text/x-python,False,2026-06-12T15:44:00.791208+00:00
Open3D/examples/python/visualization/draw.py,12357,False,ascii,1.0,LF,350,.py,text/x-python,False,2026-06-12T15:44:00.791208+00:00
Open3D/examples/python/visualization/draw_from_csv.py,7925,False,utf-8,0.8009,LF,215,.py,text/x-python,False,2026-06-12T15:44:00.795362+00:00
Open3D/examples/python/visualization/draw_webrtc.py,676,False,ascii,1.0,LF,15,.py,text/x-python,False,2026-06-12T15:44:00.795362+00:00
Open3D/examples/python/visualization/headless_rendering.py,3853,False,ascii,1.0,LF,92,.py,text/x-python,False,2026-06-12T15:44:00.795362+00:00
Open3D/examples/python/visualization/icon-32.png,711,True,,0.0,N/A,0,.png,image/png,False,2026-06-12T15:44:00.795362+00:00
Open3D/examples/python/visualization/icon-32@2x.png,1418,True,,0.0,N/A,0,.png,image/png,False,2026-06-12T15:44:00.795362+00:00
Open3D/examples/python/visualization/interactive_visualization.py,3830,False,ascii,1.0,LF,98,.py,text/x-python,False,2026-06-12T15:44:00.795362+00:00
Open3D/examples/python/visualization/line_width.py,1794,False,ascii,1.0,LF,48,.py,text/x-python,False,2026-06-12T15:44:00.795362+00:00
Open3D/examples/python/visualization/load_save_viewpoint.py,1283,False,ascii,1.0,LF,36,.py,text/x-python,False,2026-06-12T15:44:00.795362+00:00
Open3D/examples/python/visualization/mitsuba_material_estimation.py,8830,False,ascii,1.0,LF,236,.py,text/x-python,False,2026-06-12T15:44:00.795362+00:00
Open3D/examples/python/visualization/mouse_and_point_coord.py,5380,False,ascii,1.0,LF,122,.py,text/x-python,False,2026-06-12T15:44:00.795362+00:00
Open3D/examples/python/visualization/multiple_windows.py,4816,False,ascii,1.0,LF,120,.py,text/x-python,False,2026-06-12T15:44:00.795362+00:00
Open3D/examples/python/visualization/non_blocking_visualization.py,2178,False,ascii,1.0,LF,59,.py,text/x-python,False,2026-06-12T15:44:00.795362+00:00
Open3D/examples/python/visualization/non_english.py,19344,False,utf-8,0.8088,LF,467,.py,text/x-python,False,2026-06-12T15:44:00.795362+00:00
Open3D/examples/python/visualization/online_processing.py,23019,False,ascii,1.0,LF,536,.py,text/x-python,False,2026-06-12T15:44:00.795362+00:00
Open3D/examples/python/visualization/remote_visualizer.py,2570,False,ascii,1.0,LF,71,.py,text/x-python,False,2026-06-12T15:44:00.795362+00:00
Open3D/examples/python/visualization/remove_geometry.py,1778,False,ascii,1.0,LF,57,.py,text/x-python,False,2026-06-12T15:44:00.795362+00:00
Open3D/examples/python/visualization/render_to_image.py,2342,False,ascii,1.0,LF,67,.py,text/x-python,False,2026-06-12T15:44:00.795362+00:00
Open3D/examples/python/visualization/tensorboard_pytorch.py,7844,False,ascii,1.0,LF,187,.py,text/x-python,False,2026-06-12T15:44:00.795362+00:00
Open3D/examples/python/visualization/tensorboard_tensorflow.py,8649,False,ascii,1.0,LF,203,.py,text/x-python,False,2026-06-12T15:44:00.795362+00:00
Open3D/examples/python/visualization/text3d.py,2222,False,ascii,1.0,LF,67,.py,text/x-python,False,2026-06-12T15:44:00.795362+00:00
Open3D/examples/python/visualization/textured_mesh.py,1666,False,ascii,1.0,LF,42,.py,text/x-python,False,2026-06-12T15:44:00.795362+00:00
Open3D/examples/python/visualization/textured_model.py,1899,False,ascii,1.0,LF,51,.py,text/x-python,False,2026-06-12T15:44:00.795362+00:00
Open3D/examples/python/visualization/to_mitsuba.py,3448,False,ascii,1.0,LF,102,.py,text/x-python,False,2026-06-12T15:44:00.795362+00:00
Open3D/examples/python/visualization/video.py,4767,False,ascii,1.0,LF,126,.py,text/x-python,False,2026-06-12T15:44:00.795362+00:00
Open3D/examples/python/visualization/vis_gui.py,31464,False,ascii,1.0,LF,775,.py,text/x-python,False,2026-06-12T15:44:00.795362+00:00
Open3D/python/LICENSE.txt,1109,False,ascii,1.0,LF,22,.txt,text/plain,False,2026-06-12T15:44:00.795362+00:00
Open3D/python/MANIFEST.in,836,False,ascii,1.0,LF,30,.in,,False,2026-06-12T15:44:00.795362+00:00
Open3D/python/README.rst,1547,False,ascii,1.0,LF,59,.rst,text/prs.fallenstein.rst,False,2026-06-12T15:44:00.795362+00:00
Open3D/python/install.json,172,False,ascii,1.0,LF,5,.json,application/json,False,2026-06-12T15:44:00.795362+00:00
Open3D/python/open3d.json,60,False,ascii,1.0,LF,5,.json,application/json,False,2026-06-12T15:44:00.799517+00:00
Open3D/python/pyproject.toml,219,False,ascii,1.0,LF,10,.toml,,False,2026-06-12T15:44:00.807827+00:00
Open3D/python/requirements.txt,86,False,ascii,1.0,LF,6,.txt,text/plain,False,2026-06-12T15:44:00.807827+00:00
Open3D/python/requirements_build.txt,46,False,ascii,1.0,LF,3,.txt,text/plain,False,2026-06-12T15:44:00.807827+00:00
Open3D/python/requirements_jupyter_build.txt,139,False,ascii,1.0,LF,5,.txt,text/plain,False,2026-06-12T15:44:00.807827+00:00
Open3D/python/requirements_jupyter_install.txt,83,False,ascii,1.0,LF,2,.txt,text/plain,False,2026-06-12T15:44:00.807827+00:00
Open3D/python/requirements_style.txt,49,False,ascii,1.0,LF,3,.txt,text/plain,False,2026-06-12T15:44:00.807827+00:00
Open3D/python/requirements_sycl.txt,22,False,ascii,1.0,LF,1,.txt,text/plain,False,2026-06-12T15:44:00.807827+00:00
Open3D/python/requirements_test.txt,160,False,ascii,1.0,LF,7,.txt,text/plain,False,2026-06-12T15:44:00.807827+00:00
Open3D/python/setup.cfg,427,False,ascii,1.0,LF,9,.cfg,,False,2026-06-12T15:44:00.807827+00:00
Open3D/python/setup.py,7293,False,ascii,1.0,LF,198,.py,text/x-python,False,2026-06-12T15:44:00.807827+00:00
Open3D/python/benchmarks/open3d_benchmark.py,1522,False,ascii,1.0,LF,63,.py,text/x-python,False,2026-06-12T15:44:00.795362+00:00
Open3D/python/benchmarks/core/test_binary_ew.py,2935,False,ascii,1.0,LF,94,.py,text/x-python,False,2026-06-12T15:44:00.795362+00:00
Open3D/python/benchmarks/core/test_nns.py,5254,False,ascii,1.0,LF,144,.py,text/x-python,False,2026-06-12T15:44:00.795362+00:00
Open3D/python/benchmarks/core/test_unary_ew.py,4312,False,ascii,1.0,LF,159,.py,text/x-python,False,2026-06-12T15:44:00.795362+00:00
Open3D/python/js/amd-public-path.js,647,False,ascii,1.0,LF,8,.js,text/javascript,False,2026-06-12T15:44:00.795362+00:00
Open3D/python/js/package.json,1561,False,ascii,1.0,LF,57,.json,application/json,False,2026-06-12T15:44:00.799517+00:00
Open3D/python/js/webpack.config.js,2536,False,ascii,1.0,LF,72,.js,text/javascript,False,2026-06-12T15:44:00.799517+00:00
Open3D/python/js/lib/adapter.min.js,85652,False,ascii,1.0,LF,1,.js,text/javascript,False,2026-06-12T15:44:00.799517+00:00
Open3D/python/js/lib/extension.js,503,False,ascii,1.0,LF,19,.js,text/javascript,False,2026-06-12T15:44:00.799517+00:00
Open3D/python/js/lib/index.js,184,False,ascii,1.0,LF,3,.js,text/javascript,False,2026-06-12T15:44:00.799517+00:00
Open3D/python/js/lib/labplugin.js,334,False,ascii,1.0,LF,15,.js,text/javascript,False,2026-06-12T15:44:00.799517+00:00
Open3D/python/js/lib/web_visualizer.js,6027,False,ascii,1.0,LF,206,.js,text/javascript,False,2026-06-12T15:44:00.799517+00:00
Open3D/python/open3d/__init__.py,8608,False,ascii,1.0,LF,214,.py,text/x-python,False,2026-06-12T15:44:00.799517+00:00
Open3D/python/open3d/web_visualizer.py,6094,False,ascii,1.0,LF,151,.py,text/x-python,False,2026-06-12T15:44:00.807827+00:00
Open3D/python/open3d/ml/__init__.py,637,False,ascii,1.0,LF,18,.py,text/x-python,False,2026-06-12T15:44:00.799517+00:00
Open3D/python/open3d/ml/configs.py,606,False,ascii,1.0,LF,15,.py,text/x-python,False,2026-06-12T15:44:00.799517+00:00
Open3D/python/open3d/ml/datasets.py,608,False,ascii,1.0,LF,15,.py,text/x-python,False,2026-06-12T15:44:00.799517+00:00
Open3D/python/open3d/ml/utils.py,602,False,ascii,1.0,LF,15,.py,text/x-python,False,2026-06-12T15:44:00.803672+00:00
Open3D/python/open3d/ml/vis.py,598,False,ascii,1.0,LF,15,.py,text/x-python,False,2026-06-12T15:44:00.803672+00:00
Open3D/python/open3d/ml/contrib/__init__.py,552,False,ascii,1.0,LF,12,.py,text/x-python,False,2026-06-12T15:44:00.799517+00:00
Open3D/python/open3d/ml/tf/__init__.py,1474,False,ascii,1.0,LF,39,.py,text/x-python,False,2026-06-12T15:44:00.799517+00:00
Open3D/python/open3d/ml/tf/configs.py,635,False,ascii,1.0,LF,16,.py,text/x-python,False,2026-06-12T15:44:00.799517+00:00
Open3D/python/open3d/ml/tf/dataloaders.py,653,False,ascii,1.0,LF,16,.py,text/x-python,False,2026-06-12T15:44:00.799517+00:00
Open3D/python/open3d/ml/tf/datasets.py,670,False,ascii,1.0,LF,16,.py,text/x-python,False,2026-06-12T15:44:00.799517+00:00
Open3D/python/open3d/ml/tf/models.py,643,False,ascii,1.0,LF,16,.py,text/x-python,False,2026-06-12T15:44:00.799517+00:00
Open3D/python/open3d/ml/tf/modules.py,764,False,ascii,1.0,LF,18,.py,text/x-python,False,2026-06-12T15:44:00.799517+00:00
Open3D/python/open3d/ml/tf/pipelines.py,654,False,ascii,1.0,LF,16,.py,text/x-python,False,2026-06-12T15:44:00.799517+00:00
Open3D/python/open3d/ml/tf/vis.py,626,False,ascii,1.0,LF,16,.py,text/x-python,False,2026-06-12T15:44:00.799517+00:00
Open3D/python/open3d/ml/tf/layers/__init__.py,668,False,ascii,1.0,LF,14,.py,text/x-python,False,2026-06-12T15:44:00.799517+00:00
Open3D/python/open3d/ml/tf/ops/__init__.py,600,False,ascii,1.0,LF,13,.py,text/x-python,False,2026-06-12T15:44:00.799517+00:00
Open3D/python/open3d/ml/tf/python/layers/convolutions.py,33229,False,ascii,1.0,LF,816,.py,text/x-python,False,2026-06-12T15:44:00.799517+00:00
Open3D/python/open3d/ml/tf/python/layers/neighbor_search.py,15166,False,ascii,1.0,LF,382,.py,text/x-python,False,2026-06-12T15:44:00.799517+00:00
Open3D/python/open3d/ml/tf/python/layers/voxel_pooling.py,3647,False,ascii,1.0,LF,100,.py,text/x-python,False,2026-06-12T15:44:00.799517+00:00
Open3D/python/open3d/ml/tf/python/ops/gradients.py,10806,False,ascii,1.0,LF,277,.py,text/x-python,False,2026-06-12T15:44:00.799517+00:00
Open3D/python/open3d/ml/tf/python/ops/lib.py,1622,False,ascii,1.0,LF,44,.py,text/x-python,False,2026-06-12T15:44:00.799517+00:00
Open3D/python/open3d/ml/tf/python/ops/ops.py.in,1537,False,ascii,1.0,LF,29,.in,,False,2026-06-12T15:44:00.799517+00:00
Open3D/python/open3d/ml/torch/__init__.py,4277,False,ascii,1.0,LF,114,.py,text/x-python,False,2026-06-12T15:44:00.803672+00:00
Open3D/python/open3d/ml/torch/configs.py,635,False,ascii,1.0,LF,16,.py,text/x-python,False,2026-06-12T15:44:00.803672+00:00
Open3D/python/open3d/ml/torch/dataloaders.py,656,False,ascii,1.0,LF,16,.py,text/x-python,False,2026-06-12T15:44:00.803672+00:00
Open3D/python/open3d/ml/torch/datasets.py,670,False,ascii,1.0,LF,16,.py,text/x-python,False,2026-06-12T15:44:00.803672+00:00
Open3D/python/open3d/ml/torch/models.py,646,False,ascii,1.0,LF,16,.py,text/x-python,False,2026-06-12T15:44:00.803672+00:00
Open3D/python/open3d/ml/torch/modules.py,773,False,ascii,1.0,LF,18,.py,text/x-python,False,2026-06-12T15:44:00.803672+00:00
Open3D/python/open3d/ml/torch/pipelines.py,657,False,ascii,1.0,LF,16,.py,text/x-python,False,2026-06-12T15:44:00.803672+00:00
Open3D/python/open3d/ml/torch/vis.py,626,False,ascii,1.0,LF,16,.py,text/x-python,False,2026-06-12T15:44:00.803672+00:00
Open3D/python/open3d/ml/torch/classes/__init__.py,464,False,ascii,1.0,LF,8,.py,text/x-python,False,2026-06-12T15:44:00.803672+00:00
Open3D/python/open3d/ml/torch/classes/ragged_tensor.py,6810,False,ascii,1.0,LF,195,.py,text/x-python,False,2026-06-12T15:44:00.803672+00:00
Open3D/python/open3d/ml/torch/layers/__init__.py,661,False,ascii,1.0,LF,14,.py,text/x-python,False,2026-06-12T15:44:00.803672+00:00
Open3D/python/open3d/ml/torch/ops/__init__.py,559,False,ascii,1.0,LF,12,.py,text/x-python,False,2026-06-12T15:44:00.803672+00:00
Open3D/python/open3d/ml/torch/python/ops.py.in,1541,False,ascii,1.0,LF,30,.in,,False,2026-06-12T15:44:00.803672+00:00
Open3D/python/open3d/ml/torch/python/return_types.py.in,1541,False,ascii,1.0,LF,29,.in,,False,2026-06-12T15:44:00.803672+00:00
Open3D/python/open3d/ml/torch/python/layers/convolutions.py,30565,False,ascii,1.0,LF,740,.py,text/x-python,False,2026-06-12T15:44:00.803672+00:00
Open3D/python/open3d/ml/torch/python/layers/neighbor_search.py,14300,False,ascii,1.0,LF,364,.py,text/x-python,False,2026-06-12T15:44:00.803672+00:00
Open3D/python/open3d/ml/torch/python/layers/voxel_pooling.py,3730,False,ascii,1.0,LF,100,.py,text/x-python,False,2026-06-12T15:44:00.803672+00:00
Open3D/python/open3d/visualization/__init__.py,1002,False,ascii,1.0,LF,25,.py,text/x-python,False,2026-06-12T15:44:00.803672+00:00
Open3D/python/open3d/visualization/__main__.py,1134,False,ascii,1.0,LF,34,.py,text/x-python,False,2026-06-12T15:44:00.803672+00:00
Open3D/python/open3d/visualization/_external_visualizer.py,7953,False,ascii,1.0,LF,200,.py,text/x-python,False,2026-06-12T15:44:00.803672+00:00
Open3D/python/open3d/visualization/async_event_loop.py,3553,False,ascii,1.0,LF,92,.py,text/x-python,False,2026-06-12T15:44:00.803672+00:00
Open3D/python/open3d/visualization/draw.py,10474,False,ascii,1.0,LF,252,.py,text/x-python,False,2026-06-12T15:44:00.803672+00:00
Open3D/python/open3d/visualization/draw_plotly.py,13035,False,ascii,1.0,LF,327,.py,text/x-python,False,2026-06-12T15:44:00.803672+00:00
Open3D/python/open3d/visualization/to_mitsuba.py,5219,False,ascii,1.0,LF,129,.py,text/x-python,False,2026-06-12T15:44:00.807827+00:00
Open3D/python/open3d/visualization/tensorboard_plugin/colormap.py,3988,False,ascii,1.0,LF,107,.py,text/x-python,False,2026-06-12T15:44:00.803672+00:00
Open3D/python/open3d/visualization/tensorboard_plugin/labellut.py,4035,False,ascii,1.0,LF,98,.py,text/x-python,False,2026-06-12T15:44:00.807827+00:00
Open3D/python/open3d/visualization/tensorboard_plugin/metadata.py,3491,False,ascii,1.0,LF,110,.py,text/x-python,False,2026-06-12T15:44:00.807827+00:00
Open3D/python/open3d/visualization/tensorboard_plugin/plugin.py,32367,False,ascii,1.0,LF,792,.py,text/x-python,False,2026-06-12T15:44:00.807827+00:00
Open3D/python/open3d/visualization/tensorboard_plugin/plugin_data.proto,4455,False,ascii,1.0,LF,123,.proto,,False,2026-06-12T15:44:00.807827+00:00
Open3D/python/open3d/visualization/tensorboard_plugin/plugin_data_pb2.py,9372,False,ascii,1.0,LF,148,.py,text/x-python,False,2026-06-12T15:44:00.807827+00:00
Open3D/python/open3d/visualization/tensorboard_plugin/summary.py,36325,False,ascii,1.0,LF,794,.py,text/x-python,False,2026-06-12T15:44:00.807827+00:00
Open3D/python/open3d/visualization/tensorboard_plugin/util.py,36319,False,ascii,1.0,LF,846,.py,text/x-python,False,2026-06-12T15:44:00.807827+00:00
Open3D/python/open3d/visualization/tensorboard_plugin/frontend/index.js,57567,False,utf-8,0.8002,LF,1334,.js,text/javascript,False,2026-06-12T15:44:00.807827+00:00
Open3D/python/open3d/visualization/tensorboard_plugin/frontend/style.css,7089,False,ascii,1.0,LF,339,.css,text/css,False,2026-06-12T15:44:00.807827+00:00
Open3D/python/test/conftest.py,403,False,ascii,1.0,LF,8,.py,text/x-python,False,2026-06-12T15:44:00.807827+00:00
Open3D/python/test/open3d_test.py,2044,False,ascii,1.0,LF,55,.py,text/x-python,False,2026-06-12T15:44:00.816136+00:00
Open3D/python/test/readme.md,274,False,ascii,1.0,LF,20,.md,text/markdown,False,2026-06-12T15:44:00.816136+00:00
Open3D/python/test/test_color_map_optimization.py,4269,False,ascii,1.0,LF,96,.py,text/x-python,False,2026-06-12T15:44:00.816136+00:00
Open3D/python/test/test_flags.py,812,False,ascii,1.0,LF,17,.py,text/x-python,False,2026-06-12T15:44:00.816136+00:00
Open3D/python/test/test_octree.py,4856,False,ascii,1.0,LF,142,.py,text/x-python,False,2026-06-12T15:44:00.816136+00:00
Open3D/python/test/test_open3d_eigen.py,6994,False,ascii,1.0,LF,191,.py,text/x-python,False,2026-06-12T15:44:00.816136+00:00
Open3D/python/test/core/test_core.py,60184,False,ascii,1.0,LF,1595,.py,text/x-python,False,2026-06-12T15:44:00.807827+00:00
Open3D/python/test/core/test_hashmap.py,7818,False,ascii,1.0,LF,195,.py,text/x-python,False,2026-06-12T15:44:00.807827+00:00
Open3D/python/test/core/test_linalg.py,20064,False,ascii,1.0,LF,506,.py,text/x-python,False,2026-06-12T15:44:00.807827+00:00
Open3D/python/test/core/test_nn.py,9104,False,ascii,1.0,LF,225,.py,text/x-python,False,2026-06-12T15:44:00.807827+00:00
Open3D/python/test/core/test_size_vector.py,4013,False,ascii,1.0,LF,112,.py,text/x-python,False,2026-06-12T15:44:00.811981+00:00
Open3D/python/test/core/test_sycl_utils.py,717,False,ascii,1.0,LF,21,.py,text/x-python,False,2026-06-12T15:44:00.811981+00:00
Open3D/python/test/core/test_tensor_function.py,13240,False,ascii,1.0,LF,364,.py,text/x-python,False,2026-06-12T15:44:00.811981+00:00
Open3D/python/test/core/test_torch_integration.py,3014,False,ascii,1.0,LF,99,.py,text/x-python,False,2026-06-12T15:44:00.811981+00:00
Open3D/python/test/data/test_data.py,39778,False,ascii,1.0,LF,1013,.py,text/x-python,False,2026-06-12T15:44:00.811981+00:00
Open3D/python/test/io/test_io.py,1388,False,ascii,1.0,LF,29,.py,text/x-python,False,2026-06-12T15:44:00.811981+00:00
Open3D/python/test/io/test_pathlib.py,733,False,ascii,1.0,LF,21,.py,text/x-python,False,2026-06-12T15:44:00.811981+00:00
Open3D/python/test/io/rpc/test_remote_functions.py,1691,False,ascii,1.0,LF,52,.py,text/x-python,False,2026-06-12T15:44:00.811981+00:00
Open3D/python/test/io/rpc/test_serialization.py,10049,False,ascii,1.0,LF,249,.py,text/x-python,False,2026-06-12T15:44:00.811981+00:00
Open3D/python/test/ml/test_contrib_iou.py,4332,False,ascii,1.0,LF,94,.py,text/x-python,False,2026-06-12T15:44:00.811981+00:00
Open3D/python/test/ml/test_contrib_subsample.py,12104,False,ascii,1.0,LF,239,.py,text/x-python,False,2026-06-12T15:44:00.811981+00:00
Open3D/python/test/ml_ops/cconv_python.py,34897,False,utf-8,0.8001,LF,875,.py,text/x-python,False,2026-06-12T15:44:00.811981+00:00
Open3D/python/test/ml_ops/check_gradients.py,5209,False,ascii,1.0,LF,156,.py,text/x-python,False,2026-06-12T15:44:00.811981+00:00
Open3D/python/test/ml_ops/mltest.py,10911,False,ascii,1.0,LF,292,.py,text/x-python,False,2026-06-12T15:44:00.811981+00:00
Open3D/python/test/ml_ops/particle_network_tf.py,7565,False,ascii,1.0,LF,182,.py,text/x-python,False,2026-06-12T15:44:00.811981+00:00
Open3D/python/test/ml_ops/test_cconv.py,18495,False,ascii,1.0,LF,430,.py,text/x-python,False,2026-06-12T15:44:00.811981+00:00
Open3D/python/test/ml_ops/test_cconv_python.py,12601,False,ascii,1.0,LF,266,.py,text/x-python,False,2026-06-12T15:44:00.811981+00:00
Open3D/python/test/ml_ops/test_cublas.py,1041,False,ascii,1.0,LF,33,.py,text/x-python,False,2026-06-12T15:44:00.811981+00:00
Open3D/python/test/ml_ops/test_fixed_radius_search.py,13498,False,ascii,1.0,LF,359,.py,text/x-python,False,2026-06-12T15:44:00.811981+00:00
Open3D/python/test/ml_ops/test_general_sparseconv.py,10846,False,ascii,1.0,LF,237,.py,text/x-python,False,2026-06-12T15:44:00.811981+00:00
Open3D/python/test/ml_ops/test_invert_neighbors_list.py,6454,False,ascii,1.0,LF,166,.py,text/x-python,False,2026-06-12T15:44:00.811981+00:00
Open3D/python/test/ml_ops/test_knn_search.py,8341,False,ascii,1.0,LF,244,.py,text/x-python,False,2026-06-12T15:44:00.811981+00:00
Open3D/python/test/ml_ops/test_nms.py,2261,False,ascii,1.0,LF,57,.py,text/x-python,False,2026-06-12T15:44:00.811981+00:00
Open3D/python/test/ml_ops/test_query_pts.py,1228,False,ascii,1.0,LF,36,.py,text/x-python,False,2026-06-12T15:44:00.811981+00:00
Open3D/python/test/ml_ops/test_radius_search.py,8671,False,ascii,1.0,LF,239,.py,text/x-python,False,2026-06-12T15:44:00.811981+00:00
Open3D/python/test/ml_ops/test_ragged_tensor.py,7509,False,ascii,1.0,LF,197,.py,text/x-python,False,2026-06-12T15:44:00.811981+00:00
Open3D/python/test/ml_ops/test_ragged_to_dense.py,3583,False,ascii,1.0,LF,99,.py,text/x-python,False,2026-06-12T15:44:00.811981+00:00
Open3D/python/test/ml_ops/test_reduce_subarrays_sum.py,2653,False,ascii,1.0,LF,81,.py,text/x-python,False,2026-06-12T15:44:00.816136+00:00
Open3D/python/test/ml_ops/test_roi_pool.py,1573,False,ascii,1.0,LF,42,.py,text/x-python,False,2026-06-12T15:44:00.816136+00:00
Open3D/python/test/ml_ops/test_sampling.py,1075,False,ascii,1.0,LF,31,.py,text/x-python,False,2026-06-12T15:44:00.816136+00:00
Open3D/python/test/ml_ops/test_sparseconv.py,22446,False,ascii,1.0,LF,542,.py,text/x-python,False,2026-06-12T15:44:00.816136+00:00
Open3D/python/test/ml_ops/test_subsampling.py,3047,False,ascii,1.0,LF,75,.py,text/x-python,False,2026-06-12T15:44:00.816136+00:00
Open3D/python/test/ml_ops/test_tf_training_graph_mode.py,5444,False,ascii,1.0,LF,139,.py,text/x-python,False,2026-06-12T15:44:00.816136+00:00
Open3D/python/test/ml_ops/test_three_interp.py,1353,False,ascii,1.0,LF,36,.py,text/x-python,False,2026-06-12T15:44:00.816136+00:00
Open3D/python/test/ml_ops/test_three_nn.py,1377,False,ascii,1.0,LF,37,.py,text/x-python,False,2026-06-12T15:44:00.816136+00:00
Open3D/python/test/ml_ops/test_voxel_pooling.py,5904,False,ascii,1.0,LF,169,.py,text/x-python,False,2026-06-12T15:44:00.816136+00:00
Open3D/python/test/ml_ops/test_voxelize.py,6681,False,ascii,1.0,LF,188,.py,text/x-python,False,2026-06-12T15:44:00.816136+00:00
Open3D/python/test/t/geometry/test_bounding_volume_ellipsoid.py,2380,False,utf-8,0.8014,LF,58,.py,text/x-python,False,2026-06-12T15:44:00.816136+00:00
Open3D/python/test/t/geometry/test_image.py,5374,False,ascii,1.0,LF,131,.py,text/x-python,False,2026-06-12T15:44:00.816136+00:00
Open3D/python/test/t/geometry/test_lineset.py,1945,False,ascii,1.0,LF,49,.py,text/x-python,False,2026-06-12T15:44:00.816136+00:00
Open3D/python/test/t/geometry/test_pointcloud.py,8568,False,ascii,1.0,LF,216,.py,text/x-python,False,2026-06-12T15:44:00.816136+00:00
Open3D/python/test/t/geometry/test_raycasting_scene.py,16724,False,ascii,1.0,LF,462,.py,text/x-python,False,2026-06-12T15:44:00.816136+00:00
Open3D/python/test/t/geometry/test_tensormap.py,10367,False,ascii,1.0,LF,315,.py,text/x-python,False,2026-06-12T15:44:00.816136+00:00
Open3D/python/test/t/geometry/test_trianglemesh.py,44051,False,ascii,1.0,LF,1414,.py,text/x-python,False,2026-06-12T15:44:00.816136+00:00
Open3D/python/test/t/io/test_noise.py,5357,False,ascii,1.0,LF,145,.py,text/x-python,False,2026-06-12T15:44:00.816136+00:00
Open3D/python/test/t/io/test_realsense.py,3943,False,ascii,1.0,LF,104,.py,text/x-python,False,2026-06-12T15:44:00.816136+00:00
Open3D/python/test/t/registration/test_registration.py,10695,False,ascii,1.0,LF,233,.py,text/x-python,False,2026-06-12T15:44:00.816136+00:00
Open3D/python/test/t/registration/test_transformation_estimation.py,5540,False,ascii,1.0,LF,132,.py,text/x-python,False,2026-06-12T15:44:00.816136+00:00
Open3D/python/test/visualization/test_cpu_rendering.py,1546,False,ascii,1.0,LF,39,.py,text/x-python,False,2026-06-12T15:44:00.820291+00:00
Open3D/python/test/visualization/test_tensorboard_plugin.py,20709,False,ascii,1.0,LF,467,.py,text/x-python,False,2026-06-12T15:44:00.820291+00:00
Open3D/python/tools/app.py,627,False,ascii,1.0,LF,22,.py,text/x-python,False,2026-06-12T15:44:00.820291+00:00
Open3D/python/tools/cli.py,12944,False,ascii,1.0,LF,375,.py,text/x-python,False,2026-06-12T15:44:00.820291+00:00
Open3D/util/check_cpp_style.cmake,2805,False,ascii,1.0,LF,91,.cmake,,False,2026-06-12T15:44:00.820291+00:00
Open3D/util/check_style.py,14707,False,ascii,1.0,LF,412,.py,text/x-python,False,2026-06-12T15:44:00.820291+00:00
Open3D/util/ci_utils.sh,17009,False,ascii,1.0,LF,454,.sh,text/x-sh,False,2026-06-12T15:44:00.820291+00:00
Open3D/util/gcloud_auto_clean.sh,424,False,ascii,1.0,LF,8,.sh,text/x-sh,False,2026-06-12T15:44:00.820291+00:00
Open3D/util/install_deps_ubuntu.sh,2089,False,ascii,1.0,LF,80,.sh,text/x-sh,False,2026-06-12T15:44:00.820291+00:00
Open3D/util/run_ci.sh,892,False,ascii,1.0,LF,38,.sh,text/x-sh,False,2026-06-12T15:44:00.820291+00:00
